profile_key,renewable_level,fossil_level,low_carbon_level,start_date,end_date,is_current
3,LOW,LOW,LOW,2026-06-02,,true
4,LOW,LOW,LOW,2026-06-02,,true
5,LOW,LOW,LOW,2026-06-02,,true
7,LOW,LOW,LOW,2026-06-02,,true
14,LOW,LOW,LOW,2026-06-02,,true
18,LOW,LOW,LOW,2026-06-02,,true
22,LOW,LOW,LOW,2026-06-02,,true
23,LOW,LOW,LOW,2026-06-02,,true
27,LOW,LOW,LOW,2026-06-02,,true
30,LOW,LOW,LOW,2026-06-02,,true
35,LOW,LOW,LOW,2026-06-02,,true
36,LOW,LOW,LOW,2026-06-02,,true
37,LOW,LOW,LOW,2026-06-02,,true
38,LOW,LOW,LOW,2026-06-02,,true
39,LOW,LOW,LOW,2026-06-02,,true
41,LOW,LOW,LOW,2026-06-02,,true
44,LOW,LOW,LOW,2026-06-02,,true
45,LOW,LOW,LOW,2026-06-02,,true
52,LOW,LOW,LOW,2026-06-02,,true
54,LOW,LOW,LOW,2026-06-02,,true
56,LOW,LOW,LOW,2026-06-02,,true
60,LOW,LOW,LOW,2026-06-02,,true
61,LOW,LOW,LOW,2026-06-02,,true
65,LOW,LOW,LOW,2026-06-02,,true
67,LOW,LOW,LOW,2026-06-02,,true
70,LOW,LOW,LOW,2026-06-02,,true
72,LOW,LOW,LOW,2026-06-02,,true
75,LOW,LOW,LOW,2026-06-02,,true
76,LOW,LOW,LOW,2026-06-02,,true
80,LOW,LOW,LOW,2026-06-02,,true
86,LOW,LOW,LOW,2026-06-02,,true
87,LOW,LOW,LOW,2026-06-02,,true
95,LOW,LOW,LOW,2026-06-02,,true
96,LOW,LOW,LOW,2026-06-02,,true
108,LOW,LOW,LOW,2026-06-02,,true
110,LOW,LOW,LOW,2026-06-02,,true
113,LOW,LOW,LOW,2026-06-02,,true
114,LOW,LOW,LOW,2026-06-02,,true
115,LOW,LOW,LOW,2026-06-02,,true
116,LOW,LOW,LOW,2026-06-02,,true
122,LOW,LOW,LOW,2026-06-02,,true
123,LOW,LOW,LOW,2026-06-02,,true
127,LOW,LOW,LOW,2026-06-02,,true
128,LOW,LOW,LOW,2026-06-02,,true
139,LOW,LOW,LOW,2026-06-02,,true
143,LOW,LOW,LOW,2026-06-02,,true
144,LOW,LOW,LOW,2026-06-02,,true
148,LOW,LOW,LOW,2026-06-02,,true
152,LOW,LOW,LOW,2026-06-02,,true
153,LOW,LOW,LOW,2026-06-02,,true
154,LOW,LOW,LOW,2026-06-02,,true
155,LOW,LOW,LOW,2026-06-02,,true
156,LOW,LOW,LOW,2026-06-02,,true
164,LOW,LOW,LOW,2026-06-02,,true
165,LOW,LOW,LOW,2026-06-02,,true
171,LOW,LOW,LOW,2026-06-02,,true
177,LOW,LOW,LOW,2026-06-02,,true
181,LOW,LOW,LOW,2026-06-02,,true
183,LOW,LOW,LOW,2026-06-02,,true
186,LOW,LOW,LOW,2026-06-02,,true
197,LOW,LOW,LOW,2026-06-02,,true
199,LOW,LOW,LOW,2026-06-02,,true
201,LOW,LOW,LOW,2026-06-02,,true
207,LOW,LOW,LOW,2026-06-02,,true
209,LOW,LOW,LOW,2026-06-02,,true
212,LOW,LOW,LOW,2026-06-02,,true
219,LOW,LOW,LOW,2026-06-02,,true
224,LOW,LOW,LOW,2026-06-02,,true
225,LOW,LOW,LOW,2026-06-02,,true
232,LOW,LOW,LOW,2026-06-02,,true
233,LOW,LOW,LOW,2026-06-02,,true
243,LOW,LOW,LOW,2026-06-02,,true
245,LOW,LOW,LOW,2026-06-02,,true
253,LOW,LOW,LOW,2026-06-02,,true
261,LOW,LOW,LOW,2026-06-02,,true
262,LOW,LOW,LOW,2026-06-02,,true
266,LOW,LOW,LOW,2026-06-02,,true
268,LOW,LOW,LOW,2026-06-02,,true
271,LOW,LOW,LOW,2026-06-02,,true
274,LOW,LOW,LOW,2026-06-02,,true
275,LOW,LOW,LOW,2026-06-02,,true
279,LOW,LOW,LOW,2026-06-02,,true
282,LOW,LOW,LOW,2026-06-02,,true
283,LOW,LOW,LOW,2026-06-02,,true
286,LOW,LOW,LOW,2026-06-02,,true
289,LOW,LOW,LOW,2026-06-02,,true
292,LOW,LOW,LOW,2026-06-02,,true
293,LOW,LOW,LOW,2026-06-02,,true
300,LOW,LOW,LOW,2026-06-02,,true
301,LOW,LOW,LOW,2026-06-02,,true
305,LOW,LOW,LOW,2026-06-02,,true
307,LOW,LOW,LOW,2026-06-02,,true
311,LOW,LOW,LOW,2026-06-02,,true
318,LOW,HIGH,LOW,2026-06-02,,true
319,LOW,HIGH,LOW,2026-06-02,,true
320,LOW,HIGH,LOW,2026-06-02,,true
322,LOW,HIGH,LOW,2026-06-02,,true
324,LOW,HIGH,LOW,2026-06-02,,true
329,LOW,HIGH,LOW,2026-06-02,,true
332,LOW,HIGH,LOW,2026-06-02,,true
333,LOW,HIGH,LOW,2026-06-02,,true
337,LOW,HIGH,LOW,2026-06-02,,true
338,LOW,HIGH,LOW,2026-06-02,,true
339,LOW,HIGH,LOW,2026-06-02,,true
342,LOW,HIGH,LOW,2026-06-02,,true
344,LOW,HIGH,LOW,2026-06-02,,true
349,LOW,HIGH,LOW,2026-06-02,,true
355,LOW,HIGH,LOW,2026-06-02,,true
358,LOW,HIGH,LOW,2026-06-02,,true
363,LOW,HIGH,LOW,2026-06-02,,true
365,LOW,HIGH,LOW,2026-06-02,,true
367,LOW,HIGH,LOW,2026-06-02,,true
368,LOW,HIGH,LOW,2026-06-02,,true
370,LOW,HIGH,LOW,2026-06-02,,true
373,LOW,HIGH,LOW,2026-06-02,,true
379,LOW,LOW,LOW,2026-06-02,,true
389,LOW,LOW,LOW,2026-06-02,,true
390,LOW,LOW,LOW,2026-06-02,,true
391,LOW,LOW,LOW,2026-06-02,,true
395,LOW,LOW,LOW,2026-06-02,,true
396,LOW,LOW,LOW,2026-06-02,,true
399,LOW,LOW,LOW,2026-06-02,,true
409,LOW,LOW,LOW,2026-06-02,,true
415,LOW,LOW,LOW,2026-06-02,,true
420,LOW,LOW,LOW,2026-06-02,,true
421,LOW,LOW,LOW,2026-06-02,,true
425,LOW,LOW,LOW,2026-06-02,,true
428,LOW,LOW,LOW,2026-06-02,,true
432,LOW,LOW,LOW,2026-06-02,,true
439,LOW,LOW,LOW,2026-06-02,,true
440,LOW,LOW,LOW,2026-06-02,,true
443,LOW,LOW,LOW,2026-06-02,,true
451,LOW,LOW,LOW,2026-06-02,,true
452,LOW,LOW,LOW,2026-06-02,,true
457,LOW,LOW,LOW,2026-06-02,,true
459,LOW,LOW,LOW,2026-06-02,,true
467,LOW,LOW,LOW,2026-06-02,,true
478,LOW,LOW,LOW,2026-06-02,,true
480,LOW,LOW,LOW,2026-06-02,,true
490,LOW,LOW,LOW,2026-06-02,,true
494,LOW,LOW,LOW,2026-06-02,,true
495,LOW,LOW,LOW,2026-06-02,,true
498,LOW,LOW,LOW,2026-06-02,,true
504,LOW,LOW,LOW,2026-06-02,,true
506,LOW,LOW,LOW,2026-06-02,,true
509,LOW,LOW,LOW,2026-06-02,,true
510,LOW,LOW,LOW,2026-06-02,,true
512,LOW,LOW,LOW,2026-06-02,,true
514,LOW,LOW,LOW,2026-06-02,,true
518,LOW,LOW,LOW,2026-06-02,,true
520,LOW,LOW,LOW,2026-06-02,,true
523,LOW,LOW,LOW,2026-06-02,,true
526,LOW,LOW,LOW,2026-06-02,,true
528,LOW,LOW,LOW,2026-06-02,,true
529,LOW,LOW,LOW,2026-06-02,,true
530,LOW,LOW,LOW,2026-06-02,,true
534,LOW,LOW,LOW,2026-06-02,,true
538,LOW,LOW,LOW,2026-06-02,,true
543,LOW,LOW,LOW,2026-06-02,,true
545,LOW,LOW,LOW,2026-06-02,,true
549,LOW,LOW,LOW,2026-06-02,,true
553,LOW,LOW,LOW,2026-06-02,,true
559,LOW,LOW,LOW,2026-06-02,,true
564,LOW,LOW,LOW,2026-06-02,,true
575,LOW,LOW,LOW,2026-06-02,,true
579,LOW,LOW,LOW,2026-06-02,,true
587,LOW,LOW,LOW,2026-06-02,,true
590,LOW,LOW,LOW,2026-06-02,,true
592,LOW,LOW,LOW,2026-06-02,,true
594,LOW,LOW,LOW,2026-06-02,,true
595,LOW,LOW,LOW,2026-06-02,,true
597,LOW,LOW,LOW,2026-06-02,,true
599,LOW,LOW,LOW,2026-06-02,,true
601,LOW,LOW,LOW,2026-06-02,,true
605,LOW,LOW,LOW,2026-06-02,,true
607,LOW,LOW,LOW,2026-06-02,,true
611,LOW,LOW,LOW,2026-06-02,,true
617,LOW,LOW,LOW,2026-06-02,,true
618,LOW,LOW,LOW,2026-06-02,,true
619,LOW,LOW,LOW,2026-06-02,,true
625,LOW,LOW,LOW,2026-06-02,,true
626,LOW,LOW,LOW,2026-06-02,,true
633,LOW,LOW,LOW,2026-06-02,,true
636,LOW,LOW,LOW,2026-06-02,,true
637,LOW,LOW,LOW,2026-06-02,,true
639,LOW,LOW,LOW,2026-06-02,,true
641,LOW,LOW,LOW,2026-06-02,,true
643,LOW,LOW,LOW,2026-06-02,,true
646,LOW,LOW,LOW,2026-06-02,,true
649,LOW,LOW,LOW,2026-06-02,,true
651,LOW,LOW,LOW,2026-06-02,,true
662,LOW,LOW,LOW,2026-06-02,,true
664,LOW,LOW,LOW,2026-06-02,,true
668,LOW,LOW,LOW,2026-06-02,,true
670,LOW,LOW,LOW,2026-06-02,,true
674,LOW,LOW,LOW,2026-06-02,,true
675,LOW,LOW,LOW,2026-06-02,,true
677,LOW,LOW,LOW,2026-06-02,,true
678,LOW,LOW,LOW,2026-06-02,,true
683,LOW,LOW,LOW,2026-06-02,,true
688,LOW,LOW,LOW,2026-06-02,,true
691,LOW,LOW,LOW,2026-06-02,,true
696,LOW,LOW,LOW,2026-06-02,,true
699,LOW,LOW,LOW,2026-06-02,,true
700,LOW,HIGH,LOW,2026-06-02,,true
704,LOW,HIGH,LOW,2026-06-02,,true
706,LOW,HIGH,LOW,2026-06-02,,true
708,LOW,HIGH,LOW,2026-06-02,,true
710,LOW,HIGH,LOW,2026-06-02,,true
714,LOW,HIGH,LOW,2026-06-02,,true
715,LOW,HIGH,LOW,2026-06-02,,true
720,LOW,HIGH,LOW,2026-06-02,,true
721,LOW,HIGH,LOW,2026-06-02,,true
725,LOW,HIGH,LOW,2026-06-02,,true
731,LOW,HIGH,LOW,2026-06-02,,true
733,LOW,HIGH,LOW,2026-06-02,,true
734,LOW,HIGH,LOW,2026-06-02,,true
736,LOW,HIGH,LOW,2026-06-02,,true
737,LOW,HIGH,LOW,2026-06-02,,true
745,LOW,HIGH,LOW,2026-06-02,,true
755,LOW,HIGH,LOW,2026-06-02,,true
764,LOW,LOW,LOW,2026-06-02,,true
769,LOW,LOW,LOW,2026-06-02,,true
770,LOW,LOW,LOW,2026-06-02,,true
773,LOW,LOW,LOW,2026-06-02,,true
776,LOW,LOW,LOW,2026-06-02,,true
778,LOW,LOW,LOW,2026-06-02,,true
780,LOW,LOW,LOW,2026-06-02,,true
789,LOW,LOW,LOW,2026-06-02,,true
790,LOW,LOW,LOW,2026-06-02,,true
791,LOW,LOW,LOW,2026-06-02,,true
792,LOW,LOW,LOW,2026-06-02,,true
795,LOW,LOW,LOW,2026-06-02,,true
799,LOW,LOW,LOW,2026-06-02,,true
805,LOW,LOW,LOW,2026-06-02,,true
813,LOW,LOW,LOW,2026-06-02,,true
815,LOW,LOW,LOW,2026-06-02,,true
816,LOW,LOW,LOW,2026-06-02,,true
818,LOW,LOW,LOW,2026-06-02,,true
824,LOW,LOW,LOW,2026-06-02,,true
826,LOW,LOW,LOW,2026-06-02,,true
827,LOW,LOW,LOW,2026-06-02,,true
829,LOW,LOW,LOW,2026-06-02,,true
830,LOW,LOW,LOW,2026-06-02,,true
832,LOW,LOW,LOW,2026-06-02,,true
836,LOW,LOW,LOW,2026-06-02,,true
837,LOW,LOW,LOW,2026-06-02,,true
839,LOW,LOW,LOW,2026-06-02,,true
841,LOW,LOW,LOW,2026-06-02,,true
845,LOW,LOW,LOW,2026-06-02,,true
847,LOW,LOW,LOW,2026-06-02,,true
853,LOW,LOW,LOW,2026-06-02,,true
858,LOW,LOW,LOW,2026-06-02,,true
859,LOW,LOW,LOW,2026-06-02,,true
861,LOW,LOW,LOW,2026-06-02,,true
862,LOW,LOW,LOW,2026-06-02,,true
863,LOW,LOW,LOW,2026-06-02,,true
865,LOW,LOW,LOW,2026-06-02,,true
866,LOW,LOW,LOW,2026-06-02,,true
867,LOW,LOW,LOW,2026-06-02,,true
870,LOW,LOW,LOW,2026-06-02,,true
871,LOW,LOW,LOW,2026-06-02,,true
872,LOW,LOW,LOW,2026-06-02,,true
883,LOW,LOW,LOW,2026-06-02,,true
893,LOW,LOW,LOW,2026-06-02,,true
900,LOW,HIGH,LOW,2026-06-02,,true
901,LOW,HIGH,LOW,2026-06-02,,true
903,LOW,HIGH,LOW,2026-06-02,,true
905,LOW,HIGH,LOW,2026-06-02,,true
908,LOW,HIGH,LOW,2026-06-02,,true
914,LOW,HIGH,LOW,2026-06-02,,true
915,LOW,HIGH,LOW,2026-06-02,,true
919,LOW,HIGH,LOW,2026-06-02,,true
930,LOW,HIGH,LOW,2026-06-02,,true
933,LOW,HIGH,LOW,2026-06-02,,true
936,LOW,HIGH,LOW,2026-06-02,,true
937,LOW,HIGH,LOW,2026-06-02,,true
944,LOW,HIGH,LOW,2026-06-02,,true
951,LOW,HIGH,LOW,2026-06-02,,true
952,LOW,HIGH,LOW,2026-06-02,,true
955,LOW,HIGH,LOW,2026-06-02,,true
957,LOW,HIGH,LOW,2026-06-02,,true
961,LOW,LOW,LOW,2026-06-02,,true
963,LOW,LOW,LOW,2026-06-02,,true
966,LOW,LOW,LOW,2026-06-02,,true
976,LOW,LOW,LOW,2026-06-02,,true
978,LOW,LOW,LOW,2026-06-02,,true
984,LOW,LOW,LOW,2026-06-02,,true
985,LOW,LOW,LOW,2026-06-02,,true
990,LOW,LOW,LOW,2026-06-02,,true
992,LOW,LOW,LOW,2026-06-02,,true
995,LOW,LOW,LOW,2026-06-02,,true
999,LOW,LOW,LOW,2026-06-02,,true
1011,LOW,LOW,LOW,2026-06-02,,true
1012,LOW,LOW,LOW,2026-06-02,,true
1017,LOW,LOW,LOW,2026-06-02,,true
1022,LOW,LOW,LOW,2026-06-02,,true
1023,LOW,LOW,LOW,2026-06-02,,true
1029,LOW,HIGH,LOW,2026-06-02,,true
1040,LOW,HIGH,LOW,2026-06-02,,true
1044,LOW,HIGH,LOW,2026-06-02,,true
1048,LOW,HIGH,LOW,2026-06-02,,true
1049,LOW,HIGH,LOW,2026-06-02,,true
1050,LOW,HIGH,LOW,2026-06-02,,true
1051,LOW,HIGH,LOW,2026-06-02,,true
1053,LOW,HIGH,LOW,2026-06-02,,true
1055,LOW,HIGH,LOW,2026-06-02,,true
1059,LOW,HIGH,LOW,2026-06-02,,true
1060,LOW,HIGH,LOW,2026-06-02,,true
1064,LOW,HIGH,LOW,2026-06-02,,true
1070,LOW,HIGH,LOW,2026-06-02,,true
1071,LOW,HIGH,LOW,2026-06-02,,true
1073,LOW,HIGH,LOW,2026-06-02,,true
1076,LOW,HIGH,LOW,2026-06-02,,true
1092,LOW,HIGH,LOW,2026-06-02,,true
1103,LOW,HIGH,LOW,2026-06-02,,true
1106,LOW,HIGH,LOW,2026-06-02,,true
1107,LOW,HIGH,LOW,2026-06-02,,true
1110,LOW,HIGH,LOW,2026-06-02,,true
1114,LOW,HIGH,LOW,2026-06-02,,true
1117,LOW,HIGH,LOW,2026-06-02,,true
1120,LOW,HIGH,LOW,2026-06-02,,true
1122,LOW,HIGH,LOW,2026-06-02,,true
1123,LOW,HIGH,LOW,2026-06-02,,true
1126,LOW,LOW,LOW,2026-06-02,,true
1128,LOW,LOW,LOW,2026-06-02,,true
1132,LOW,LOW,LOW,2026-06-02,,true
1133,LOW,LOW,LOW,2026-06-02,,true
1134,LOW,LOW,LOW,2026-06-02,,true
1147,LOW,LOW,LOW,2026-06-02,,true
1152,LOW,LOW,LOW,2026-06-02,,true
1159,LOW,LOW,LOW,2026-06-02,,true
1166,LOW,LOW,LOW,2026-06-02,,true
1169,LOW,LOW,LOW,2026-06-02,,true
1172,LOW,LOW,LOW,2026-06-02,,true
1173,LOW,LOW,LOW,2026-06-02,,true
1178,LOW,LOW,LOW,2026-06-02,,true
1189,LOW,LOW,LOW,2026-06-02,,true
1190,LOW,LOW,LOW,2026-06-02,,true
1194,LOW,LOW,LOW,2026-06-02,,true
1195,LOW,LOW,LOW,2026-06-02,,true
1198,LOW,LOW,LOW,2026-06-02,,true
1203,LOW,LOW,LOW,2026-06-02,,true
1204,LOW,LOW,LOW,2026-06-02,,true
1217,LOW,LOW,LOW,2026-06-02,,true
1221,LOW,LOW,LOW,2026-06-02,,true
1232,LOW,LOW,LOW,2026-06-02,,true
1238,LOW,LOW,LOW,2026-06-02,,true
1242,LOW,LOW,LOW,2026-06-02,,true
1244,LOW,LOW,LOW,2026-06-02,,true
1248,LOW,LOW,LOW,2026-06-02,,true
1250,LOW,LOW,LOW,2026-06-02,,true
1259,LOW,LOW,LOW,2026-06-02,,true
1266,LOW,LOW,LOW,2026-06-02,,true
1276,LOW,LOW,LOW,2026-06-02,,true
1282,LOW,LOW,LOW,2026-06-02,,true
1286,LOW,LOW,LOW,2026-06-02,,true
1287,LOW,LOW,LOW,2026-06-02,,true
1290,LOW,LOW,LOW,2026-06-02,,true
1291,LOW,LOW,LOW,2026-06-02,,true
1297,LOW,LOW,LOW,2026-06-02,,true
1298,LOW,LOW,LOW,2026-06-02,,true
1305,LOW,LOW,LOW,2026-06-02,,true
1306,LOW,LOW,LOW,2026-06-02,,true
1307,LOW,LOW,LOW,2026-06-02,,true
1308,LOW,LOW,LOW,2026-06-02,,true
1313,LOW,LOW,LOW,2026-06-02,,true
1315,LOW,LOW,LOW,2026-06-02,,true
1321,LOW,LOW,LOW,2026-06-02,,true
1323,LOW,LOW,LOW,2026-06-02,,true
1327,LOW,LOW,LOW,2026-06-02,,true
1328,LOW,LOW,LOW,2026-06-02,,true
1329,LOW,LOW,LOW,2026-06-02,,true
1338,LOW,LOW,LOW,2026-06-02,,true
1345,LOW,LOW,LOW,2026-06-02,,true
1349,LOW,LOW,LOW,2026-06-02,,true
1351,LOW,LOW,LOW,2026-06-02,,true
1356,LOW,LOW,LOW,2026-06-02,,true
1358,LOW,LOW,LOW,2026-06-02,,true
1367,LOW,LOW,LOW,2026-06-02,,true
1370,LOW,HIGH,LOW,2026-06-02,,true
1376,LOW,HIGH,LOW,2026-06-02,,true
1379,LOW,HIGH,LOW,2026-06-02,,true
1386,LOW,HIGH,LOW,2026-06-02,,true
1391,LOW,HIGH,LOW,2026-06-02,,true
1392,LOW,HIGH,LOW,2026-06-02,,true
1423,LOW,LOW,LOW,2026-06-02,,true
1424,LOW,LOW,LOW,2026-06-02,,true
1439,LOW,LOW,LOW,2026-06-02,,true
1441,LOW,LOW,LOW,2026-06-02,,true
1452,LOW,LOW,LOW,2026-06-02,,true
1457,LOW,LOW,LOW,2026-06-02,,true
1462,LOW,LOW,LOW,2026-06-02,,true
1465,LOW,LOW,LOW,2026-06-02,,true
1467,LOW,LOW,LOW,2026-06-02,,true
1468,LOW,LOW,LOW,2026-06-02,,true
1472,LOW,LOW,LOW,2026-06-02,,true
1478,LOW,LOW,LOW,2026-06-02,,true
1481,LOW,LOW,LOW,2026-06-02,,true
1483,LOW,LOW,LOW,2026-06-02,,true
1490,LOW,LOW,LOW,2026-06-02,,true
1498,LOW,LOW,LOW,2026-06-02,,true
1502,LOW,LOW,LOW,2026-06-02,,true
1504,LOW,LOW,LOW,2026-06-02,,true
1505,LOW,LOW,LOW,2026-06-02,,true
1511,LOW,LOW,LOW,2026-06-02,,true
1512,LOW,LOW,LOW,2026-06-02,,true
1513,LOW,LOW,LOW,2026-06-02,,true
1520,LOW,LOW,LOW,2026-06-02,,true
1525,LOW,LOW,LOW,2026-06-02,,true
1527,LOW,LOW,LOW,2026-06-02,,true
1528,LOW,LOW,LOW,2026-06-02,,true
1529,LOW,LOW,LOW,2026-06-02,,true
1533,LOW,LOW,LOW,2026-06-02,,true
1541,LOW,LOW,LOW,2026-06-02,,true
1542,LOW,LOW,LOW,2026-06-02,,true
1551,LOW,HIGH,LOW,2026-06-02,,true
1556,LOW,HIGH,LOW,2026-06-02,,true
1561,LOW,HIGH,LOW,2026-06-02,,true
1566,LOW,HIGH,LOW,2026-06-02,,true
1577,LOW,HIGH,LOW,2026-06-02,,true
1579,LOW,HIGH,LOW,2026-06-02,,true
1582,LOW,HIGH,LOW,2026-06-02,,true
1586,LOW,HIGH,LOW,2026-06-02,,true
1588,LOW,LOW,LOW,2026-06-02,,true
1589,LOW,LOW,LOW,2026-06-02,,true
1591,LOW,LOW,LOW,2026-06-02,,true
1597,LOW,LOW,LOW,2026-06-02,,true
1599,LOW,LOW,LOW,2026-06-02,,true
1614,LOW,LOW,LOW,2026-06-02,,true
1616,LOW,LOW,LOW,2026-06-02,,true
1618,LOW,LOW,LOW,2026-06-02,,true
1622,LOW,LOW,LOW,2026-06-02,,true
1623,LOW,LOW,LOW,2026-06-02,,true
1625,LOW,LOW,LOW,2026-06-02,,true
1628,LOW,LOW,LOW,2026-06-02,,true
1629,LOW,LOW,LOW,2026-06-02,,true
1630,LOW,LOW,LOW,2026-06-02,,true
1639,LOW,LOW,LOW,2026-06-02,,true
1641,LOW,LOW,LOW,2026-06-02,,true
1651,LOW,LOW,LOW,2026-06-02,,true
1655,LOW,HIGH,LOW,2026-06-02,,true
1658,LOW,HIGH,LOW,2026-06-02,,true
1660,LOW,HIGH,LOW,2026-06-02,,true
1661,LOW,HIGH,LOW,2026-06-02,,true
1662,LOW,HIGH,LOW,2026-06-02,,true
1665,LOW,HIGH,LOW,2026-06-02,,true
1668,LOW,HIGH,LOW,2026-06-02,,true
1669,LOW,HIGH,LOW,2026-06-02,,true
1672,LOW,HIGH,LOW,2026-06-02,,true
1678,LOW,HIGH,LOW,2026-06-02,,true
1679,LOW,HIGH,LOW,2026-06-02,,true
1687,LOW,HIGH,LOW,2026-06-02,,true
1690,LOW,HIGH,LOW,2026-06-02,,true
1698,LOW,HIGH,LOW,2026-06-02,,true
1703,LOW,HIGH,LOW,2026-06-02,,true
1704,LOW,HIGH,LOW,2026-06-02,,true
1716,LOW,LOW,LOW,2026-06-02,,true
1724,LOW,LOW,LOW,2026-06-02,,true
1725,LOW,LOW,LOW,2026-06-02,,true
1727,LOW,LOW,LOW,2026-06-02,,true
1746,LOW,LOW,LOW,2026-06-02,,true
1753,LOW,LOW,LOW,2026-06-02,,true
1766,LOW,LOW,LOW,2026-06-02,,true
1770,LOW,LOW,LOW,2026-06-02,,true
1774,LOW,LOW,LOW,2026-06-02,,true
1778,LOW,LOW,LOW,2026-06-02,,true
1782,LOW,LOW,LOW,2026-06-02,,true
1783,LOW,LOW,LOW,2026-06-02,,true
1788,LOW,LOW,LOW,2026-06-02,,true
1796,LOW,LOW,LOW,2026-06-02,,true
1797,LOW,LOW,LOW,2026-06-02,,true
1798,LOW,LOW,LOW,2026-06-02,,true
1803,LOW,LOW,LOW,2026-06-02,,true
1805,LOW,LOW,LOW,2026-06-02,,true
1806,LOW,LOW,LOW,2026-06-02,,true
1809,LOW,LOW,LOW,2026-06-02,,true
1811,LOW,LOW,LOW,2026-06-02,,true
1813,LOW,LOW,LOW,2026-06-02,,true
1822,LOW,LOW,LOW,2026-06-02,,true
1824,LOW,LOW,LOW,2026-06-02,,true
1828,LOW,LOW,LOW,2026-06-02,,true
1829,LOW,LOW,LOW,2026-06-02,,true
1833,LOW,LOW,LOW,2026-06-02,,true
1837,LOW,LOW,LOW,2026-06-02,,true
1838,LOW,LOW,LOW,2026-06-02,,true
1842,LOW,LOW,LOW,2026-06-02,,true
1843,LOW,LOW,LOW,2026-06-02,,true
1863,LOW,LOW,LOW,2026-06-02,,true
1864,LOW,LOW,LOW,2026-06-02,,true
1868,LOW,LOW,LOW,2026-06-02,,true
1870,LOW,LOW,LOW,2026-06-02,,true
1871,LOW,LOW,LOW,2026-06-02,,true
1873,LOW,LOW,LOW,2026-06-02,,true
1876,LOW,LOW,LOW,2026-06-02,,true
1884,LOW,LOW,LOW,2026-06-02,,true
1886,LOW,LOW,LOW,2026-06-02,,true
1888,LOW,LOW,LOW,2026-06-02,,true
1891,LOW,LOW,LOW,2026-06-02,,true
1892,LOW,LOW,LOW,2026-06-02,,true
1893,LOW,LOW,LOW,2026-06-02,,true
1898,LOW,LOW,LOW,2026-06-02,,true
1902,LOW,LOW,LOW,2026-06-02,,true
1908,LOW,LOW,LOW,2026-06-02,,true
1914,LOW,LOW,LOW,2026-06-02,,true
1916,LOW,LOW,LOW,2026-06-02,,true
1920,LOW,LOW,LOW,2026-06-02,,true
1921,LOW,LOW,LOW,2026-06-02,,true
1931,LOW,LOW,LOW,2026-06-02,,true
1932,LOW,LOW,LOW,2026-06-02,,true
1933,LOW,LOW,LOW,2026-06-02,,true
1938,LOW,LOW,LOW,2026-06-02,,true
1939,LOW,LOW,LOW,2026-06-02,,true
1940,LOW,LOW,LOW,2026-06-02,,true
1945,LOW,LOW,LOW,2026-06-02,,true
1948,LOW,LOW,LOW,2026-06-02,,true
1955,LOW,LOW,LOW,2026-06-02,,true
1967,LOW,LOW,LOW,2026-06-02,,true
1976,LOW,LOW,LOW,2026-06-02,,true
1980,LOW,LOW,LOW,2026-06-02,,true
1982,LOW,LOW,LOW,2026-06-02,,true
1983,LOW,LOW,LOW,2026-06-02,,true
1985,LOW,LOW,LOW,2026-06-02,,true
1996,LOW,LOW,LOW,2026-06-02,,true
1999,LOW,LOW,LOW,2026-06-02,,true
2005,LOW,LOW,LOW,2026-06-02,,true
2009,LOW,LOW,LOW,2026-06-02,,true
2015,LOW,LOW,LOW,2026-06-02,,true
2017,LOW,LOW,LOW,2026-06-02,,true
2019,LOW,LOW,LOW,2026-06-02,,true
2021,LOW,LOW,LOW,2026-06-02,,true
2025,LOW,LOW,LOW,2026-06-02,,true
2029,LOW,LOW,LOW,2026-06-02,,true
2031,LOW,LOW,LOW,2026-06-02,,true
2034,LOW,LOW,LOW,2026-06-02,,true
2040,LOW,LOW,LOW,2026-06-02,,true
2051,LOW,LOW,LOW,2026-06-02,,true
2056,LOW,LOW,LOW,2026-06-02,,true
2057,LOW,LOW,LOW,2026-06-02,,true
2060,LOW,LOW,LOW,2026-06-02,,true
2061,LOW,LOW,LOW,2026-06-02,,true
2063,LOW,LOW,LOW,2026-06-02,,true
2068,LOW,LOW,LOW,2026-06-02,,true
2073,LOW,LOW,LOW,2026-06-02,,true
2079,LOW,LOW,LOW,2026-06-02,,true
2103,LOW,LOW,LOW,2026-06-02,,true
2114,LOW,LOW,LOW,2026-06-02,,true
2122,LOW,LOW,LOW,2026-06-02,,true
2123,LOW,LOW,LOW,2026-06-02,,true
2124,LOW,LOW,LOW,2026-06-02,,true
2125,LOW,LOW,LOW,2026-06-02,,true
2126,LOW,LOW,LOW,2026-06-02,,true
2127,LOW,LOW,LOW,2026-06-02,,true
2128,LOW,LOW,LOW,2026-06-02,,true
2130,LOW,LOW,LOW,2026-06-02,,true
2131,LOW,LOW,LOW,2026-06-02,,true
2135,LOW,LOW,LOW,2026-06-02,,true
2151,LOW,LOW,LOW,2026-06-02,,true
2153,LOW,LOW,LOW,2026-06-02,,true
2158,LOW,LOW,LOW,2026-06-02,,true
2160,LOW,LOW,LOW,2026-06-02,,true
2185,LOW,LOW,LOW,2026-06-02,,true
2188,LOW,LOW,LOW,2026-06-02,,true
2192,LOW,LOW,LOW,2026-06-02,,true
2198,LOW,LOW,LOW,2026-06-02,,true
2202,LOW,LOW,LOW,2026-06-02,,true
2206,LOW,LOW,LOW,2026-06-02,,true
2208,LOW,LOW,LOW,2026-06-02,,true
2212,LOW,LOW,LOW,2026-06-02,,true
2220,LOW,LOW,LOW,2026-06-02,,true
2222,LOW,LOW,LOW,2026-06-02,,true
2223,LOW,LOW,LOW,2026-06-02,,true
2233,LOW,LOW,LOW,2026-06-02,,true
2234,LOW,LOW,LOW,2026-06-02,,true
2237,LOW,LOW,LOW,2026-06-02,,true
2243,LOW,LOW,LOW,2026-06-02,,true
2252,LOW,HIGH,LOW,2026-06-02,,true
2253,LOW,HIGH,LOW,2026-06-02,,true
2254,LOW,HIGH,LOW,2026-06-02,,true
2261,LOW,HIGH,LOW,2026-06-02,,true
2267,LOW,HIGH,LOW,2026-06-02,,true
2268,LOW,HIGH,LOW,2026-06-02,,true
2269,LOW,HIGH,LOW,2026-06-02,,true
2273,LOW,HIGH,LOW,2026-06-02,,true
2274,LOW,HIGH,LOW,2026-06-02,,true
2278,LOW,HIGH,LOW,2026-06-02,,true
2280,LOW,HIGH,LOW,2026-06-02,,true
2281,LOW,HIGH,LOW,2026-06-02,,true
2286,LOW,HIGH,LOW,2026-06-02,,true
2288,LOW,HIGH,LOW,2026-06-02,,true
2290,LOW,HIGH,LOW,2026-06-02,,true
2291,LOW,HIGH,LOW,2026-06-02,,true
2296,LOW,HIGH,LOW,2026-06-02,,true
2300,LOW,HIGH,LOW,2026-06-02,,true
2304,HIGH,LOW,HIGH,2026-06-02,,true
2311,LOW,LOW,LOW,2026-06-02,,true
2318,LOW,LOW,LOW,2026-06-02,,true
2328,LOW,LOW,LOW,2026-06-02,,true
2330,LOW,LOW,LOW,2026-06-02,,true
2331,LOW,LOW,LOW,2026-06-02,,true
2332,LOW,LOW,LOW,2026-06-02,,true
2340,LOW,LOW,LOW,2026-06-02,,true
2341,LOW,LOW,LOW,2026-06-02,,true
2344,LOW,LOW,LOW,2026-06-02,,true
2376,LOW,LOW,LOW,2026-06-02,,true
2383,LOW,LOW,LOW,2026-06-02,,true
2386,LOW,LOW,LOW,2026-06-02,,true
2394,LOW,LOW,LOW,2026-06-02,,true
2395,LOW,LOW,LOW,2026-06-02,,true
2396,LOW,LOW,LOW,2026-06-02,,true
2398,LOW,LOW,LOW,2026-06-02,,true
2401,LOW,LOW,LOW,2026-06-02,,true
2403,LOW,LOW,LOW,2026-06-02,,true
2404,LOW,LOW,LOW,2026-06-02,,true
2423,LOW,LOW,LOW,2026-06-02,,true
2427,LOW,LOW,LOW,2026-06-02,,true
2429,LOW,LOW,LOW,2026-06-02,,true
2433,LOW,LOW,LOW,2026-06-02,,true
2438,LOW,LOW,LOW,2026-06-02,,true
2442,LOW,LOW,LOW,2026-06-02,,true
2443,LOW,LOW,LOW,2026-06-02,,true
2449,LOW,LOW,LOW,2026-06-02,,true
2453,LOW,LOW,LOW,2026-06-02,,true
2455,LOW,LOW,LOW,2026-06-02,,true
2460,LOW,LOW,LOW,2026-06-02,,true
2461,LOW,LOW,LOW,2026-06-02,,true
2465,LOW,LOW,LOW,2026-06-02,,true
2469,LOW,LOW,LOW,2026-06-02,,true
2477,LOW,LOW,LOW,2026-06-02,,true
2482,LOW,LOW,LOW,2026-06-02,,true
2483,LOW,LOW,LOW,2026-06-02,,true
2490,LOW,LOW,LOW,2026-06-02,,true
2492,LOW,LOW,LOW,2026-06-02,,true
2495,LOW,LOW,LOW,2026-06-02,,true
2502,LOW,LOW,LOW,2026-06-02,,true
2503,LOW,LOW,LOW,2026-06-02,,true
2505,LOW,LOW,LOW,2026-06-02,,true
2515,LOW,LOW,LOW,2026-06-02,,true
2516,LOW,LOW,LOW,2026-06-02,,true
2527,LOW,LOW,LOW,2026-06-02,,true
2532,LOW,LOW,LOW,2026-06-02,,true
2534,LOW,LOW,LOW,2026-06-02,,true
2535,LOW,LOW,LOW,2026-06-02,,true
2540,LOW,HIGH,LOW,2026-06-02,,true
2546,LOW,HIGH,LOW,2026-06-02,,true
2556,LOW,HIGH,LOW,2026-06-02,,true
2558,LOW,HIGH,LOW,2026-06-02,,true
2559,LOW,HIGH,LOW,2026-06-02,,true
2560,LOW,HIGH,LOW,2026-06-02,,true
2563,LOW,HIGH,LOW,2026-06-02,,true
2564,LOW,HIGH,LOW,2026-06-02,,true
2567,LOW,HIGH,LOW,2026-06-02,,true
2571,LOW,HIGH,LOW,2026-06-02,,true
2576,LOW,HIGH,LOW,2026-06-02,,true
2578,LOW,HIGH,LOW,2026-06-02,,true
2579,LOW,HIGH,LOW,2026-06-02,,true
2582,LOW,HIGH,LOW,2026-06-02,,true
2600,LOW,LOW,LOW,2026-06-02,,true
2609,LOW,LOW,LOW,2026-06-02,,true
2614,LOW,LOW,LOW,2026-06-02,,true
2615,LOW,LOW,LOW,2026-06-02,,true
2617,LOW,LOW,LOW,2026-06-02,,true
2618,LOW,LOW,LOW,2026-06-02,,true
2622,LOW,LOW,LOW,2026-06-02,,true
2625,LOW,LOW,LOW,2026-06-02,,true
2630,LOW,LOW,LOW,2026-06-02,,true
2634,LOW,LOW,LOW,2026-06-02,,true
2644,LOW,LOW,LOW,2026-06-02,,true
2645,LOW,LOW,LOW,2026-06-02,,true
2647,LOW,LOW,LOW,2026-06-02,,true
2656,LOW,LOW,LOW,2026-06-02,,true
2662,LOW,LOW,LOW,2026-06-02,,true
2667,LOW,LOW,LOW,2026-06-02,,true
2672,LOW,LOW,LOW,2026-06-02,,true
2674,LOW,LOW,LOW,2026-06-02,,true
2698,LOW,LOW,LOW,2026-06-02,,true
2702,LOW,LOW,LOW,2026-06-02,,true
2705,LOW,LOW,LOW,2026-06-02,,true
2706,LOW,LOW,LOW,2026-06-02,,true
2715,LOW,LOW,LOW,2026-06-02,,true
2723,LOW,LOW,LOW,2026-06-02,,true
2724,LOW,LOW,LOW,2026-06-02,,true
2730,LOW,LOW,LOW,2026-06-02,,true
2737,LOW,LOW,LOW,2026-06-02,,true
2738,LOW,LOW,LOW,2026-06-02,,true
2746,LOW,LOW,LOW,2026-06-02,,true
2748,LOW,LOW,LOW,2026-06-02,,true
2754,LOW,LOW,LOW,2026-06-02,,true
2755,LOW,LOW,LOW,2026-06-02,,true
2756,LOW,LOW,LOW,2026-06-02,,true
2757,LOW,LOW,LOW,2026-06-02,,true
2762,LOW,LOW,LOW,2026-06-02,,true
2763,LOW,LOW,LOW,2026-06-02,,true
2766,LOW,LOW,LOW,2026-06-02,,true
2769,LOW,LOW,LOW,2026-06-02,,true
2770,LOW,LOW,LOW,2026-06-02,,true
2771,LOW,LOW,LOW,2026-06-02,,true
2777,LOW,LOW,LOW,2026-06-02,,true
2779,LOW,LOW,LOW,2026-06-02,,true
2782,LOW,LOW,LOW,2026-06-02,,true
2787,LOW,LOW,LOW,2026-06-02,,true
2798,LOW,LOW,LOW,2026-06-02,,true
2813,LOW,LOW,LOW,2026-06-02,,true
2816,LOW,LOW,LOW,2026-06-02,,true
2818,LOW,LOW,LOW,2026-06-02,,true
2823,LOW,LOW,LOW,2026-06-02,,true
2825,LOW,LOW,LOW,2026-06-02,,true
2830,LOW,LOW,LOW,2026-06-02,,true
2833,LOW,LOW,LOW,2026-06-02,,true
2835,LOW,LOW,LOW,2026-06-02,,true
2841,LOW,LOW,LOW,2026-06-02,,true
2848,LOW,LOW,LOW,2026-06-02,,true
2850,LOW,LOW,LOW,2026-06-02,,true
2856,LOW,LOW,LOW,2026-06-02,,true
2857,LOW,LOW,LOW,2026-06-02,,true
2862,LOW,LOW,LOW,2026-06-02,,true
2872,LOW,LOW,LOW,2026-06-02,,true
2880,LOW,LOW,LOW,2026-06-02,,true
2881,LOW,LOW,LOW,2026-06-02,,true
2883,LOW,LOW,LOW,2026-06-02,,true
2885,LOW,LOW,LOW,2026-06-02,,true
2889,LOW,LOW,LOW,2026-06-02,,true
2898,LOW,LOW,LOW,2026-06-02,,true
2901,LOW,LOW,LOW,2026-06-02,,true
2905,LOW,LOW,LOW,2026-06-02,,true
2906,LOW,LOW,LOW,2026-06-02,,true
2909,LOW,LOW,LOW,2026-06-02,,true
2916,LOW,LOW,LOW,2026-06-02,,true
2919,LOW,LOW,LOW,2026-06-02,,true
2920,LOW,LOW,LOW,2026-06-02,,true
2922,LOW,LOW,LOW,2026-06-02,,true
2924,LOW,LOW,LOW,2026-06-02,,true
2930,LOW,LOW,LOW,2026-06-02,,true
2933,LOW,LOW,LOW,2026-06-02,,true
2938,LOW,LOW,LOW,2026-06-02,,true
2947,LOW,LOW,LOW,2026-06-02,,true
2949,LOW,LOW,LOW,2026-06-02,,true
2953,LOW,LOW,LOW,2026-06-02,,true
2956,LOW,LOW,LOW,2026-06-02,,true
2959,LOW,LOW,LOW,2026-06-02,,true
2965,LOW,LOW,LOW,2026-06-02,,true
2969,LOW,LOW,LOW,2026-06-02,,true
2972,LOW,LOW,LOW,2026-06-02,,true
2978,LOW,LOW,LOW,2026-06-02,,true
2980,LOW,LOW,LOW,2026-06-02,,true
2987,LOW,LOW,LOW,2026-06-02,,true
2994,LOW,LOW,LOW,2026-06-02,,true
3000,LOW,LOW,LOW,2026-06-02,,true
3001,LOW,LOW,LOW,2026-06-02,,true
3003,LOW,LOW,LOW,2026-06-02,,true
3005,LOW,LOW,LOW,2026-06-02,,true
3008,LOW,HIGH,LOW,2026-06-02,,true
3013,LOW,HIGH,LOW,2026-06-02,,true
3014,LOW,HIGH,LOW,2026-06-02,,true
3017,LOW,HIGH,LOW,2026-06-02,,true
3018,LOW,HIGH,LOW,2026-06-02,,true
3028,LOW,HIGH,LOW,2026-06-02,,true
3030,LOW,HIGH,LOW,2026-06-02,,true
3036,LOW,HIGH,LOW,2026-06-02,,true
3038,LOW,HIGH,LOW,2026-06-02,,true
3042,LOW,HIGH,LOW,2026-06-02,,true
3043,LOW,HIGH,LOW,2026-06-02,,true
3046,LOW,HIGH,LOW,2026-06-02,,true
3049,LOW,HIGH,LOW,2026-06-02,,true
3053,LOW,HIGH,LOW,2026-06-02,,true
3059,LOW,HIGH,LOW,2026-06-02,,true
3065,LOW,HIGH,LOW,2026-06-02,,true
3067,LOW,LOW,LOW,2026-06-02,,true
3072,LOW,LOW,LOW,2026-06-02,,true
3075,LOW,LOW,LOW,2026-06-02,,true
3077,LOW,LOW,LOW,2026-06-02,,true
3085,LOW,LOW,LOW,2026-06-02,,true
3087,LOW,LOW,LOW,2026-06-02,,true
3088,LOW,LOW,LOW,2026-06-02,,true
3089,LOW,LOW,LOW,2026-06-02,,true
3096,LOW,LOW,LOW,2026-06-02,,true
3097,LOW,LOW,LOW,2026-06-02,,true
3103,LOW,LOW,LOW,2026-06-02,,true
3108,LOW,LOW,LOW,2026-06-02,,true
3112,LOW,LOW,LOW,2026-06-02,,true
3113,LOW,LOW,LOW,2026-06-02,,true
3114,LOW,LOW,LOW,2026-06-02,,true
3122,LOW,LOW,LOW,2026-06-02,,true
3126,LOW,LOW,LOW,2026-06-02,,true
3127,LOW,LOW,LOW,2026-06-02,,true
3128,LOW,LOW,LOW,2026-06-02,,true
3132,LOW,LOW,LOW,2026-06-02,,true
3133,LOW,LOW,LOW,2026-06-02,,true
3134,LOW,LOW,LOW,2026-06-02,,true
3136,LOW,LOW,LOW,2026-06-02,,true
3138,LOW,LOW,LOW,2026-06-02,,true
3140,LOW,LOW,LOW,2026-06-02,,true
3146,LOW,LOW,LOW,2026-06-02,,true
3162,LOW,LOW,LOW,2026-06-02,,true
3170,LOW,LOW,LOW,2026-06-02,,true
3171,LOW,LOW,LOW,2026-06-02,,true
3176,LOW,LOW,LOW,2026-06-02,,true
3177,LOW,LOW,LOW,2026-06-02,,true
3181,LOW,LOW,LOW,2026-06-02,,true
3187,LOW,LOW,LOW,2026-06-02,,true
3189,LOW,LOW,LOW,2026-06-02,,true
3192,LOW,LOW,LOW,2026-06-02,,true
3198,LOW,LOW,LOW,2026-06-02,,true
3199,LOW,LOW,LOW,2026-06-02,,true
3201,LOW,LOW,LOW,2026-06-02,,true
3204,LOW,LOW,LOW,2026-06-02,,true
3205,LOW,LOW,LOW,2026-06-02,,true
3207,LOW,LOW,LOW,2026-06-02,,true
3208,LOW,LOW,LOW,2026-06-02,,true
3224,LOW,LOW,LOW,2026-06-02,,true
3229,LOW,LOW,LOW,2026-06-02,,true
3230,LOW,LOW,LOW,2026-06-02,,true
3231,LOW,LOW,LOW,2026-06-02,,true
3239,LOW,LOW,LOW,2026-06-02,,true
3242,LOW,LOW,LOW,2026-06-02,,true
3246,LOW,LOW,LOW,2026-06-02,,true
3251,LOW,LOW,LOW,2026-06-02,,true
3253,LOW,LOW,LOW,2026-06-02,,true
3256,LOW,LOW,LOW,2026-06-02,,true
3260,LOW,LOW,LOW,2026-06-02,,true
3262,LOW,LOW,LOW,2026-06-02,,true
3269,LOW,LOW,LOW,2026-06-02,,true
3274,LOW,LOW,LOW,2026-06-02,,true
3275,LOW,LOW,LOW,2026-06-02,,true
3278,LOW,LOW,LOW,2026-06-02,,true
3284,LOW,LOW,LOW,2026-06-02,,true
3295,LOW,LOW,LOW,2026-06-02,,true
3298,LOW,LOW,LOW,2026-06-02,,true
3299,LOW,LOW,LOW,2026-06-02,,true
3302,LOW,LOW,LOW,2026-06-02,,true
3316,LOW,LOW,LOW,2026-06-02,,true
3317,LOW,LOW,LOW,2026-06-02,,true
3331,LOW,HIGH,LOW,2026-06-02,,true
3336,LOW,HIGH,LOW,2026-06-02,,true
3338,LOW,HIGH,LOW,2026-06-02,,true
3339,LOW,HIGH,LOW,2026-06-02,,true
3340,LOW,HIGH,LOW,2026-06-02,,true
3345,LOW,HIGH,LOW,2026-06-02,,true
3347,LOW,HIGH,LOW,2026-06-02,,true
3351,LOW,HIGH,LOW,2026-06-02,,true
3352,LOW,HIGH,LOW,2026-06-02,,true
3353,LOW,HIGH,LOW,2026-06-02,,true
3357,LOW,HIGH,LOW,2026-06-02,,true
3361,LOW,HIGH,LOW,2026-06-02,,true
3363,LOW,HIGH,LOW,2026-06-02,,true
3365,LOW,HIGH,LOW,2026-06-02,,true
3371,LOW,HIGH,LOW,2026-06-02,,true
3380,LOW,HIGH,LOW,2026-06-02,,true
3409,LOW,LOW,LOW,2026-06-02,,true
3411,LOW,LOW,LOW,2026-06-02,,true
3412,LOW,LOW,LOW,2026-06-02,,true
3415,LOW,LOW,LOW,2026-06-02,,true
3420,LOW,LOW,LOW,2026-06-02,,true
3422,LOW,LOW,LOW,2026-06-02,,true
3423,LOW,LOW,LOW,2026-06-02,,true
3425,LOW,LOW,LOW,2026-06-02,,true
3429,LOW,LOW,LOW,2026-06-02,,true
3433,LOW,LOW,LOW,2026-06-02,,true
3437,LOW,LOW,LOW,2026-06-02,,true
3442,LOW,LOW,LOW,2026-06-02,,true
3443,LOW,LOW,LOW,2026-06-02,,true
3444,LOW,LOW,LOW,2026-06-02,,true
3451,LOW,LOW,LOW,2026-06-02,,true
3452,LOW,LOW,LOW,2026-06-02,,true
3463,LOW,HIGH,LOW,2026-06-02,,true
3464,LOW,HIGH,LOW,2026-06-02,,true
3469,LOW,HIGH,LOW,2026-06-02,,true
3470,LOW,HIGH,LOW,2026-06-02,,true
3474,LOW,HIGH,LOW,2026-06-02,,true
3478,LOW,HIGH,LOW,2026-06-02,,true
3483,LOW,HIGH,LOW,2026-06-02,,true
3489,LOW,HIGH,LOW,2026-06-02,,true
3490,LOW,HIGH,LOW,2026-06-02,,true
3492,LOW,HIGH,LOW,2026-06-02,,true
3496,LOW,HIGH,LOW,2026-06-02,,true
3498,LOW,HIGH,LOW,2026-06-02,,true
3504,LOW,HIGH,LOW,2026-06-02,,true
3516,LOW,LOW,LOW,2026-06-02,,true
3517,LOW,LOW,LOW,2026-06-02,,true
3519,LOW,LOW,LOW,2026-06-02,,true
3536,LOW,LOW,LOW,2026-06-02,,true
3538,LOW,LOW,LOW,2026-06-02,,true
3539,LOW,LOW,LOW,2026-06-02,,true
3542,LOW,LOW,LOW,2026-06-02,,true
3544,LOW,LOW,LOW,2026-06-02,,true
3547,LOW,LOW,LOW,2026-06-02,,true
3552,LOW,LOW,LOW,2026-06-02,,true
3554,LOW,LOW,LOW,2026-06-02,,true
3560,LOW,LOW,LOW,2026-06-02,,true
3561,LOW,LOW,LOW,2026-06-02,,true
3564,LOW,LOW,LOW,2026-06-02,,true
3574,LOW,LOW,LOW,2026-06-02,,true
3575,LOW,LOW,LOW,2026-06-02,,true
3576,LOW,LOW,LOW,2026-06-02,,true
3581,LOW,HIGH,LOW,2026-06-02,,true
3583,LOW,HIGH,LOW,2026-06-02,,true
3586,LOW,HIGH,LOW,2026-06-02,,true
3589,LOW,HIGH,LOW,2026-06-02,,true
3590,LOW,HIGH,LOW,2026-06-02,,true
3598,LOW,HIGH,LOW,2026-06-02,,true
3600,LOW,HIGH,LOW,2026-06-02,,true
3609,LOW,HIGH,LOW,2026-06-02,,true
3612,LOW,HIGH,LOW,2026-06-02,,true
3619,LOW,HIGH,LOW,2026-06-02,,true
3621,LOW,HIGH,LOW,2026-06-02,,true
3622,LOW,HIGH,LOW,2026-06-02,,true
3627,LOW,HIGH,LOW,2026-06-02,,true
3632,LOW,HIGH,LOW,2026-06-02,,true
3635,LOW,HIGH,LOW,2026-06-02,,true
3642,LOW,LOW,LOW,2026-06-02,,true
3656,LOW,LOW,LOW,2026-06-02,,true
3661,LOW,LOW,LOW,2026-06-02,,true
3665,LOW,LOW,LOW,2026-06-02,,true
3673,LOW,LOW,LOW,2026-06-02,,true
3675,LOW,LOW,LOW,2026-06-02,,true
3686,LOW,LOW,LOW,2026-06-02,,true
3692,LOW,LOW,LOW,2026-06-02,,true
3694,LOW,LOW,LOW,2026-06-02,,true
3695,LOW,LOW,LOW,2026-06-02,,true
3697,LOW,LOW,LOW,2026-06-02,,true
3699,LOW,LOW,LOW,2026-06-02,,true
3700,LOW,LOW,LOW,2026-06-02,,true
3705,LOW,LOW,LOW,2026-06-02,,true
3708,LOW,LOW,LOW,2026-06-02,,true
3714,LOW,LOW,LOW,2026-06-02,,true
3716,LOW,LOW,LOW,2026-06-02,,true
3721,LOW,LOW,LOW,2026-06-02,,true
3723,LOW,LOW,LOW,2026-06-02,,true
3728,LOW,LOW,LOW,2026-06-02,,true
3731,LOW,LOW,LOW,2026-06-02,,true
3733,LOW,LOW,LOW,2026-06-02,,true
3751,LOW,LOW,LOW,2026-06-02,,true
3756,LOW,LOW,LOW,2026-06-02,,true
3760,LOW,LOW,LOW,2026-06-02,,true
3769,LOW,LOW,LOW,2026-06-02,,true
3773,LOW,LOW,LOW,2026-06-02,,true
3778,LOW,LOW,LOW,2026-06-02,,true
3780,LOW,LOW,LOW,2026-06-02,,true
3785,LOW,LOW,LOW,2026-06-02,,true
3786,LOW,LOW,LOW,2026-06-02,,true
3789,LOW,LOW,LOW,2026-06-02,,true
3790,LOW,LOW,LOW,2026-06-02,,true
3791,LOW,LOW,LOW,2026-06-02,,true
3798,LOW,LOW,LOW,2026-06-02,,true
3806,LOW,LOW,LOW,2026-06-02,,true
3807,LOW,LOW,LOW,2026-06-02,,true
3809,LOW,LOW,LOW,2026-06-02,,true
3810,LOW,LOW,LOW,2026-06-02,,true
3815,LOW,LOW,LOW,2026-06-02,,true
3816,LOW,LOW,LOW,2026-06-02,,true
3823,LOW,LOW,LOW,2026-06-02,,true
3828,LOW,LOW,LOW,2026-06-02,,true
3830,LOW,LOW,LOW,2026-06-02,,true
3833,LOW,LOW,LOW,2026-06-02,,true
3836,LOW,LOW,LOW,2026-06-02,,true
3837,LOW,LOW,LOW,2026-06-02,,true
3841,LOW,LOW,LOW,2026-06-02,,true
3843,LOW,LOW,LOW,2026-06-02,,true
3849,LOW,LOW,LOW,2026-06-02,,true
3852,LOW,LOW,LOW,2026-06-02,,true
3856,LOW,LOW,LOW,2026-06-02,,true
3872,LOW,LOW,LOW,2026-06-02,,true
3882,LOW,LOW,LOW,2026-06-02,,true
3887,LOW,LOW,LOW,2026-06-02,,true
3888,LOW,LOW,LOW,2026-06-02,,true
3891,LOW,LOW,LOW,2026-06-02,,true
3896,LOW,LOW,LOW,2026-06-02,,true
3906,LOW,LOW,LOW,2026-06-02,,true
3907,LOW,LOW,LOW,2026-06-02,,true
3914,LOW,LOW,LOW,2026-06-02,,true
3916,LOW,LOW,LOW,2026-06-02,,true
3920,LOW,LOW,LOW,2026-06-02,,true
3922,LOW,LOW,LOW,2026-06-02,,true
3923,LOW,LOW,LOW,2026-06-02,,true
3924,LOW,LOW,LOW,2026-06-02,,true
3928,LOW,LOW,LOW,2026-06-02,,true
3929,LOW,LOW,LOW,2026-06-02,,true
3934,LOW,LOW,LOW,2026-06-02,,true
3938,LOW,LOW,LOW,2026-06-02,,true
3945,LOW,LOW,LOW,2026-06-02,,true
3946,LOW,LOW,LOW,2026-06-02,,true
3947,LOW,LOW,LOW,2026-06-02,,true
3951,LOW,LOW,LOW,2026-06-02,,true
3956,LOW,LOW,LOW,2026-06-02,,true
3966,LOW,LOW,LOW,2026-06-02,,true
3974,LOW,LOW,LOW,2026-06-02,,true
3977,LOW,LOW,LOW,2026-06-02,,true
3985,LOW,LOW,LOW,2026-06-02,,true
3986,LOW,LOW,LOW,2026-06-02,,true
3995,LOW,LOW,LOW,2026-06-02,,true
4001,LOW,LOW,LOW,2026-06-02,,true
4004,LOW,LOW,LOW,2026-06-02,,true
4005,LOW,LOW,LOW,2026-06-02,,true
4007,LOW,LOW,LOW,2026-06-02,,true
4014,LOW,LOW,LOW,2026-06-02,,true
4023,LOW,LOW,LOW,2026-06-02,,true
4027,LOW,HIGH,LOW,2026-06-02,,true
4038,LOW,HIGH,LOW,2026-06-02,,true
4057,LOW,HIGH,LOW,2026-06-02,,true
4061,LOW,LOW,LOW,2026-06-02,,true
4063,LOW,LOW,LOW,2026-06-02,,true
4065,LOW,LOW,LOW,2026-06-02,,true
4072,LOW,LOW,LOW,2026-06-02,,true
4075,LOW,LOW,LOW,2026-06-02,,true
4082,LOW,LOW,LOW,2026-06-02,,true
4089,LOW,LOW,LOW,2026-06-02,,true
4091,LOW,LOW,LOW,2026-06-02,,true
4092,LOW,LOW,LOW,2026-06-02,,true
4097,LOW,LOW,LOW,2026-06-02,,true
4101,LOW,LOW,LOW,2026-06-02,,true
4106,LOW,LOW,LOW,2026-06-02,,true
4112,LOW,LOW,LOW,2026-06-02,,true
4114,LOW,LOW,LOW,2026-06-02,,true
4122,LOW,LOW,LOW,2026-06-02,,true
4124,LOW,LOW,LOW,2026-06-02,,true
4129,LOW,LOW,LOW,2026-06-02,,true
4132,LOW,LOW,LOW,2026-06-02,,true
4141,LOW,LOW,LOW,2026-06-02,,true
4143,LOW,LOW,LOW,2026-06-02,,true
4144,LOW,LOW,LOW,2026-06-02,,true
4150,LOW,LOW,LOW,2026-06-02,,true
4154,LOW,LOW,LOW,2026-06-02,,true
4156,LOW,LOW,LOW,2026-06-02,,true
4158,LOW,LOW,LOW,2026-06-02,,true
4161,LOW,LOW,LOW,2026-06-02,,true
4168,LOW,LOW,LOW,2026-06-02,,true
4169,LOW,LOW,LOW,2026-06-02,,true
4171,LOW,LOW,LOW,2026-06-02,,true
4172,LOW,LOW,LOW,2026-06-02,,true
4175,LOW,LOW,LOW,2026-06-02,,true
4181,LOW,LOW,LOW,2026-06-02,,true
4186,LOW,LOW,LOW,2026-06-02,,true
4191,LOW,LOW,LOW,2026-06-02,,true
4205,LOW,LOW,LOW,2026-06-02,,true
4207,LOW,LOW,LOW,2026-06-02,,true
4212,LOW,LOW,LOW,2026-06-02,,true
4215,LOW,LOW,LOW,2026-06-02,,true
4220,LOW,LOW,LOW,2026-06-02,,true
4238,LOW,LOW,LOW,2026-06-02,,true
4241,LOW,LOW,LOW,2026-06-02,,true
4250,LOW,HIGH,LOW,2026-06-02,,true
4253,LOW,HIGH,LOW,2026-06-02,,true
4256,LOW,HIGH,LOW,2026-06-02,,true
4259,LOW,HIGH,LOW,2026-06-02,,true
4260,LOW,HIGH,LOW,2026-06-02,,true
4261,LOW,HIGH,LOW,2026-06-02,,true
4274,LOW,HIGH,LOW,2026-06-02,,true
4276,LOW,HIGH,LOW,2026-06-02,,true
4286,LOW,HIGH,LOW,2026-06-02,,true
4290,LOW,HIGH,LOW,2026-06-02,,true
4291,LOW,HIGH,LOW,2026-06-02,,true
4292,LOW,HIGH,LOW,2026-06-02,,true
4294,LOW,HIGH,LOW,2026-06-02,,true
4297,LOW,HIGH,LOW,2026-06-02,,true
4298,LOW,HIGH,LOW,2026-06-02,,true
4302,LOW,HIGH,LOW,2026-06-02,,true
4304,LOW,HIGH,LOW,2026-06-02,,true
4313,LOW,HIGH,LOW,2026-06-02,,true
4314,LOW,HIGH,LOW,2026-06-02,,true
4319,LOW,HIGH,LOW,2026-06-02,,true
4323,LOW,HIGH,LOW,2026-06-02,,true
4332,LOW,HIGH,LOW,2026-06-02,,true
4333,LOW,HIGH,LOW,2026-06-02,,true
4338,LOW,HIGH,LOW,2026-06-02,,true
4339,LOW,HIGH,LOW,2026-06-02,,true
4344,LOW,HIGH,LOW,2026-06-02,,true
4349,LOW,HIGH,LOW,2026-06-02,,true
4351,LOW,HIGH,LOW,2026-06-02,,true
4354,LOW,HIGH,LOW,2026-06-02,,true
4356,LOW,HIGH,LOW,2026-06-02,,true
4360,LOW,HIGH,LOW,2026-06-02,,true
4363,LOW,HIGH,LOW,2026-06-02,,true
4366,LOW,HIGH,LOW,2026-06-02,,true
4367,LOW,LOW,LOW,2026-06-02,,true
4377,LOW,LOW,LOW,2026-06-02,,true
4389,LOW,LOW,LOW,2026-06-02,,true
4393,LOW,LOW,LOW,2026-06-02,,true
4395,LOW,LOW,LOW,2026-06-02,,true
4398,LOW,LOW,LOW,2026-06-02,,true
4399,LOW,LOW,LOW,2026-06-02,,true
4402,LOW,LOW,LOW,2026-06-02,,true
4403,LOW,LOW,LOW,2026-06-02,,true
4411,LOW,LOW,LOW,2026-06-02,,true
4414,LOW,LOW,LOW,2026-06-02,,true
4421,LOW,LOW,LOW,2026-06-02,,true
4424,LOW,LOW,LOW,2026-06-02,,true
4425,LOW,LOW,LOW,2026-06-02,,true
4429,LOW,LOW,LOW,2026-06-02,,true
4433,LOW,LOW,LOW,2026-06-02,,true
4435,LOW,LOW,LOW,2026-06-02,,true
4437,LOW,LOW,LOW,2026-06-02,,true
4439,LOW,LOW,LOW,2026-06-02,,true
4455,LOW,LOW,LOW,2026-06-02,,true
4457,LOW,LOW,LOW,2026-06-02,,true
4463,LOW,LOW,LOW,2026-06-02,,true
4466,LOW,LOW,LOW,2026-06-02,,true
4468,LOW,LOW,LOW,2026-06-02,,true
4469,LOW,LOW,LOW,2026-06-02,,true
4497,LOW,LOW,LOW,2026-06-02,,true
4498,LOW,LOW,LOW,2026-06-02,,true
4502,LOW,LOW,LOW,2026-06-02,,true
4506,LOW,LOW,LOW,2026-06-02,,true
4508,LOW,LOW,LOW,2026-06-02,,true
4511,LOW,LOW,LOW,2026-06-02,,true
4513,LOW,LOW,LOW,2026-06-02,,true
4515,LOW,LOW,LOW,2026-06-02,,true
4525,LOW,LOW,LOW,2026-06-02,,true
4526,LOW,LOW,LOW,2026-06-02,,true
4531,LOW,LOW,LOW,2026-06-02,,true
4532,LOW,LOW,LOW,2026-06-02,,true
4537,LOW,LOW,LOW,2026-06-02,,true
4538,LOW,LOW,LOW,2026-06-02,,true
4540,LOW,LOW,LOW,2026-06-02,,true
4541,LOW,LOW,LOW,2026-06-02,,true
4542,LOW,LOW,LOW,2026-06-02,,true
4549,LOW,LOW,LOW,2026-06-02,,true
4550,LOW,LOW,LOW,2026-06-02,,true
4551,LOW,LOW,LOW,2026-06-02,,true
4552,LOW,LOW,LOW,2026-06-02,,true
4553,LOW,LOW,LOW,2026-06-02,,true
4557,LOW,LOW,LOW,2026-06-02,,true
4573,LOW,HIGH,LOW,2026-06-02,,true
4577,LOW,HIGH,LOW,2026-06-02,,true
4579,LOW,HIGH,LOW,2026-06-02,,true
4581,LOW,HIGH,LOW,2026-06-02,,true
4585,LOW,HIGH,LOW,2026-06-02,,true
4591,LOW,HIGH,LOW,2026-06-02,,true
4593,LOW,HIGH,LOW,2026-06-02,,true
4594,LOW,HIGH,LOW,2026-06-02,,true
4598,LOW,HIGH,LOW,2026-06-02,,true
4607,LOW,HIGH,LOW,2026-06-02,,true
4614,LOW,HIGH,LOW,2026-06-02,,true
4616,LOW,HIGH,LOW,2026-06-02,,true
4618,LOW,LOW,LOW,2026-06-02,,true
4619,LOW,LOW,LOW,2026-06-02,,true
4621,LOW,LOW,LOW,2026-06-02,,true
4624,LOW,LOW,LOW,2026-06-02,,true
4627,LOW,LOW,LOW,2026-06-02,,true
4633,LOW,LOW,LOW,2026-06-02,,true
4635,LOW,LOW,LOW,2026-06-02,,true
4639,LOW,LOW,LOW,2026-06-02,,true
4640,LOW,LOW,LOW,2026-06-02,,true
4641,LOW,LOW,LOW,2026-06-02,,true
4645,LOW,LOW,LOW,2026-06-02,,true
4648,LOW,LOW,LOW,2026-06-02,,true
4650,LOW,LOW,LOW,2026-06-02,,true
4652,LOW,LOW,LOW,2026-06-02,,true
4656,LOW,LOW,LOW,2026-06-02,,true
4664,LOW,LOW,LOW,2026-06-02,,true
4667,LOW,LOW,LOW,2026-06-02,,true
4690,LOW,LOW,LOW,2026-06-02,,true
4691,LOW,LOW,LOW,2026-06-02,,true
4697,LOW,LOW,LOW,2026-06-02,,true
4701,LOW,LOW,LOW,2026-06-02,,true
4706,LOW,LOW,LOW,2026-06-02,,true
4708,LOW,LOW,LOW,2026-06-02,,true
4712,LOW,LOW,LOW,2026-06-02,,true
4713,LOW,LOW,LOW,2026-06-02,,true
4715,LOW,LOW,LOW,2026-06-02,,true
4716,LOW,LOW,LOW,2026-06-02,,true
4721,LOW,LOW,LOW,2026-06-02,,true
4722,LOW,LOW,LOW,2026-06-02,,true
4727,LOW,LOW,LOW,2026-06-02,,true
4730,LOW,LOW,LOW,2026-06-02,,true
4732,LOW,LOW,LOW,2026-06-02,,true
4735,LOW,LOW,LOW,2026-06-02,,true
4737,LOW,LOW,LOW,2026-06-02,,true
4740,LOW,LOW,LOW,2026-06-02,,true
4743,LOW,LOW,LOW,2026-06-02,,true
4750,LOW,LOW,LOW,2026-06-02,,true
4759,LOW,LOW,LOW,2026-06-02,,true
4762,LOW,LOW,LOW,2026-06-02,,true
4765,LOW,LOW,LOW,2026-06-02,,true
4768,LOW,LOW,LOW,2026-06-02,,true
4773,LOW,LOW,LOW,2026-06-02,,true
4775,LOW,LOW,LOW,2026-06-02,,true
4779,LOW,LOW,LOW,2026-06-02,,true
4780,LOW,LOW,LOW,2026-06-02,,true
4784,LOW,LOW,LOW,2026-06-02,,true
4798,LOW,LOW,LOW,2026-06-02,,true
4800,LOW,LOW,LOW,2026-06-02,,true
4802,LOW,LOW,LOW,2026-06-02,,true
4803,LOW,LOW,LOW,2026-06-02,,true
4805,LOW,LOW,LOW,2026-06-02,,true
4807,LOW,LOW,LOW,2026-06-02,,true
4809,LOW,LOW,LOW,2026-06-02,,true
4810,LOW,LOW,LOW,2026-06-02,,true
4814,LOW,LOW,LOW,2026-06-02,,true
4825,LOW,LOW,LOW,2026-06-02,,true
4826,LOW,LOW,LOW,2026-06-02,,true
4830,LOW,LOW,LOW,2026-06-02,,true
4837,LOW,LOW,LOW,2026-06-02,,true
4838,LOW,LOW,LOW,2026-06-02,,true
4840,LOW,LOW,LOW,2026-06-02,,true
4841,LOW,HIGH,LOW,2026-06-02,,true
4843,LOW,HIGH,LOW,2026-06-02,,true
4844,LOW,HIGH,LOW,2026-06-02,,true
4846,LOW,HIGH,LOW,2026-06-02,,true
4850,LOW,HIGH,LOW,2026-06-02,,true
4855,LOW,HIGH,LOW,2026-06-02,,true
4856,LOW,HIGH,LOW,2026-06-02,,true
4867,LOW,HIGH,LOW,2026-06-02,,true
4875,LOW,HIGH,LOW,2026-06-02,,true
4876,LOW,HIGH,LOW,2026-06-02,,true
4879,LOW,HIGH,LOW,2026-06-02,,true
4882,LOW,HIGH,LOW,2026-06-02,,true
4883,LOW,HIGH,LOW,2026-06-02,,true
4885,LOW,HIGH,LOW,2026-06-02,,true
4887,LOW,HIGH,LOW,2026-06-02,,true
4888,LOW,HIGH,LOW,2026-06-02,,true
4890,LOW,HIGH,LOW,2026-06-02,,true
4893,LOW,HIGH,LOW,2026-06-02,,true
4894,LOW,HIGH,LOW,2026-06-02,,true
4901,LOW,LOW,LOW,2026-06-02,,true
4904,LOW,LOW,LOW,2026-06-02,,true
4907,LOW,LOW,LOW,2026-06-02,,true
4911,LOW,LOW,LOW,2026-06-02,,true
4916,LOW,LOW,LOW,2026-06-02,,true
4918,LOW,LOW,LOW,2026-06-02,,true
4923,LOW,LOW,LOW,2026-06-02,,true
4925,LOW,LOW,LOW,2026-06-02,,true
4933,LOW,LOW,LOW,2026-06-02,,true
4935,LOW,LOW,LOW,2026-06-02,,true
4944,LOW,LOW,LOW,2026-06-02,,true
4949,LOW,LOW,LOW,2026-06-02,,true
4950,LOW,LOW,LOW,2026-06-02,,true
4951,LOW,LOW,LOW,2026-06-02,,true
4952,LOW,LOW,LOW,2026-06-02,,true
4955,LOW,LOW,LOW,2026-06-02,,true
4963,LOW,LOW,LOW,2026-06-02,,true
4970,LOW,HIGH,LOW,2026-06-02,,true
4976,LOW,HIGH,LOW,2026-06-02,,true
4977,LOW,HIGH,LOW,2026-06-02,,true
4978,LOW,HIGH,LOW,2026-06-02,,true
4983,LOW,HIGH,LOW,2026-06-02,,true
4987,LOW,HIGH,LOW,2026-06-02,,true
4990,LOW,HIGH,LOW,2026-06-02,,true
4992,LOW,HIGH,LOW,2026-06-02,,true
4994,LOW,HIGH,LOW,2026-06-02,,true
5003,LOW,HIGH,LOW,2026-06-02,,true
5004,LOW,HIGH,LOW,2026-06-02,,true
5005,LOW,HIGH,LOW,2026-06-02,,true
5007,LOW,HIGH,LOW,2026-06-02,,true
5011,LOW,HIGH,LOW,2026-06-02,,true
5016,LOW,HIGH,LOW,2026-06-02,,true
5035,LOW,LOW,LOW,2026-06-02,,true
5036,LOW,LOW,LOW,2026-06-02,,true
5038,LOW,LOW,LOW,2026-06-02,,true
5042,LOW,LOW,LOW,2026-06-02,,true
5043,LOW,LOW,LOW,2026-06-02,,true
5049,LOW,LOW,LOW,2026-06-02,,true
5050,LOW,LOW,LOW,2026-06-02,,true
5053,LOW,LOW,LOW,2026-06-02,,true
5059,LOW,LOW,LOW,2026-06-02,,true
5060,LOW,LOW,LOW,2026-06-02,,true
5061,LOW,LOW,LOW,2026-06-02,,true
5062,LOW,LOW,LOW,2026-06-02,,true
5078,LOW,LOW,LOW,2026-06-02,,true
5081,LOW,LOW,LOW,2026-06-02,,true
5083,LOW,LOW,LOW,2026-06-02,,true
5084,LOW,LOW,LOW,2026-06-02,,true
5091,LOW,LOW,LOW,2026-06-02,,true
5103,LOW,LOW,LOW,2026-06-02,,true
5106,LOW,LOW,LOW,2026-06-02,,true
5111,LOW,LOW,LOW,2026-06-02,,true
5116,LOW,LOW,LOW,2026-06-02,,true
5120,LOW,LOW,LOW,2026-06-02,,true
5122,LOW,LOW,LOW,2026-06-02,,true
5131,LOW,LOW,LOW,2026-06-02,,true
5132,LOW,LOW,LOW,2026-06-02,,true
5143,LOW,LOW,LOW,2026-06-02,,true
5144,LOW,LOW,LOW,2026-06-02,,true
5151,LOW,LOW,LOW,2026-06-02,,true
5156,LOW,LOW,LOW,2026-06-02,,true
5162,LOW,LOW,LOW,2026-06-02,,true
5163,LOW,LOW,LOW,2026-06-02,,true
5167,LOW,HIGH,LOW,2026-06-02,,true
5168,LOW,HIGH,LOW,2026-06-02,,true
5169,LOW,HIGH,LOW,2026-06-02,,true
5173,LOW,HIGH,LOW,2026-06-02,,true
5174,LOW,HIGH,LOW,2026-06-02,,true
5176,LOW,HIGH,LOW,2026-06-02,,true
5179,LOW,HIGH,LOW,2026-06-02,,true
5180,LOW,HIGH,LOW,2026-06-02,,true
5182,LOW,HIGH,LOW,2026-06-02,,true
5184,LOW,HIGH,LOW,2026-06-02,,true
5186,LOW,HIGH,LOW,2026-06-02,,true
5190,LOW,HIGH,LOW,2026-06-02,,true
5191,LOW,HIGH,LOW,2026-06-02,,true
5200,LOW,HIGH,LOW,2026-06-02,,true
5207,LOW,LOW,LOW,2026-06-02,,true
5214,LOW,LOW,LOW,2026-06-02,,true
5230,LOW,LOW,LOW,2026-06-02,,true
5232,LOW,LOW,LOW,2026-06-02,,true
5233,LOW,LOW,LOW,2026-06-02,,true
5235,LOW,LOW,LOW,2026-06-02,,true
5238,LOW,LOW,LOW,2026-06-02,,true
5240,LOW,LOW,LOW,2026-06-02,,true
5242,LOW,LOW,LOW,2026-06-02,,true
5243,LOW,LOW,LOW,2026-06-02,,true
5246,LOW,LOW,LOW,2026-06-02,,true
5249,LOW,LOW,LOW,2026-06-02,,true
5250,LOW,LOW,LOW,2026-06-02,,true
5262,LOW,LOW,LOW,2026-06-02,,true
5264,LOW,LOW,LOW,2026-06-02,,true
5277,LOW,LOW,LOW,2026-06-02,,true
5280,LOW,LOW,LOW,2026-06-02,,true
5285,LOW,LOW,LOW,2026-06-02,,true
5287,LOW,LOW,LOW,2026-06-02,,true
5298,LOW,LOW,LOW,2026-06-02,,true
5299,LOW,LOW,LOW,2026-06-02,,true
5302,LOW,LOW,LOW,2026-06-02,,true
5304,LOW,LOW,LOW,2026-06-02,,true
5305,LOW,LOW,LOW,2026-06-02,,true
5319,LOW,LOW,LOW,2026-06-02,,true
5320,LOW,LOW,LOW,2026-06-02,,true
5323,LOW,LOW,LOW,2026-06-02,,true
5324,LOW,LOW,LOW,2026-06-02,,true
5329,LOW,LOW,LOW,2026-06-02,,true
5335,LOW,LOW,LOW,2026-06-02,,true
5342,LOW,LOW,LOW,2026-06-02,,true
5344,LOW,LOW,LOW,2026-06-02,,true
5346,LOW,LOW,LOW,2026-06-02,,true
5350,LOW,LOW,LOW,2026-06-02,,true
5353,LOW,LOW,LOW,2026-06-02,,true
5357,LOW,LOW,LOW,2026-06-02,,true
5358,LOW,LOW,LOW,2026-06-02,,true
5360,LOW,LOW,LOW,2026-06-02,,true
5363,LOW,LOW,LOW,2026-06-02,,true
5370,LOW,LOW,LOW,2026-06-02,,true
5372,LOW,LOW,LOW,2026-06-02,,true
5373,LOW,LOW,LOW,2026-06-02,,true
5375,LOW,LOW,LOW,2026-06-02,,true
5378,LOW,LOW,LOW,2026-06-02,,true
5379,LOW,LOW,LOW,2026-06-02,,true
5382,LOW,LOW,LOW,2026-06-02,,true
5390,LOW,LOW,LOW,2026-06-02,,true
5393,LOW,LOW,LOW,2026-06-02,,true
5394,LOW,LOW,LOW,2026-06-02,,true
5405,LOW,LOW,LOW,2026-06-02,,true
5412,LOW,LOW,LOW,2026-06-02,,true
5418,LOW,LOW,LOW,2026-06-02,,true
5423,LOW,LOW,LOW,2026-06-02,,true
5426,LOW,LOW,LOW,2026-06-02,,true
5429,LOW,LOW,LOW,2026-06-02,,true
5431,LOW,LOW,LOW,2026-06-02,,true
5432,LOW,LOW,LOW,2026-06-02,,true
5433,LOW,LOW,LOW,2026-06-02,,true
5435,LOW,LOW,LOW,2026-06-02,,true
5436,LOW,LOW,LOW,2026-06-02,,true
5441,LOW,LOW,LOW,2026-06-02,,true
5442,LOW,LOW,LOW,2026-06-02,,true
5443,LOW,LOW,LOW,2026-06-02,,true
5452,LOW,LOW,LOW,2026-06-02,,true
5454,LOW,LOW,LOW,2026-06-02,,true
5455,LOW,LOW,LOW,2026-06-02,,true
5457,LOW,LOW,LOW,2026-06-02,,true
5459,LOW,LOW,LOW,2026-06-02,,true
5469,LOW,LOW,LOW,2026-06-02,,true
5473,LOW,LOW,LOW,2026-06-02,,true
5477,LOW,LOW,LOW,2026-06-02,,true
5486,LOW,LOW,LOW,2026-06-02,,true
5495,LOW,LOW,LOW,2026-06-02,,true
5496,LOW,LOW,LOW,2026-06-02,,true
5500,LOW,LOW,LOW,2026-06-02,,true
5503,LOW,LOW,LOW,2026-06-02,,true
5506,LOW,LOW,LOW,2026-06-02,,true
5508,LOW,LOW,LOW,2026-06-02,,true
5510,LOW,HIGH,LOW,2026-06-02,,true
5514,LOW,HIGH,LOW,2026-06-02,,true
5516,LOW,HIGH,LOW,2026-06-02,,true
5520,LOW,HIGH,LOW,2026-06-02,,true
5522,LOW,HIGH,LOW,2026-06-02,,true
5526,LOW,HIGH,LOW,2026-06-02,,true
5527,LOW,HIGH,LOW,2026-06-02,,true
5530,LOW,HIGH,LOW,2026-06-02,,true
5535,LOW,HIGH,LOW,2026-06-02,,true
5537,LOW,HIGH,LOW,2026-06-02,,true
5539,LOW,HIGH,LOW,2026-06-02,,true
5540,LOW,HIGH,LOW,2026-06-02,,true
5545,LOW,HIGH,LOW,2026-06-02,,true
5551,LOW,HIGH,LOW,2026-06-02,,true
5552,LOW,HIGH,LOW,2026-06-02,,true
5555,LOW,HIGH,LOW,2026-06-02,,true
5563,LOW,HIGH,LOW,2026-06-02,,true
5568,LOW,HIGH,HIGH,2026-06-02,,true
5573,LOW,LOW,LOW,2026-06-02,,true
5574,LOW,LOW,LOW,2026-06-02,,true
5575,LOW,LOW,LOW,2026-06-02,,true
5582,LOW,LOW,LOW,2026-06-02,,true
5583,LOW,LOW,LOW,2026-06-02,,true
5586,LOW,LOW,LOW,2026-06-02,,true
5587,LOW,LOW,LOW,2026-06-02,,true
5594,LOW,LOW,LOW,2026-06-02,,true
5595,LOW,LOW,LOW,2026-06-02,,true
5596,LOW,LOW,LOW,2026-06-02,,true
5600,LOW,LOW,LOW,2026-06-02,,true
5604,LOW,LOW,LOW,2026-06-02,,true
5626,LOW,LOW,LOW,2026-06-02,,true
5627,LOW,LOW,LOW,2026-06-02,,true
5635,LOW,LOW,LOW,2026-06-02,,true
5639,LOW,HIGH,LOW,2026-06-02,,true
5642,LOW,HIGH,LOW,2026-06-02,,true
5645,LOW,HIGH,LOW,2026-06-02,,true
5647,LOW,HIGH,LOW,2026-06-02,,true
5654,LOW,HIGH,LOW,2026-06-02,,true
5658,LOW,HIGH,LOW,2026-06-02,,true
5662,LOW,HIGH,LOW,2026-06-02,,true
5668,LOW,HIGH,LOW,2026-06-02,,true
5672,LOW,HIGH,LOW,2026-06-02,,true
5678,LOW,HIGH,LOW,2026-06-02,,true
5686,LOW,HIGH,LOW,2026-06-02,,true
5687,LOW,HIGH,LOW,2026-06-02,,true
5688,LOW,HIGH,LOW,2026-06-02,,true
5691,LOW,HIGH,HIGH,2026-06-02,,true
5694,LOW,HIGH,HIGH,2026-06-02,,true
5696,LOW,LOW,LOW,2026-06-02,,true
5699,LOW,LOW,LOW,2026-06-02,,true
5700,LOW,LOW,LOW,2026-06-02,,true
5701,LOW,LOW,LOW,2026-06-02,,true
5703,LOW,LOW,LOW,2026-06-02,,true
5708,LOW,LOW,LOW,2026-06-02,,true
5715,LOW,LOW,LOW,2026-06-02,,true
5716,LOW,LOW,LOW,2026-06-02,,true
5717,LOW,LOW,LOW,2026-06-02,,true
5718,LOW,LOW,LOW,2026-06-02,,true
5720,LOW,LOW,LOW,2026-06-02,,true
5722,LOW,LOW,LOW,2026-06-02,,true
5725,LOW,LOW,LOW,2026-06-02,,true
5726,LOW,LOW,LOW,2026-06-02,,true
5730,LOW,LOW,LOW,2026-06-02,,true
5736,LOW,LOW,LOW,2026-06-02,,true
5738,LOW,LOW,LOW,2026-06-02,,true
5739,LOW,LOW,LOW,2026-06-02,,true
5740,LOW,LOW,LOW,2026-06-02,,true
5741,LOW,LOW,LOW,2026-06-02,,true
5752,LOW,LOW,LOW,2026-06-02,,true
5753,LOW,LOW,LOW,2026-06-02,,true
5768,LOW,LOW,LOW,2026-06-02,,true
5769,LOW,LOW,LOW,2026-06-02,,true
5771,LOW,LOW,LOW,2026-06-02,,true
5773,LOW,LOW,LOW,2026-06-02,,true
5774,LOW,LOW,LOW,2026-06-02,,true
5777,LOW,LOW,LOW,2026-06-02,,true
5779,LOW,LOW,LOW,2026-06-02,,true
5780,LOW,LOW,LOW,2026-06-02,,true
5781,LOW,LOW,LOW,2026-06-02,,true
5786,LOW,LOW,LOW,2026-06-02,,true
5787,LOW,LOW,LOW,2026-06-02,,true
5789,LOW,LOW,LOW,2026-06-02,,true
5790,LOW,LOW,LOW,2026-06-02,,true
5795,LOW,LOW,LOW,2026-06-02,,true
5797,LOW,LOW,LOW,2026-06-02,,true
5798,LOW,LOW,LOW,2026-06-02,,true
5803,LOW,LOW,LOW,2026-06-02,,true
5805,LOW,LOW,LOW,2026-06-02,,true
5808,LOW,LOW,LOW,2026-06-02,,true
5809,LOW,LOW,LOW,2026-06-02,,true
5813,LOW,LOW,LOW,2026-06-02,,true
5820,LOW,LOW,LOW,2026-06-02,,true
5821,LOW,LOW,LOW,2026-06-02,,true
5831,LOW,LOW,LOW,2026-06-02,,true
5837,LOW,LOW,LOW,2026-06-02,,true
5838,LOW,LOW,LOW,2026-06-02,,true
5842,LOW,LOW,LOW,2026-06-02,,true
5846,LOW,LOW,LOW,2026-06-02,,true
5847,LOW,LOW,LOW,2026-06-02,,true
5850,LOW,LOW,LOW,2026-06-02,,true
5855,LOW,LOW,LOW,2026-06-02,,true
5857,LOW,LOW,LOW,2026-06-02,,true
5862,LOW,LOW,LOW,2026-06-02,,true
5869,LOW,LOW,LOW,2026-06-02,,true
5876,LOW,LOW,LOW,2026-06-02,,true
5879,LOW,LOW,LOW,2026-06-02,,true
5885,LOW,LOW,LOW,2026-06-02,,true
5886,LOW,LOW,LOW,2026-06-02,,true
5888,LOW,LOW,LOW,2026-06-02,,true
5889,LOW,LOW,LOW,2026-06-02,,true
5898,LOW,LOW,LOW,2026-06-02,,true
5903,LOW,LOW,LOW,2026-06-02,,true
5907,LOW,LOW,LOW,2026-06-02,,true
5914,LOW,LOW,LOW,2026-06-02,,true
5918,LOW,LOW,LOW,2026-06-02,,true
5924,LOW,LOW,LOW,2026-06-02,,true
5925,LOW,LOW,LOW,2026-06-02,,true
5930,LOW,LOW,LOW,2026-06-02,,true
5934,LOW,LOW,LOW,2026-06-02,,true
5937,LOW,LOW,LOW,2026-06-02,,true
5938,LOW,LOW,LOW,2026-06-02,,true
5941,LOW,LOW,LOW,2026-06-02,,true
5949,LOW,LOW,LOW,2026-06-02,,true
5963,LOW,LOW,LOW,2026-06-02,,true
5965,LOW,LOW,LOW,2026-06-02,,true
5966,LOW,LOW,LOW,2026-06-02,,true
5967,LOW,LOW,LOW,2026-06-02,,true
5973,LOW,LOW,LOW,2026-06-02,,true
5975,LOW,LOW,LOW,2026-06-02,,true
5978,LOW,LOW,LOW,2026-06-02,,true
5988,LOW,LOW,LOW,2026-06-02,,true
5990,LOW,LOW,LOW,2026-06-02,,true
5994,LOW,LOW,LOW,2026-06-02,,true
6002,LOW,LOW,LOW,2026-06-02,,true
6009,LOW,LOW,LOW,2026-06-02,,true
6011,LOW,LOW,LOW,2026-06-02,,true
6013,LOW,LOW,LOW,2026-06-02,,true
6014,LOW,LOW,LOW,2026-06-02,,true
6029,LOW,LOW,LOW,2026-06-02,,true
6037,LOW,LOW,LOW,2026-06-02,,true
6040,LOW,LOW,LOW,2026-06-02,,true
6044,LOW,LOW,LOW,2026-06-02,,true
6055,LOW,HIGH,LOW,2026-06-02,,true
6059,LOW,HIGH,LOW,2026-06-02,,true
6063,LOW,HIGH,LOW,2026-06-02,,true
6070,LOW,HIGH,LOW,2026-06-02,,true
6072,LOW,HIGH,LOW,2026-06-02,,true
6073,LOW,HIGH,LOW,2026-06-02,,true
6083,LOW,HIGH,LOW,2026-06-02,,true
6102,LOW,HIGH,LOW,2026-06-02,,true
6104,LOW,HIGH,LOW,2026-06-02,,true
6105,LOW,HIGH,LOW,2026-06-02,,true
6106,LOW,HIGH,LOW,2026-06-02,,true
6109,LOW,HIGH,LOW,2026-06-02,,true
6111,LOW,HIGH,LOW,2026-06-02,,true
6116,LOW,LOW,LOW,2026-06-02,,true
6124,LOW,LOW,LOW,2026-06-02,,true
6128,LOW,LOW,LOW,2026-06-02,,true
6130,LOW,LOW,LOW,2026-06-02,,true
6132,LOW,LOW,LOW,2026-06-02,,true
6137,LOW,LOW,LOW,2026-06-02,,true
6138,LOW,LOW,LOW,2026-06-02,,true
6139,LOW,LOW,LOW,2026-06-02,,true
6145,LOW,LOW,LOW,2026-06-02,,true
6147,LOW,LOW,LOW,2026-06-02,,true
6148,LOW,LOW,LOW,2026-06-02,,true
6160,LOW,LOW,LOW,2026-06-02,,true
6162,LOW,LOW,LOW,2026-06-02,,true
6166,LOW,LOW,LOW,2026-06-02,,true
6173,LOW,LOW,LOW,2026-06-02,,true
6175,LOW,LOW,LOW,2026-06-02,,true
6176,LOW,LOW,LOW,2026-06-02,,true
6177,LOW,LOW,LOW,2026-06-02,,true
6179,LOW,LOW,LOW,2026-06-02,,true
6184,LOW,LOW,LOW,2026-06-02,,true
6185,LOW,LOW,LOW,2026-06-02,,true
6188,LOW,LOW,LOW,2026-06-02,,true
6195,LOW,LOW,LOW,2026-06-02,,true
6196,LOW,LOW,LOW,2026-06-02,,true
6198,LOW,LOW,LOW,2026-06-02,,true
6199,LOW,LOW,LOW,2026-06-02,,true
6200,LOW,LOW,LOW,2026-06-02,,true
6201,LOW,LOW,LOW,2026-06-02,,true
6208,LOW,LOW,LOW,2026-06-02,,true
6210,LOW,LOW,LOW,2026-06-02,,true
6215,LOW,LOW,LOW,2026-06-02,,true
6221,LOW,LOW,LOW,2026-06-02,,true
6232,LOW,LOW,LOW,2026-06-02,,true
6234,LOW,LOW,LOW,2026-06-02,,true
6236,LOW,LOW,LOW,2026-06-02,,true
6239,LOW,LOW,LOW,2026-06-02,,true
6241,LOW,LOW,LOW,2026-06-02,,true
6242,LOW,LOW,LOW,2026-06-02,,true
6254,LOW,LOW,LOW,2026-06-02,,true
6261,LOW,LOW,LOW,2026-06-02,,true
6265,LOW,LOW,LOW,2026-06-02,,true
6266,LOW,LOW,LOW,2026-06-02,,true
6268,LOW,LOW,LOW,2026-06-02,,true
6269,LOW,LOW,LOW,2026-06-02,,true
6271,LOW,LOW,LOW,2026-06-02,,true
6274,LOW,LOW,LOW,2026-06-02,,true
6276,LOW,LOW,LOW,2026-06-02,,true
6277,LOW,LOW,LOW,2026-06-02,,true
6278,LOW,LOW,LOW,2026-06-02,,true
6281,LOW,LOW,LOW,2026-06-02,,true
6284,LOW,LOW,LOW,2026-06-02,,true
6288,LOW,LOW,LOW,2026-06-02,,true
6289,LOW,LOW,LOW,2026-06-02,,true
6293,LOW,LOW,LOW,2026-06-02,,true
6298,LOW,LOW,LOW,2026-06-02,,true
6302,LOW,LOW,LOW,2026-06-02,,true
6305,LOW,LOW,LOW,2026-06-02,,true
6306,LOW,LOW,LOW,2026-06-02,,true
6310,LOW,LOW,LOW,2026-06-02,,true
6314,LOW,LOW,LOW,2026-06-02,,true
6317,LOW,LOW,LOW,2026-06-02,,true
6320,LOW,LOW,LOW,2026-06-02,,true
6323,LOW,LOW,LOW,2026-06-02,,true
6331,LOW,LOW,LOW,2026-06-02,,true
6334,LOW,LOW,LOW,2026-06-02,,true
6335,LOW,LOW,LOW,2026-06-02,,true
6337,LOW,LOW,LOW,2026-06-02,,true
6346,LOW,LOW,LOW,2026-06-02,,true
6348,LOW,LOW,LOW,2026-06-02,,true
6349,LOW,LOW,LOW,2026-06-02,,true
6359,LOW,HIGH,LOW,2026-06-02,,true
6367,LOW,HIGH,LOW,2026-06-02,,true
6374,LOW,HIGH,LOW,2026-06-02,,true
6377,LOW,HIGH,LOW,2026-06-02,,true
6383,LOW,HIGH,LOW,2026-06-02,,true
6386,LOW,HIGH,LOW,2026-06-02,,true
6388,LOW,HIGH,LOW,2026-06-02,,true
6396,LOW,HIGH,LOW,2026-06-02,,true
6406,LOW,HIGH,LOW,2026-06-02,,true
6407,LOW,HIGH,LOW,2026-06-02,,true
6416,LOW,LOW,LOW,2026-06-02,,true
6417,LOW,LOW,LOW,2026-06-02,,true
6419,LOW,LOW,LOW,2026-06-02,,true
6427,LOW,LOW,LOW,2026-06-02,,true
6429,LOW,LOW,LOW,2026-06-02,,true
6446,LOW,LOW,LOW,2026-06-02,,true
6448,LOW,LOW,LOW,2026-06-02,,true
6449,LOW,LOW,LOW,2026-06-02,,true
6454,LOW,LOW,LOW,2026-06-02,,true
6458,LOW,LOW,LOW,2026-06-02,,true
6461,LOW,LOW,LOW,2026-06-02,,true
6465,LOW,LOW,LOW,2026-06-02,,true
6466,LOW,LOW,LOW,2026-06-02,,true
6469,LOW,LOW,LOW,2026-06-02,,true
6470,LOW,LOW,LOW,2026-06-02,,true
6471,LOW,LOW,LOW,2026-06-02,,true
6476,LOW,LOW,LOW,2026-06-02,,true
6477,LOW,LOW,LOW,2026-06-02,,true
6490,LOW,LOW,LOW,2026-06-02,,true
6492,LOW,LOW,LOW,2026-06-02,,true
6493,LOW,LOW,LOW,2026-06-02,,true
6497,LOW,LOW,LOW,2026-06-02,,true
6499,LOW,LOW,LOW,2026-06-02,,true
6502,LOW,LOW,LOW,2026-06-02,,true
6503,LOW,LOW,LOW,2026-06-02,,true
6505,LOW,LOW,LOW,2026-06-02,,true
6508,LOW,LOW,LOW,2026-06-02,,true
6513,LOW,LOW,LOW,2026-06-02,,true
6527,LOW,LOW,LOW,2026-06-02,,true
6529,LOW,LOW,LOW,2026-06-02,,true
6533,LOW,LOW,LOW,2026-06-02,,true
6534,LOW,LOW,LOW,2026-06-02,,true
6540,LOW,LOW,LOW,2026-06-02,,true
6543,LOW,LOW,LOW,2026-06-02,,true
6547,LOW,LOW,LOW,2026-06-02,,true
6555,LOW,LOW,LOW,2026-06-02,,true
6556,LOW,LOW,LOW,2026-06-02,,true
6566,LOW,LOW,LOW,2026-06-02,,true
6577,LOW,LOW,LOW,2026-06-02,,true
6578,LOW,LOW,LOW,2026-06-02,,true
6580,LOW,LOW,LOW,2026-06-02,,true
6581,LOW,LOW,LOW,2026-06-02,,true
6584,LOW,LOW,LOW,2026-06-02,,true
6598,LOW,LOW,LOW,2026-06-02,,true
6599,LOW,LOW,LOW,2026-06-02,,true
6613,LOW,LOW,LOW,2026-06-02,,true
6618,LOW,LOW,LOW,2026-06-02,,true
6620,LOW,LOW,LOW,2026-06-02,,true
6627,LOW,LOW,LOW,2026-06-02,,true
6636,LOW,LOW,LOW,2026-06-02,,true
6637,LOW,LOW,LOW,2026-06-02,,true
6639,LOW,LOW,LOW,2026-06-02,,true
6640,LOW,LOW,LOW,2026-06-02,,true
6643,LOW,LOW,LOW,2026-06-02,,true
6644,LOW,LOW,LOW,2026-06-02,,true
6645,LOW,LOW,LOW,2026-06-02,,true
6651,LOW,LOW,LOW,2026-06-02,,true
6653,LOW,LOW,LOW,2026-06-02,,true
6659,LOW,LOW,LOW,2026-06-02,,true
6666,LOW,LOW,LOW,2026-06-02,,true
6668,LOW,LOW,LOW,2026-06-02,,true
6673,LOW,LOW,LOW,2026-06-02,,true
6679,LOW,LOW,LOW,2026-06-02,,true
6688,LOW,LOW,LOW,2026-06-02,,true
6698,LOW,LOW,LOW,2026-06-02,,true
6700,LOW,LOW,LOW,2026-06-02,,true
6706,LOW,LOW,LOW,2026-06-02,,true
6707,LOW,LOW,LOW,2026-06-02,,true
6708,LOW,LOW,LOW,2026-06-02,,true
6710,LOW,LOW,LOW,2026-06-02,,true
6711,LOW,LOW,LOW,2026-06-02,,true
6716,LOW,LOW,LOW,2026-06-02,,true
6717,LOW,LOW,LOW,2026-06-02,,true
6725,LOW,LOW,LOW,2026-06-02,,true
6729,LOW,LOW,LOW,2026-06-02,,true
6734,LOW,LOW,LOW,2026-06-02,,true
6739,LOW,LOW,LOW,2026-06-02,,true
6740,LOW,LOW,LOW,2026-06-02,,true
6747,LOW,LOW,LOW,2026-06-02,,true
6749,LOW,LOW,LOW,2026-06-02,,true
6752,LOW,LOW,LOW,2026-06-02,,true
6753,LOW,LOW,LOW,2026-06-02,,true
6767,LOW,LOW,LOW,2026-06-02,,true
6769,LOW,LOW,LOW,2026-06-02,,true
6771,LOW,LOW,LOW,2026-06-02,,true
6780,LOW,LOW,LOW,2026-06-02,,true
6787,LOW,LOW,LOW,2026-06-02,,true
6790,LOW,LOW,LOW,2026-06-02,,true
6794,LOW,LOW,LOW,2026-06-02,,true
6797,LOW,LOW,LOW,2026-06-02,,true
6798,LOW,LOW,LOW,2026-06-02,,true
6799,LOW,LOW,LOW,2026-06-02,,true
6802,LOW,LOW,LOW,2026-06-02,,true
6809,LOW,LOW,LOW,2026-06-02,,true
6816,LOW,LOW,LOW,2026-06-02,,true
6825,LOW,LOW,LOW,2026-06-02,,true
6828,LOW,LOW,LOW,2026-06-02,,true
6847,LOW,LOW,LOW,2026-06-02,,true
6849,LOW,LOW,LOW,2026-06-02,,true
6854,LOW,LOW,LOW,2026-06-02,,true
6859,LOW,LOW,LOW,2026-06-02,,true
6860,LOW,LOW,LOW,2026-06-02,,true
6862,LOW,LOW,LOW,2026-06-02,,true
6871,LOW,LOW,LOW,2026-06-02,,true
6876,LOW,LOW,LOW,2026-06-02,,true
6879,LOW,LOW,LOW,2026-06-02,,true
6880,LOW,LOW,LOW,2026-06-02,,true
6881,LOW,LOW,LOW,2026-06-02,,true
6884,LOW,LOW,LOW,2026-06-02,,true
6886,LOW,LOW,LOW,2026-06-02,,true
6890,LOW,LOW,LOW,2026-06-02,,true
6892,LOW,LOW,LOW,2026-06-02,,true
6902,LOW,LOW,LOW,2026-06-02,,true
6905,LOW,LOW,LOW,2026-06-02,,true
6912,LOW,LOW,LOW,2026-06-02,,true
6914,LOW,LOW,LOW,2026-06-02,,true
6915,LOW,LOW,LOW,2026-06-02,,true
6917,LOW,LOW,LOW,2026-06-02,,true
6922,LOW,LOW,LOW,2026-06-02,,true
6934,LOW,LOW,LOW,2026-06-02,,true
6939,LOW,LOW,LOW,2026-06-02,,true
6940,LOW,LOW,LOW,2026-06-02,,true
6945,LOW,LOW,LOW,2026-06-02,,true
6948,LOW,LOW,LOW,2026-06-02,,true
6950,LOW,LOW,LOW,2026-06-02,,true
6951,LOW,LOW,LOW,2026-06-02,,true
6954,LOW,LOW,LOW,2026-06-02,,true
6963,LOW,LOW,LOW,2026-06-02,,true
6967,LOW,LOW,LOW,2026-06-02,,true
6973,LOW,LOW,LOW,2026-06-02,,true
6975,LOW,LOW,LOW,2026-06-02,,true
6976,LOW,LOW,LOW,2026-06-02,,true
6977,LOW,LOW,LOW,2026-06-02,,true
6980,LOW,LOW,LOW,2026-06-02,,true
6981,LOW,LOW,LOW,2026-06-02,,true
6984,LOW,LOW,LOW,2026-06-02,,true
6990,LOW,LOW,LOW,2026-06-02,,true
6991,LOW,LOW,LOW,2026-06-02,,true
6993,LOW,LOW,LOW,2026-06-02,,true
6995,LOW,LOW,LOW,2026-06-02,,true
6996,LOW,LOW,LOW,2026-06-02,,true
7001,LOW,LOW,LOW,2026-06-02,,true
7005,LOW,LOW,LOW,2026-06-02,,true
7010,LOW,LOW,LOW,2026-06-02,,true
7013,LOW,LOW,LOW,2026-06-02,,true
7014,LOW,LOW,LOW,2026-06-02,,true
7025,LOW,LOW,LOW,2026-06-02,,true
7027,LOW,LOW,LOW,2026-06-02,,true
7036,LOW,HIGH,LOW,2026-06-02,,true
7040,LOW,HIGH,LOW,2026-06-02,,true
7043,LOW,HIGH,LOW,2026-06-02,,true
7045,LOW,HIGH,LOW,2026-06-02,,true
7050,LOW,HIGH,LOW,2026-06-02,,true
7054,LOW,HIGH,LOW,2026-06-02,,true
7056,LOW,HIGH,LOW,2026-06-02,,true
7059,LOW,HIGH,LOW,2026-06-02,,true
7066,LOW,HIGH,LOW,2026-06-02,,true
7077,LOW,HIGH,LOW,2026-06-02,,true
7084,LOW,HIGH,LOW,2026-06-02,,true
7094,LOW,HIGH,LOW,2026-06-02,,true
7097,LOW,LOW,LOW,2026-06-02,,true
7099,LOW,LOW,LOW,2026-06-02,,true
7108,LOW,LOW,LOW,2026-06-02,,true
7110,LOW,LOW,LOW,2026-06-02,,true
7112,LOW,LOW,LOW,2026-06-02,,true
7113,LOW,LOW,LOW,2026-06-02,,true
7115,LOW,LOW,LOW,2026-06-02,,true
7116,LOW,LOW,LOW,2026-06-02,,true
7117,LOW,LOW,LOW,2026-06-02,,true
7121,LOW,LOW,LOW,2026-06-02,,true
7122,LOW,LOW,LOW,2026-06-02,,true
7123,LOW,LOW,LOW,2026-06-02,,true
7125,LOW,LOW,LOW,2026-06-02,,true
7126,LOW,LOW,LOW,2026-06-02,,true
7128,LOW,LOW,LOW,2026-06-02,,true
7130,LOW,LOW,LOW,2026-06-02,,true
7135,LOW,LOW,LOW,2026-06-02,,true
7139,LOW,LOW,LOW,2026-06-02,,true
7141,LOW,LOW,LOW,2026-06-02,,true
7146,LOW,LOW,LOW,2026-06-02,,true
7148,LOW,LOW,LOW,2026-06-02,,true
7149,LOW,LOW,LOW,2026-06-02,,true
7152,LOW,LOW,LOW,2026-06-02,,true
7153,LOW,LOW,LOW,2026-06-02,,true
7154,LOW,LOW,LOW,2026-06-02,,true
7160,LOW,LOW,LOW,2026-06-02,,true
7162,LOW,HIGH,LOW,2026-06-02,,true
7164,LOW,HIGH,LOW,2026-06-02,,true
7167,LOW,HIGH,LOW,2026-06-02,,true
7172,LOW,HIGH,LOW,2026-06-02,,true
7173,LOW,HIGH,LOW,2026-06-02,,true
7175,LOW,HIGH,LOW,2026-06-02,,true
7182,LOW,HIGH,LOW,2026-06-02,,true
7187,LOW,HIGH,LOW,2026-06-02,,true
7192,LOW,HIGH,LOW,2026-06-02,,true
7202,LOW,HIGH,LOW,2026-06-02,,true
7203,LOW,HIGH,LOW,2026-06-02,,true
7207,LOW,HIGH,LOW,2026-06-02,,true
7208,LOW,HIGH,LOW,2026-06-02,,true
7211,LOW,HIGH,LOW,2026-06-02,,true
7215,LOW,HIGH,LOW,2026-06-02,,true
7216,LOW,HIGH,LOW,2026-06-02,,true
7217,LOW,HIGH,LOW,2026-06-02,,true
7227,LOW,HIGH,LOW,2026-06-02,,true
7229,LOW,HIGH,LOW,2026-06-02,,true
7241,HIGH,LOW,HIGH,2026-06-02,,true
7243,HIGH,LOW,HIGH,2026-06-02,,true
7244,HIGH,LOW,HIGH,2026-06-02,,true
7253,HIGH,LOW,HIGH,2026-06-02,,true
7259,HIGH,LOW,HIGH,2026-06-02,,true
7260,HIGH,LOW,HIGH,2026-06-02,,true
7262,HIGH,LOW,HIGH,2026-06-02,,true
7266,HIGH,LOW,HIGH,2026-06-02,,true
7271,HIGH,LOW,HIGH,2026-06-02,,true
7272,HIGH,LOW,HIGH,2026-06-02,,true
7274,HIGH,LOW,HIGH,2026-06-02,,true
7275,HIGH,LOW,HIGH,2026-06-02,,true
7277,HIGH,LOW,HIGH,2026-06-02,,true
7278,HIGH,LOW,HIGH,2026-06-02,,true
7283,LOW,LOW,LOW,2026-06-02,,true
7285,LOW,LOW,LOW,2026-06-02,,true
7286,LOW,LOW,LOW,2026-06-02,,true
7290,LOW,LOW,LOW,2026-06-02,,true
7291,LOW,LOW,LOW,2026-06-02,,true
7293,LOW,LOW,LOW,2026-06-02,,true
7297,LOW,LOW,LOW,2026-06-02,,true
7300,LOW,LOW,LOW,2026-06-02,,true
7308,LOW,LOW,LOW,2026-06-02,,true
7311,LOW,LOW,LOW,2026-06-02,,true
7312,LOW,LOW,LOW,2026-06-02,,true
7313,LOW,LOW,LOW,2026-06-02,,true
7315,LOW,LOW,LOW,2026-06-02,,true
7320,LOW,LOW,LOW,2026-06-02,,true
7326,LOW,LOW,LOW,2026-06-02,,true
7327,LOW,LOW,LOW,2026-06-02,,true
7333,LOW,LOW,LOW,2026-06-02,,true
7343,LOW,LOW,LOW,2026-06-02,,true
7344,LOW,LOW,LOW,2026-06-02,,true
7354,LOW,HIGH,LOW,2026-06-02,,true
7356,LOW,HIGH,LOW,2026-06-02,,true
7365,LOW,HIGH,LOW,2026-06-02,,true
7372,LOW,HIGH,LOW,2026-06-02,,true
7373,LOW,HIGH,LOW,2026-06-02,,true
7375,LOW,HIGH,LOW,2026-06-02,,true
7378,LOW,HIGH,LOW,2026-06-02,,true
7381,LOW,HIGH,LOW,2026-06-02,,true
7382,LOW,HIGH,LOW,2026-06-02,,true
7401,LOW,HIGH,LOW,2026-06-02,,true
7403,LOW,HIGH,LOW,2026-06-02,,true
7405,LOW,HIGH,LOW,2026-06-02,,true
7406,LOW,HIGH,LOW,2026-06-02,,true
7408,LOW,LOW,LOW,2026-06-02,,true
7416,LOW,LOW,LOW,2026-06-02,,true
7421,LOW,LOW,LOW,2026-06-02,,true
7423,LOW,LOW,LOW,2026-06-02,,true
7424,LOW,LOW,LOW,2026-06-02,,true
7431,LOW,LOW,LOW,2026-06-02,,true
7436,LOW,LOW,LOW,2026-06-02,,true
7445,LOW,LOW,LOW,2026-06-02,,true
7449,LOW,LOW,LOW,2026-06-02,,true
7451,LOW,LOW,LOW,2026-06-02,,true
7454,LOW,LOW,LOW,2026-06-02,,true
7459,LOW,LOW,LOW,2026-06-02,,true
7463,LOW,LOW,LOW,2026-06-02,,true
7464,LOW,LOW,LOW,2026-06-02,,true
7465,LOW,LOW,LOW,2026-06-02,,true
7468,LOW,LOW,LOW,2026-06-02,,true
7471,LOW,LOW,LOW,2026-06-02,,true
7473,LOW,HIGH,LOW,2026-06-02,,true
7477,LOW,HIGH,LOW,2026-06-02,,true
7480,LOW,HIGH,LOW,2026-06-02,,true
7481,LOW,HIGH,LOW,2026-06-02,,true
7485,LOW,HIGH,LOW,2026-06-02,,true
7486,LOW,HIGH,LOW,2026-06-02,,true
7498,LOW,HIGH,LOW,2026-06-02,,true
7499,LOW,HIGH,LOW,2026-06-02,,true
7502,LOW,HIGH,LOW,2026-06-02,,true
7507,LOW,HIGH,LOW,2026-06-02,,true
7508,LOW,HIGH,LOW,2026-06-02,,true
7510,LOW,HIGH,LOW,2026-06-02,,true
7511,LOW,HIGH,LOW,2026-06-02,,true
7515,LOW,HIGH,LOW,2026-06-02,,true
7516,LOW,HIGH,LOW,2026-06-02,,true
7517,LOW,HIGH,LOW,2026-06-02,,true
7519,LOW,HIGH,LOW,2026-06-02,,true
7523,LOW,HIGH,LOW,2026-06-02,,true
7524,LOW,HIGH,LOW,2026-06-02,,true
7526,LOW,HIGH,LOW,2026-06-02,,true
7527,LOW,HIGH,LOW,2026-06-02,,true
7536,LOW,LOW,LOW,2026-06-02,,true
7543,LOW,LOW,LOW,2026-06-02,,true
7545,LOW,LOW,LOW,2026-06-02,,true
7556,LOW,LOW,LOW,2026-06-02,,true
7560,LOW,LOW,LOW,2026-06-02,,true
7561,LOW,LOW,LOW,2026-06-02,,true
7573,LOW,LOW,LOW,2026-06-02,,true
7574,LOW,LOW,LOW,2026-06-02,,true
7578,LOW,LOW,LOW,2026-06-02,,true
7582,LOW,LOW,LOW,2026-06-02,,true
7584,LOW,LOW,LOW,2026-06-02,,true
7587,LOW,LOW,LOW,2026-06-02,,true
7599,LOW,HIGH,LOW,2026-06-02,,true
7602,LOW,HIGH,LOW,2026-06-02,,true
7606,LOW,HIGH,LOW,2026-06-02,,true
7614,LOW,HIGH,LOW,2026-06-02,,true
7615,LOW,HIGH,LOW,2026-06-02,,true
7622,LOW,HIGH,LOW,2026-06-02,,true
7631,LOW,HIGH,LOW,2026-06-02,,true
7634,LOW,HIGH,LOW,2026-06-02,,true
7637,LOW,HIGH,LOW,2026-06-02,,true
7642,LOW,HIGH,LOW,2026-06-02,,true
7651,LOW,HIGH,LOW,2026-06-02,,true
7654,LOW,HIGH,LOW,2026-06-02,,true
7655,LOW,HIGH,LOW,2026-06-02,,true
7661,LOW,LOW,LOW,2026-06-02,,true
7665,LOW,LOW,LOW,2026-06-02,,true
7668,LOW,LOW,LOW,2026-06-02,,true
7679,LOW,LOW,LOW,2026-06-02,,true
7690,LOW,LOW,LOW,2026-06-02,,true
7698,LOW,LOW,LOW,2026-06-02,,true
7699,LOW,LOW,LOW,2026-06-02,,true
7702,LOW,LOW,LOW,2026-06-02,,true
7705,LOW,LOW,LOW,2026-06-02,,true
7706,LOW,LOW,LOW,2026-06-02,,true
7712,LOW,LOW,LOW,2026-06-02,,true
7720,LOW,LOW,LOW,2026-06-02,,true
7721,LOW,LOW,LOW,2026-06-02,,true
7723,LOW,LOW,LOW,2026-06-02,,true
7725,LOW,HIGH,LOW,2026-06-02,,true
7728,LOW,HIGH,LOW,2026-06-02,,true
7730,LOW,HIGH,LOW,2026-06-02,,true
7732,LOW,HIGH,LOW,2026-06-02,,true
7733,LOW,HIGH,LOW,2026-06-02,,true
7734,LOW,HIGH,LOW,2026-06-02,,true
7735,LOW,HIGH,LOW,2026-06-02,,true
7739,LOW,HIGH,LOW,2026-06-02,,true
7740,LOW,HIGH,LOW,2026-06-02,,true
7741,LOW,HIGH,LOW,2026-06-02,,true
7751,LOW,HIGH,LOW,2026-06-02,,true
7752,LOW,HIGH,LOW,2026-06-02,,true
7755,LOW,HIGH,LOW,2026-06-02,,true
7760,LOW,HIGH,LOW,2026-06-02,,true
7762,LOW,HIGH,LOW,2026-06-02,,true
7764,LOW,HIGH,LOW,2026-06-02,,true
7766,LOW,HIGH,LOW,2026-06-02,,true
7767,LOW,HIGH,LOW,2026-06-02,,true
7776,LOW,HIGH,LOW,2026-06-02,,true
7777,LOW,HIGH,LOW,2026-06-02,,true
7778,LOW,HIGH,LOW,2026-06-02,,true
7779,LOW,HIGH,LOW,2026-06-02,,true
7789,LOW,LOW,LOW,2026-06-02,,true
7792,LOW,LOW,LOW,2026-06-02,,true
7793,LOW,LOW,LOW,2026-06-02,,true
7797,LOW,LOW,LOW,2026-06-02,,true
7802,LOW,LOW,LOW,2026-06-02,,true
7806,LOW,LOW,LOW,2026-06-02,,true
7807,LOW,LOW,LOW,2026-06-02,,true
7808,LOW,LOW,LOW,2026-06-02,,true
7809,LOW,LOW,LOW,2026-06-02,,true
7811,LOW,LOW,LOW,2026-06-02,,true
7814,LOW,LOW,LOW,2026-06-02,,true
7825,LOW,LOW,LOW,2026-06-02,,true
7831,LOW,LOW,LOW,2026-06-02,,true
7842,LOW,LOW,LOW,2026-06-02,,true
7845,LOW,LOW,LOW,2026-06-02,,true
7846,LOW,LOW,LOW,2026-06-02,,true
7847,LOW,LOW,LOW,2026-06-02,,true
7857,LOW,HIGH,LOW,2026-06-02,,true
7866,LOW,HIGH,LOW,2026-06-02,,true
7869,LOW,HIGH,LOW,2026-06-02,,true
7870,LOW,HIGH,LOW,2026-06-02,,true
7872,LOW,HIGH,LOW,2026-06-02,,true
7881,LOW,HIGH,LOW,2026-06-02,,true
7882,LOW,HIGH,LOW,2026-06-02,,true
7884,LOW,HIGH,LOW,2026-06-02,,true
7885,LOW,HIGH,LOW,2026-06-02,,true
7888,LOW,HIGH,LOW,2026-06-02,,true
7896,LOW,HIGH,LOW,2026-06-02,,true
7897,LOW,HIGH,LOW,2026-06-02,,true
7898,LOW,HIGH,LOW,2026-06-02,,true
7900,LOW,HIGH,LOW,2026-06-02,,true
7912,LOW,LOW,LOW,2026-06-02,,true
7921,LOW,LOW,LOW,2026-06-02,,true
7923,LOW,LOW,LOW,2026-06-02,,true
7928,LOW,LOW,LOW,2026-06-02,,true
7933,LOW,LOW,LOW,2026-06-02,,true
7935,LOW,LOW,LOW,2026-06-02,,true
7937,LOW,LOW,LOW,2026-06-02,,true
7947,LOW,LOW,LOW,2026-06-02,,true
7956,LOW,LOW,LOW,2026-06-02,,true
7958,LOW,LOW,LOW,2026-06-02,,true
7970,LOW,LOW,LOW,2026-06-02,,true
7972,LOW,LOW,LOW,2026-06-02,,true
7973,LOW,LOW,LOW,2026-06-02,,true
7987,LOW,HIGH,LOW,2026-06-02,,true
7990,LOW,HIGH,LOW,2026-06-02,,true
7996,LOW,HIGH,LOW,2026-06-02,,true
7997,LOW,HIGH,LOW,2026-06-02,,true
8005,LOW,HIGH,LOW,2026-06-02,,true
8006,LOW,HIGH,LOW,2026-06-02,,true
8016,LOW,HIGH,LOW,2026-06-02,,true
8018,LOW,HIGH,LOW,2026-06-02,,true
8020,LOW,HIGH,LOW,2026-06-02,,true
8022,LOW,HIGH,LOW,2026-06-02,,true
8025,LOW,HIGH,LOW,2026-06-02,,true
8033,LOW,HIGH,LOW,2026-06-02,,true
8036,LOW,LOW,LOW,2026-06-02,,true
8037,LOW,LOW,LOW,2026-06-02,,true
8040,LOW,LOW,LOW,2026-06-02,,true
8042,LOW,LOW,LOW,2026-06-02,,true
8059,LOW,LOW,LOW,2026-06-02,,true
8060,LOW,LOW,LOW,2026-06-02,,true
8062,LOW,LOW,LOW,2026-06-02,,true
8066,LOW,LOW,LOW,2026-06-02,,true
8072,LOW,LOW,LOW,2026-06-02,,true
8078,LOW,LOW,LOW,2026-06-02,,true
8080,LOW,LOW,LOW,2026-06-02,,true
8084,LOW,LOW,LOW,2026-06-02,,true
8090,LOW,LOW,LOW,2026-06-02,,true
8093,LOW,LOW,LOW,2026-06-02,,true
8096,LOW,LOW,LOW,2026-06-02,,true
8102,LOW,HIGH,LOW,2026-06-02,,true
8111,LOW,HIGH,LOW,2026-06-02,,true
8112,LOW,HIGH,LOW,2026-06-02,,true
8117,LOW,HIGH,LOW,2026-06-02,,true
8119,LOW,HIGH,LOW,2026-06-02,,true
8125,LOW,HIGH,LOW,2026-06-02,,true
8136,LOW,HIGH,LOW,2026-06-02,,true
8145,LOW,HIGH,LOW,2026-06-02,,true
8148,LOW,HIGH,LOW,2026-06-02,,true
8149,LOW,HIGH,LOW,2026-06-02,,true
8154,LOW,HIGH,LOW,2026-06-02,,true
8156,LOW,HIGH,LOW,2026-06-02,,true
8163,LOW,LOW,LOW,2026-06-02,,true
8164,LOW,LOW,LOW,2026-06-02,,true
8172,LOW,LOW,LOW,2026-06-02,,true
8176,LOW,LOW,LOW,2026-06-02,,true
8177,LOW,LOW,LOW,2026-06-02,,true
8178,LOW,LOW,LOW,2026-06-02,,true
8185,LOW,LOW,LOW,2026-06-02,,true
8189,LOW,LOW,LOW,2026-06-02,,true
8190,LOW,LOW,LOW,2026-06-02,,true
8194,LOW,LOW,LOW,2026-06-02,,true
8198,LOW,LOW,LOW,2026-06-02,,true
8199,LOW,LOW,LOW,2026-06-02,,true
8201,LOW,LOW,LOW,2026-06-02,,true
8202,LOW,LOW,LOW,2026-06-02,,true
8203,LOW,LOW,LOW,2026-06-02,,true
8212,LOW,LOW,LOW,2026-06-02,,true
8214,LOW,LOW,LOW,2026-06-02,,true
8223,LOW,LOW,LOW,2026-06-02,,true
8228,LOW,LOW,LOW,2026-06-02,,true
8232,LOW,LOW,LOW,2026-06-02,,true
8234,LOW,LOW,LOW,2026-06-02,,true
8236,LOW,LOW,LOW,2026-06-02,,true
8237,LOW,LOW,LOW,2026-06-02,,true
8242,LOW,LOW,LOW,2026-06-02,,true
8243,LOW,LOW,LOW,2026-06-02,,true
8245,LOW,LOW,LOW,2026-06-02,,true
8247,LOW,LOW,LOW,2026-06-02,,true
8261,LOW,LOW,LOW,2026-06-02,,true
8262,LOW,LOW,LOW,2026-06-02,,true
8264,LOW,LOW,LOW,2026-06-02,,true
8265,LOW,LOW,LOW,2026-06-02,,true
8267,LOW,LOW,LOW,2026-06-02,,true
8269,LOW,LOW,LOW,2026-06-02,,true
8272,LOW,HIGH,LOW,2026-06-02,,true
8278,LOW,HIGH,LOW,2026-06-02,,true
8279,LOW,HIGH,LOW,2026-06-02,,true
8281,LOW,HIGH,LOW,2026-06-02,,true
8283,LOW,HIGH,LOW,2026-06-02,,true
8284,LOW,HIGH,LOW,2026-06-02,,true
8285,LOW,HIGH,LOW,2026-06-02,,true
8295,LOW,HIGH,LOW,2026-06-02,,true
8303,LOW,HIGH,LOW,2026-06-02,,true
8309,LOW,HIGH,LOW,2026-06-02,,true
8316,LOW,HIGH,LOW,2026-06-02,,true
8322,LOW,HIGH,LOW,2026-06-02,,true
8325,LOW,HIGH,LOW,2026-06-02,,true
8329,LOW,HIGH,LOW,2026-06-02,,true
8339,LOW,LOW,LOW,2026-06-02,,true
8350,LOW,LOW,LOW,2026-06-02,,true
8351,LOW,LOW,LOW,2026-06-02,,true
8353,LOW,LOW,LOW,2026-06-02,,true
8354,LOW,LOW,LOW,2026-06-02,,true
8357,LOW,LOW,LOW,2026-06-02,,true
8361,LOW,LOW,LOW,2026-06-02,,true
8370,LOW,LOW,LOW,2026-06-02,,true
8371,LOW,LOW,LOW,2026-06-02,,true
8378,LOW,HIGH,LOW,2026-06-02,,true
8381,LOW,HIGH,LOW,2026-06-02,,true
8391,LOW,HIGH,LOW,2026-06-02,,true
8399,LOW,HIGH,LOW,2026-06-02,,true
8402,LOW,HIGH,LOW,2026-06-02,,true
8407,LOW,HIGH,LOW,2026-06-02,,true
8409,LOW,HIGH,LOW,2026-06-02,,true
8414,LOW,HIGH,LOW,2026-06-02,,true
8415,LOW,HIGH,LOW,2026-06-02,,true
8416,LOW,HIGH,LOW,2026-06-02,,true
8430,LOW,LOW,LOW,2026-06-02,,true
8436,LOW,LOW,LOW,2026-06-02,,true
8446,LOW,LOW,LOW,2026-06-02,,true
8447,LOW,LOW,LOW,2026-06-02,,true
8450,LOW,LOW,LOW,2026-06-02,,true
8452,LOW,LOW,LOW,2026-06-02,,true
8453,LOW,LOW,LOW,2026-06-02,,true
8456,LOW,LOW,LOW,2026-06-02,,true
8462,LOW,LOW,LOW,2026-06-02,,true
8468,LOW,LOW,LOW,2026-06-02,,true
8469,LOW,LOW,LOW,2026-06-02,,true
8470,LOW,LOW,LOW,2026-06-02,,true
8480,LOW,LOW,LOW,2026-06-02,,true
8482,LOW,LOW,LOW,2026-06-02,,true
8495,LOW,LOW,LOW,2026-06-02,,true
8497,LOW,LOW,LOW,2026-06-02,,true
8498,LOW,LOW,LOW,2026-06-02,,true
8499,LOW,LOW,LOW,2026-06-02,,true
8504,LOW,LOW,LOW,2026-06-02,,true
8512,LOW,LOW,LOW,2026-06-02,,true
8514,LOW,LOW,LOW,2026-06-02,,true
8516,LOW,LOW,LOW,2026-06-02,,true
8520,LOW,LOW,LOW,2026-06-02,,true
8533,LOW,LOW,LOW,2026-06-02,,true
8534,LOW,LOW,LOW,2026-06-02,,true
8535,LOW,LOW,LOW,2026-06-02,,true
8537,LOW,LOW,LOW,2026-06-02,,true
8541,LOW,LOW,LOW,2026-06-02,,true
8564,LOW,LOW,LOW,2026-06-02,,true
8568,LOW,LOW,LOW,2026-06-02,,true
8571,LOW,LOW,LOW,2026-06-02,,true
8572,LOW,LOW,LOW,2026-06-02,,true
8581,LOW,HIGH,LOW,2026-06-02,,true
8585,LOW,HIGH,LOW,2026-06-02,,true
8590,LOW,HIGH,LOW,2026-06-02,,true
8593,LOW,HIGH,LOW,2026-06-02,,true
8608,LOW,HIGH,LOW,2026-06-02,,true
8613,LOW,HIGH,LOW,2026-06-02,,true
8616,LOW,HIGH,LOW,2026-06-02,,true
8617,LOW,HIGH,LOW,2026-06-02,,true
8618,LOW,HIGH,LOW,2026-06-02,,true
8629,LOW,HIGH,LOW,2026-06-02,,true
8630,LOW,HIGH,LOW,2026-06-02,,true
8635,LOW,LOW,LOW,2026-06-02,,true
8636,LOW,LOW,LOW,2026-06-02,,true
8648,LOW,LOW,LOW,2026-06-02,,true
8659,LOW,LOW,LOW,2026-06-02,,true
8662,LOW,LOW,LOW,2026-06-02,,true
8665,LOW,LOW,LOW,2026-06-02,,true
8666,LOW,LOW,LOW,2026-06-02,,true
8667,LOW,LOW,LOW,2026-06-02,,true
8668,LOW,LOW,LOW,2026-06-02,,true
8678,LOW,LOW,LOW,2026-06-02,,true
8685,LOW,LOW,LOW,2026-06-02,,true
8686,LOW,LOW,LOW,2026-06-02,,true
8689,LOW,LOW,LOW,2026-06-02,,true
8691,LOW,LOW,LOW,2026-06-02,,true
8694,LOW,LOW,LOW,2026-06-02,,true
8696,LOW,LOW,LOW,2026-06-02,,true
8698,LOW,LOW,LOW,2026-06-02,,true
8703,LOW,LOW,LOW,2026-06-02,,true
8706,LOW,LOW,LOW,2026-06-02,,true
8713,LOW,LOW,LOW,2026-06-02,,true
8714,LOW,LOW,LOW,2026-06-02,,true
8724,LOW,HIGH,LOW,2026-06-02,,true
8728,LOW,HIGH,LOW,2026-06-02,,true
8729,LOW,HIGH,LOW,2026-06-02,,true
8733,LOW,HIGH,LOW,2026-06-02,,true
8735,LOW,HIGH,LOW,2026-06-02,,true
8743,LOW,HIGH,LOW,2026-06-02,,true
8760,LOW,LOW,LOW,2026-06-02,,true
8762,LOW,LOW,LOW,2026-06-02,,true
8764,LOW,LOW,LOW,2026-06-02,,true
8765,LOW,LOW,LOW,2026-06-02,,true
8768,LOW,LOW,LOW,2026-06-02,,true
8771,LOW,LOW,LOW,2026-06-02,,true
8772,LOW,LOW,LOW,2026-06-02,,true
8777,LOW,LOW,LOW,2026-06-02,,true
8778,LOW,LOW,LOW,2026-06-02,,true
8792,LOW,LOW,LOW,2026-06-02,,true
8793,LOW,LOW,LOW,2026-06-02,,true
8796,LOW,LOW,LOW,2026-06-02,,true
8803,LOW,LOW,LOW,2026-06-02,,true
8804,LOW,LOW,LOW,2026-06-02,,true
8805,LOW,LOW,LOW,2026-06-02,,true
8807,LOW,LOW,LOW,2026-06-02,,true
8810,LOW,LOW,LOW,2026-06-02,,true
8811,LOW,LOW,LOW,2026-06-02,,true
8815,LOW,LOW,LOW,2026-06-02,,true
8819,LOW,LOW,LOW,2026-06-02,,true
8820,LOW,LOW,LOW,2026-06-02,,true
8821,LOW,LOW,LOW,2026-06-02,,true
8823,LOW,LOW,LOW,2026-06-02,,true
8827,LOW,LOW,LOW,2026-06-02,,true
8831,LOW,LOW,LOW,2026-06-02,,true
8832,LOW,LOW,LOW,2026-06-02,,true
8834,LOW,LOW,LOW,2026-06-02,,true
8835,LOW,LOW,LOW,2026-06-02,,true
8842,LOW,LOW,LOW,2026-06-02,,true
8844,LOW,LOW,LOW,2026-06-02,,true
8849,LOW,LOW,LOW,2026-06-02,,true
8854,LOW,LOW,LOW,2026-06-02,,true
8857,LOW,LOW,LOW,2026-06-02,,true
8868,LOW,LOW,LOW,2026-06-02,,true
8871,LOW,LOW,LOW,2026-06-02,,true
8876,LOW,LOW,LOW,2026-06-02,,true
8877,LOW,LOW,LOW,2026-06-02,,true
8879,LOW,LOW,LOW,2026-06-02,,true
8880,LOW,LOW,LOW,2026-06-02,,true
8884,LOW,LOW,LOW,2026-06-02,,true
8885,LOW,LOW,LOW,2026-06-02,,true
8890,LOW,LOW,LOW,2026-06-02,,true
8901,LOW,LOW,LOW,2026-06-02,,true
8905,LOW,LOW,LOW,2026-06-02,,true
8907,LOW,LOW,LOW,2026-06-02,,true
8912,LOW,LOW,LOW,2026-06-02,,true
8917,LOW,LOW,LOW,2026-06-02,,true
8932,LOW,LOW,LOW,2026-06-02,,true
8935,LOW,LOW,LOW,2026-06-02,,true
8938,LOW,LOW,LOW,2026-06-02,,true
8940,LOW,LOW,LOW,2026-06-02,,true
8941,LOW,LOW,LOW,2026-06-02,,true
8952,LOW,LOW,LOW,2026-06-02,,true
8954,LOW,LOW,LOW,2026-06-02,,true
8959,LOW,LOW,LOW,2026-06-02,,true
8966,LOW,LOW,LOW,2026-06-02,,true
8969,LOW,LOW,LOW,2026-06-02,,true
8972,LOW,LOW,LOW,2026-06-02,,true
8975,LOW,LOW,LOW,2026-06-02,,true
8995,LOW,LOW,LOW,2026-06-02,,true
9013,LOW,LOW,LOW,2026-06-02,,true
9017,LOW,HIGH,LOW,2026-06-02,,true
9025,LOW,HIGH,LOW,2026-06-02,,true
9032,LOW,HIGH,LOW,2026-06-02,,true
9035,LOW,HIGH,LOW,2026-06-02,,true
9038,LOW,HIGH,LOW,2026-06-02,,true
9045,LOW,HIGH,LOW,2026-06-02,,true
9046,LOW,HIGH,LOW,2026-06-02,,true
9047,LOW,HIGH,LOW,2026-06-02,,true
9048,LOW,HIGH,LOW,2026-06-02,,true
9052,LOW,HIGH,LOW,2026-06-02,,true
9053,LOW,HIGH,LOW,2026-06-02,,true
9054,LOW,HIGH,LOW,2026-06-02,,true
9058,LOW,HIGH,LOW,2026-06-02,,true
9060,LOW,HIGH,LOW,2026-06-02,,true
9061,LOW,HIGH,LOW,2026-06-02,,true
9062,LOW,HIGH,LOW,2026-06-02,,true
9079,LOW,HIGH,LOW,2026-06-02,,true
9081,LOW,HIGH,LOW,2026-06-02,,true
9082,LOW,HIGH,LOW,2026-06-02,,true
9087,LOW,HIGH,LOW,2026-06-02,,true
9095,LOW,HIGH,LOW,2026-06-02,,true
9099,LOW,HIGH,LOW,2026-06-02,,true
9103,LOW,HIGH,LOW,2026-06-02,,true
9104,LOW,HIGH,LOW,2026-06-02,,true
9108,LOW,HIGH,LOW,2026-06-02,,true
9110,LOW,HIGH,LOW,2026-06-02,,true
9114,LOW,HIGH,LOW,2026-06-02,,true
9124,LOW,LOW,LOW,2026-06-02,,true
9128,LOW,LOW,LOW,2026-06-02,,true
9129,LOW,LOW,LOW,2026-06-02,,true
9134,LOW,LOW,LOW,2026-06-02,,true
9139,LOW,LOW,LOW,2026-06-02,,true
9141,LOW,LOW,LOW,2026-06-02,,true
9142,LOW,LOW,LOW,2026-06-02,,true
9143,LOW,LOW,LOW,2026-06-02,,true
9144,LOW,LOW,LOW,2026-06-02,,true
9146,LOW,LOW,LOW,2026-06-02,,true
9149,LOW,LOW,LOW,2026-06-02,,true
9150,LOW,LOW,LOW,2026-06-02,,true
9158,LOW,LOW,LOW,2026-06-02,,true
9161,LOW,LOW,LOW,2026-06-02,,true
9164,LOW,LOW,LOW,2026-06-02,,true
9166,LOW,LOW,LOW,2026-06-02,,true
9167,LOW,LOW,LOW,2026-06-02,,true
9177,LOW,LOW,LOW,2026-06-02,,true
9185,LOW,LOW,LOW,2026-06-02,,true
9189,LOW,LOW,LOW,2026-06-02,,true
9197,LOW,LOW,LOW,2026-06-02,,true
9200,LOW,LOW,LOW,2026-06-02,,true
9201,LOW,LOW,LOW,2026-06-02,,true
9202,LOW,LOW,LOW,2026-06-02,,true
9204,LOW,LOW,LOW,2026-06-02,,true
9214,LOW,LOW,LOW,2026-06-02,,true
9221,LOW,LOW,LOW,2026-06-02,,true
9226,LOW,LOW,LOW,2026-06-02,,true
9227,LOW,LOW,LOW,2026-06-02,,true
9229,LOW,LOW,LOW,2026-06-02,,true
9232,LOW,LOW,LOW,2026-06-02,,true
9233,LOW,LOW,LOW,2026-06-02,,true
9235,LOW,LOW,LOW,2026-06-02,,true
9248,LOW,LOW,LOW,2026-06-02,,true
9249,LOW,LOW,LOW,2026-06-02,,true
9250,LOW,LOW,LOW,2026-06-02,,true
9251,LOW,LOW,LOW,2026-06-02,,true
9252,LOW,LOW,LOW,2026-06-02,,true
9255,LOW,LOW,LOW,2026-06-02,,true
9256,LOW,LOW,LOW,2026-06-02,,true
9257,LOW,LOW,LOW,2026-06-02,,true
9261,LOW,LOW,LOW,2026-06-02,,true
9266,LOW,LOW,LOW,2026-06-02,,true
9278,LOW,LOW,LOW,2026-06-02,,true
9283,LOW,LOW,LOW,2026-06-02,,true
9284,LOW,LOW,LOW,2026-06-02,,true
9287,LOW,LOW,LOW,2026-06-02,,true
9290,LOW,LOW,LOW,2026-06-02,,true
9291,LOW,LOW,LOW,2026-06-02,,true
9293,LOW,LOW,LOW,2026-06-02,,true
9297,LOW,LOW,LOW,2026-06-02,,true
9306,LOW,LOW,LOW,2026-06-02,,true
9307,LOW,LOW,LOW,2026-06-02,,true
9311,LOW,LOW,LOW,2026-06-02,,true
9313,LOW,LOW,LOW,2026-06-02,,true
9314,LOW,LOW,LOW,2026-06-02,,true
9315,LOW,LOW,LOW,2026-06-02,,true
9330,LOW,LOW,LOW,2026-06-02,,true
9333,LOW,LOW,LOW,2026-06-02,,true
9341,LOW,LOW,LOW,2026-06-02,,true
9350,LOW,LOW,LOW,2026-06-02,,true
9361,LOW,LOW,LOW,2026-06-02,,true
9362,LOW,LOW,LOW,2026-06-02,,true
9363,LOW,LOW,LOW,2026-06-02,,true
9364,LOW,LOW,LOW,2026-06-02,,true
9365,LOW,LOW,LOW,2026-06-02,,true
9371,LOW,LOW,LOW,2026-06-02,,true
9372,LOW,LOW,LOW,2026-06-02,,true
9375,LOW,LOW,LOW,2026-06-02,,true
9379,LOW,LOW,LOW,2026-06-02,,true
9388,LOW,LOW,LOW,2026-06-02,,true
9390,LOW,LOW,LOW,2026-06-02,,true
9394,LOW,LOW,LOW,2026-06-02,,true
9400,LOW,HIGH,LOW,2026-06-02,,true
9403,LOW,HIGH,LOW,2026-06-02,,true
9405,LOW,HIGH,LOW,2026-06-02,,true
9408,LOW,HIGH,LOW,2026-06-02,,true
9422,LOW,HIGH,LOW,2026-06-02,,true
9427,LOW,HIGH,LOW,2026-06-02,,true
9430,LOW,HIGH,LOW,2026-06-02,,true
9446,LOW,HIGH,LOW,2026-06-02,,true
9448,LOW,HIGH,LOW,2026-06-02,,true
9459,LOW,LOW,LOW,2026-06-02,,true
9463,LOW,LOW,LOW,2026-06-02,,true
9466,LOW,LOW,LOW,2026-06-02,,true
9472,LOW,LOW,LOW,2026-06-02,,true
9474,LOW,LOW,LOW,2026-06-02,,true
9476,LOW,LOW,LOW,2026-06-02,,true
9477,LOW,LOW,LOW,2026-06-02,,true
9478,LOW,LOW,LOW,2026-06-02,,true
9484,LOW,LOW,LOW,2026-06-02,,true
9491,LOW,LOW,LOW,2026-06-02,,true
9492,LOW,LOW,LOW,2026-06-02,,true
9493,LOW,LOW,LOW,2026-06-02,,true
9498,LOW,LOW,LOW,2026-06-02,,true
9499,LOW,LOW,LOW,2026-06-02,,true
9500,LOW,LOW,LOW,2026-06-02,,true
9501,LOW,LOW,LOW,2026-06-02,,true
9503,LOW,LOW,LOW,2026-06-02,,true
9505,LOW,LOW,LOW,2026-06-02,,true
9507,LOW,LOW,LOW,2026-06-02,,true
9509,LOW,LOW,LOW,2026-06-02,,true
9512,LOW,LOW,LOW,2026-06-02,,true
9513,LOW,LOW,LOW,2026-06-02,,true
9514,LOW,LOW,LOW,2026-06-02,,true
9520,LOW,LOW,LOW,2026-06-02,,true
9523,LOW,LOW,LOW,2026-06-02,,true
9526,LOW,LOW,LOW,2026-06-02,,true
9527,LOW,LOW,LOW,2026-06-02,,true
9534,LOW,LOW,LOW,2026-06-02,,true
9535,LOW,LOW,LOW,2026-06-02,,true
9544,LOW,LOW,LOW,2026-06-02,,true
9548,LOW,LOW,LOW,2026-06-02,,true
9549,LOW,LOW,LOW,2026-06-02,,true
9550,LOW,LOW,LOW,2026-06-02,,true
9552,LOW,LOW,LOW,2026-06-02,,true
9567,LOW,LOW,LOW,2026-06-02,,true
9570,LOW,LOW,LOW,2026-06-02,,true
9571,LOW,LOW,LOW,2026-06-02,,true
9577,LOW,LOW,LOW,2026-06-02,,true
9591,LOW,LOW,LOW,2026-06-02,,true
9593,LOW,LOW,LOW,2026-06-02,,true
9594,LOW,LOW,LOW,2026-06-02,,true
9595,LOW,LOW,LOW,2026-06-02,,true
9601,LOW,LOW,LOW,2026-06-02,,true
9605,LOW,LOW,LOW,2026-06-02,,true
9607,LOW,LOW,LOW,2026-06-02,,true
9609,LOW,LOW,LOW,2026-06-02,,true
9611,LOW,LOW,LOW,2026-06-02,,true
9619,LOW,LOW,LOW,2026-06-02,,true
9622,LOW,LOW,LOW,2026-06-02,,true
9627,LOW,LOW,LOW,2026-06-02,,true
9630,LOW,LOW,LOW,2026-06-02,,true
9632,LOW,LOW,LOW,2026-06-02,,true
9635,LOW,LOW,LOW,2026-06-02,,true
9637,LOW,LOW,LOW,2026-06-02,,true
9639,LOW,LOW,LOW,2026-06-02,,true
9641,LOW,LOW,LOW,2026-06-02,,true
9644,LOW,LOW,LOW,2026-06-02,,true
9646,LOW,LOW,LOW,2026-06-02,,true
9650,LOW,LOW,LOW,2026-06-02,,true
9652,LOW,LOW,LOW,2026-06-02,,true
9653,LOW,LOW,LOW,2026-06-02,,true
9654,LOW,LOW,LOW,2026-06-02,,true
9655,LOW,LOW,LOW,2026-06-02,,true
9656,LOW,LOW,LOW,2026-06-02,,true
9662,LOW,LOW,LOW,2026-06-02,,true
9665,LOW,LOW,LOW,2026-06-02,,true
9666,LOW,LOW,LOW,2026-06-02,,true
9670,LOW,LOW,LOW,2026-06-02,,true
9671,LOW,LOW,LOW,2026-06-02,,true
9674,LOW,LOW,LOW,2026-06-02,,true
9689,LOW,LOW,LOW,2026-06-02,,true
9691,LOW,LOW,LOW,2026-06-02,,true
9702,LOW,LOW,LOW,2026-06-02,,true
9705,LOW,LOW,LOW,2026-06-02,,true
9709,LOW,LOW,LOW,2026-06-02,,true
9713,LOW,LOW,LOW,2026-06-02,,true
9714,LOW,LOW,LOW,2026-06-02,,true
9717,LOW,LOW,LOW,2026-06-02,,true
9718,LOW,LOW,LOW,2026-06-02,,true
9722,LOW,LOW,LOW,2026-06-02,,true
9723,LOW,LOW,LOW,2026-06-02,,true
9726,LOW,LOW,LOW,2026-06-02,,true
9731,LOW,LOW,LOW,2026-06-02,,true
9732,LOW,LOW,LOW,2026-06-02,,true
9736,LOW,LOW,LOW,2026-06-02,,true
9737,LOW,LOW,LOW,2026-06-02,,true
9757,LOW,LOW,LOW,2026-06-02,,true
9763,LOW,LOW,LOW,2026-06-02,,true
9764,LOW,LOW,LOW,2026-06-02,,true
9769,LOW,LOW,LOW,2026-06-02,,true
9772,LOW,LOW,LOW,2026-06-02,,true
9774,LOW,LOW,LOW,2026-06-02,,true
9780,LOW,LOW,LOW,2026-06-02,,true
9783,LOW,LOW,LOW,2026-06-02,,true
9786,LOW,LOW,LOW,2026-06-02,,true
9787,LOW,LOW,LOW,2026-06-02,,true
9791,LOW,LOW,LOW,2026-06-02,,true
9796,LOW,HIGH,LOW,2026-06-02,,true
9801,LOW,HIGH,LOW,2026-06-02,,true
9803,LOW,HIGH,LOW,2026-06-02,,true
9810,LOW,HIGH,LOW,2026-06-02,,true
9812,LOW,HIGH,LOW,2026-06-02,,true
9817,LOW,HIGH,LOW,2026-06-02,,true
9819,LOW,HIGH,LOW,2026-06-02,,true
9821,LOW,HIGH,LOW,2026-06-02,,true
9824,LOW,HIGH,LOW,2026-06-02,,true
9825,LOW,HIGH,LOW,2026-06-02,,true
9826,LOW,HIGH,LOW,2026-06-02,,true
9828,LOW,HIGH,LOW,2026-06-02,,true
9829,LOW,HIGH,LOW,2026-06-02,,true
9832,LOW,HIGH,LOW,2026-06-02,,true
9836,LOW,HIGH,LOW,2026-06-02,,true
9840,LOW,HIGH,LOW,2026-06-02,,true
9841,LOW,HIGH,LOW,2026-06-02,,true
9843,LOW,HIGH,LOW,2026-06-02,,true
9844,LOW,HIGH,LOW,2026-06-02,,true
9853,LOW,HIGH,LOW,2026-06-02,,true
9855,LOW,LOW,LOW,2026-06-02,,true
9860,LOW,LOW,LOW,2026-06-02,,true
9870,LOW,LOW,LOW,2026-06-02,,true
9872,LOW,LOW,LOW,2026-06-02,,true
9880,LOW,LOW,LOW,2026-06-02,,true
9882,LOW,LOW,LOW,2026-06-02,,true
9883,LOW,LOW,LOW,2026-06-02,,true
9884,LOW,LOW,LOW,2026-06-02,,true
9886,LOW,LOW,LOW,2026-06-02,,true
9890,LOW,LOW,LOW,2026-06-02,,true
9893,LOW,LOW,LOW,2026-06-02,,true
9898,LOW,LOW,LOW,2026-06-02,,true
9905,LOW,LOW,LOW,2026-06-02,,true
9906,LOW,LOW,LOW,2026-06-02,,true
9907,LOW,LOW,LOW,2026-06-02,,true
9909,LOW,LOW,LOW,2026-06-02,,true
9911,LOW,LOW,LOW,2026-06-02,,true
9912,LOW,LOW,LOW,2026-06-02,,true
9918,LOW,LOW,LOW,2026-06-02,,true
9922,LOW,LOW,LOW,2026-06-02,,true
9937,LOW,LOW,LOW,2026-06-02,,true
9939,LOW,LOW,LOW,2026-06-02,,true
9944,LOW,LOW,LOW,2026-06-02,,true
9950,LOW,LOW,LOW,2026-06-02,,true
9955,LOW,LOW,LOW,2026-06-02,,true
9958,LOW,LOW,LOW,2026-06-02,,true
9968,LOW,LOW,LOW,2026-06-02,,true
9971,LOW,LOW,LOW,2026-06-02,,true
9978,LOW,LOW,LOW,2026-06-02,,true
9979,LOW,LOW,LOW,2026-06-02,,true
9980,LOW,LOW,LOW,2026-06-02,,true
9985,LOW,LOW,LOW,2026-06-02,,true
9986,LOW,LOW,LOW,2026-06-02,,true
9990,LOW,LOW,LOW,2026-06-02,,true
9992,LOW,LOW,LOW,2026-06-02,,true
10000,LOW,LOW,LOW,2026-06-02,,true
10001,LOW,LOW,LOW,2026-06-02,,true
10002,LOW,LOW,LOW,2026-06-02,,true
10005,LOW,LOW,LOW,2026-06-02,,true
10010,LOW,LOW,LOW,2026-06-02,,true
10016,LOW,LOW,LOW,2026-06-02,,true
10019,LOW,LOW,LOW,2026-06-02,,true
10020,LOW,LOW,LOW,2026-06-02,,true
10022,LOW,LOW,LOW,2026-06-02,,true
10025,LOW,LOW,LOW,2026-06-02,,true
10028,LOW,LOW,LOW,2026-06-02,,true
10029,LOW,LOW,LOW,2026-06-02,,true
10032,LOW,LOW,LOW,2026-06-02,,true
10041,LOW,LOW,LOW,2026-06-02,,true
10043,LOW,LOW,LOW,2026-06-02,,true
10044,LOW,LOW,LOW,2026-06-02,,true
10045,LOW,LOW,LOW,2026-06-02,,true
10047,LOW,LOW,LOW,2026-06-02,,true
10049,LOW,LOW,LOW,2026-06-02,,true
10054,LOW,LOW,LOW,2026-06-02,,true
10056,LOW,LOW,LOW,2026-06-02,,true
10065,LOW,LOW,LOW,2026-06-02,,true
10066,LOW,LOW,LOW,2026-06-02,,true
10085,LOW,LOW,LOW,2026-06-02,,true
10086,LOW,LOW,LOW,2026-06-02,,true
10087,LOW,LOW,LOW,2026-06-02,,true
10089,LOW,LOW,LOW,2026-06-02,,true
10095,LOW,LOW,LOW,2026-06-02,,true
10096,LOW,LOW,LOW,2026-06-02,,true
10099,LOW,LOW,LOW,2026-06-02,,true
10102,LOW,LOW,LOW,2026-06-02,,true
10105,LOW,LOW,LOW,2026-06-02,,true
10106,LOW,LOW,LOW,2026-06-02,,true
10107,LOW,LOW,LOW,2026-06-02,,true
10131,LOW,LOW,LOW,2026-06-02,,true
10138,LOW,LOW,LOW,2026-06-02,,true
10139,LOW,LOW,LOW,2026-06-02,,true
10143,LOW,LOW,LOW,2026-06-02,,true
10144,LOW,LOW,LOW,2026-06-02,,true
10147,LOW,LOW,LOW,2026-06-02,,true
10148,LOW,LOW,LOW,2026-06-02,,true
10162,LOW,LOW,LOW,2026-06-02,,true
10171,LOW,LOW,LOW,2026-06-02,,true
10175,LOW,LOW,LOW,2026-06-02,,true
10177,LOW,LOW,LOW,2026-06-02,,true
10178,LOW,LOW,LOW,2026-06-02,,true
10179,LOW,LOW,LOW,2026-06-02,,true
10181,LOW,LOW,LOW,2026-06-02,,true
10186,LOW,LOW,LOW,2026-06-02,,true
10188,LOW,LOW,LOW,2026-06-02,,true
10192,LOW,HIGH,LOW,2026-06-02,,true
10199,LOW,HIGH,LOW,2026-06-02,,true
10203,LOW,HIGH,LOW,2026-06-02,,true
10208,LOW,HIGH,LOW,2026-06-02,,true
10215,LOW,HIGH,LOW,2026-06-02,,true
10219,LOW,HIGH,LOW,2026-06-02,,true
10220,LOW,HIGH,LOW,2026-06-02,,true
10224,LOW,HIGH,LOW,2026-06-02,,true
10234,LOW,HIGH,LOW,2026-06-02,,true
10239,LOW,HIGH,LOW,2026-06-02,,true
10244,LOW,HIGH,LOW,2026-06-02,,true
10250,LOW,LOW,LOW,2026-06-02,,true
10251,LOW,LOW,LOW,2026-06-02,,true
10258,LOW,LOW,LOW,2026-06-02,,true
10260,LOW,LOW,LOW,2026-06-02,,true
10262,LOW,LOW,LOW,2026-06-02,,true
10273,LOW,LOW,LOW,2026-06-02,,true
10276,LOW,LOW,LOW,2026-06-02,,true
10283,LOW,LOW,LOW,2026-06-02,,true
10287,LOW,LOW,LOW,2026-06-02,,true
10288,LOW,LOW,LOW,2026-06-02,,true
10289,LOW,LOW,LOW,2026-06-02,,true
10291,LOW,LOW,LOW,2026-06-02,,true
10294,LOW,LOW,LOW,2026-06-02,,true
10296,LOW,LOW,LOW,2026-06-02,,true
10300,LOW,LOW,LOW,2026-06-02,,true
10305,LOW,LOW,LOW,2026-06-02,,true
10307,LOW,LOW,LOW,2026-06-02,,true
10311,LOW,LOW,LOW,2026-06-02,,true
10314,LOW,LOW,LOW,2026-06-02,,true
10318,LOW,LOW,LOW,2026-06-02,,true
10321,LOW,LOW,LOW,2026-06-02,,true
10322,LOW,LOW,LOW,2026-06-02,,true
10324,LOW,LOW,LOW,2026-06-02,,true
10325,LOW,LOW,LOW,2026-06-02,,true
10331,LOW,LOW,LOW,2026-06-02,,true
10337,LOW,LOW,LOW,2026-06-02,,true
10341,LOW,LOW,LOW,2026-06-02,,true
10347,LOW,LOW,LOW,2026-06-02,,true
10348,LOW,LOW,LOW,2026-06-02,,true
10350,LOW,LOW,LOW,2026-06-02,,true
10353,LOW,LOW,LOW,2026-06-02,,true
10354,LOW,LOW,LOW,2026-06-02,,true
10356,LOW,LOW,LOW,2026-06-02,,true
10371,LOW,LOW,LOW,2026-06-02,,true
10373,LOW,LOW,LOW,2026-06-02,,true
10383,LOW,LOW,LOW,2026-06-02,,true
10389,LOW,LOW,LOW,2026-06-02,,true
10391,LOW,LOW,LOW,2026-06-02,,true
10401,LOW,LOW,LOW,2026-06-02,,true
10404,LOW,LOW,LOW,2026-06-02,,true
10411,LOW,LOW,LOW,2026-06-02,,true
10413,LOW,LOW,LOW,2026-06-02,,true
10415,LOW,LOW,LOW,2026-06-02,,true
10416,LOW,LOW,LOW,2026-06-02,,true
10419,LOW,LOW,LOW,2026-06-02,,true
10432,LOW,LOW,LOW,2026-06-02,,true
10434,LOW,LOW,LOW,2026-06-02,,true
10436,LOW,LOW,LOW,2026-06-02,,true
10439,LOW,LOW,LOW,2026-06-02,,true
10441,LOW,LOW,LOW,2026-06-02,,true
10442,LOW,LOW,LOW,2026-06-02,,true
10450,LOW,LOW,LOW,2026-06-02,,true
10452,LOW,LOW,LOW,2026-06-02,,true
10453,LOW,LOW,LOW,2026-06-02,,true
10457,LOW,LOW,LOW,2026-06-02,,true
10467,LOW,LOW,LOW,2026-06-02,,true
10471,LOW,LOW,LOW,2026-06-02,,true
10478,LOW,LOW,LOW,2026-06-02,,true
10481,LOW,LOW,LOW,2026-06-02,,true
10484,LOW,LOW,LOW,2026-06-02,,true
10486,LOW,LOW,LOW,2026-06-02,,true
10494,LOW,LOW,LOW,2026-06-02,,true
10497,LOW,LOW,LOW,2026-06-02,,true
10498,LOW,LOW,LOW,2026-06-02,,true
10503,LOW,LOW,LOW,2026-06-02,,true
10511,LOW,LOW,LOW,2026-06-02,,true
10512,LOW,LOW,LOW,2026-06-02,,true
10519,LOW,LOW,LOW,2026-06-02,,true
10525,LOW,LOW,LOW,2026-06-02,,true
10526,LOW,LOW,LOW,2026-06-02,,true
10533,LOW,LOW,LOW,2026-06-02,,true
10539,LOW,LOW,LOW,2026-06-02,,true
10543,LOW,LOW,LOW,2026-06-02,,true
10552,LOW,LOW,LOW,2026-06-02,,true
10553,LOW,LOW,LOW,2026-06-02,,true
10563,LOW,LOW,LOW,2026-06-02,,true
10566,LOW,LOW,LOW,2026-06-02,,true
10569,LOW,LOW,LOW,2026-06-02,,true
10570,LOW,LOW,LOW,2026-06-02,,true
10572,LOW,LOW,LOW,2026-06-02,,true
10574,LOW,LOW,LOW,2026-06-02,,true
10575,LOW,LOW,LOW,2026-06-02,,true
10576,LOW,LOW,LOW,2026-06-02,,true
10581,LOW,LOW,LOW,2026-06-02,,true
10586,LOW,LOW,LOW,2026-06-02,,true
10587,LOW,LOW,LOW,2026-06-02,,true
10588,LOW,LOW,LOW,2026-06-02,,true
10592,LOW,LOW,LOW,2026-06-02,,true
10593,LOW,LOW,LOW,2026-06-02,,true
10610,LOW,LOW,LOW,2026-06-02,,true
10614,LOW,LOW,LOW,2026-06-02,,true
10615,LOW,LOW,LOW,2026-06-02,,true
10620,LOW,LOW,LOW,2026-06-02,,true
10621,LOW,LOW,LOW,2026-06-02,,true
10625,LOW,LOW,LOW,2026-06-02,,true
10626,LOW,LOW,LOW,2026-06-02,,true
10627,LOW,LOW,LOW,2026-06-02,,true
10634,LOW,LOW,LOW,2026-06-02,,true
10639,LOW,LOW,LOW,2026-06-02,,true
10642,LOW,LOW,LOW,2026-06-02,,true
10645,LOW,LOW,LOW,2026-06-02,,true
10662,LOW,LOW,LOW,2026-06-02,,true
10664,LOW,LOW,LOW,2026-06-02,,true
10668,LOW,LOW,LOW,2026-06-02,,true
10669,LOW,LOW,LOW,2026-06-02,,true
10672,LOW,LOW,LOW,2026-06-02,,true
10673,LOW,LOW,LOW,2026-06-02,,true
10674,LOW,LOW,LOW,2026-06-02,,true
10675,LOW,LOW,LOW,2026-06-02,,true
10683,LOW,LOW,LOW,2026-06-02,,true
10688,LOW,LOW,LOW,2026-06-02,,true
10690,LOW,LOW,LOW,2026-06-02,,true
10692,LOW,LOW,LOW,2026-06-02,,true
10701,LOW,LOW,LOW,2026-06-02,,true
10704,LOW,LOW,LOW,2026-06-02,,true
10706,LOW,LOW,LOW,2026-06-02,,true
10707,LOW,LOW,LOW,2026-06-02,,true
10713,LOW,LOW,LOW,2026-06-02,,true
10718,LOW,LOW,LOW,2026-06-02,,true
10720,LOW,LOW,LOW,2026-06-02,,true
10724,LOW,LOW,LOW,2026-06-02,,true
10726,LOW,LOW,LOW,2026-06-02,,true
10731,LOW,LOW,LOW,2026-06-02,,true
10737,LOW,LOW,LOW,2026-06-02,,true
10739,LOW,LOW,LOW,2026-06-02,,true
10740,LOW,LOW,LOW,2026-06-02,,true
10744,LOW,LOW,LOW,2026-06-02,,true
10745,LOW,LOW,LOW,2026-06-02,,true
10746,LOW,LOW,LOW,2026-06-02,,true
10747,LOW,LOW,LOW,2026-06-02,,true
10748,LOW,LOW,LOW,2026-06-02,,true
10762,LOW,LOW,LOW,2026-06-02,,true
10773,LOW,HIGH,LOW,2026-06-02,,true
10784,LOW,HIGH,LOW,2026-06-02,,true
10787,LOW,HIGH,LOW,2026-06-02,,true
10788,LOW,HIGH,LOW,2026-06-02,,true
10804,LOW,HIGH,LOW,2026-06-02,,true
10805,LOW,HIGH,LOW,2026-06-02,,true
10811,LOW,HIGH,LOW,2026-06-02,,true
10812,LOW,HIGH,LOW,2026-06-02,,true
10821,LOW,HIGH,LOW,2026-06-02,,true
10827,LOW,HIGH,LOW,2026-06-02,,true
10828,LOW,HIGH,LOW,2026-06-02,,true
10829,LOW,HIGH,LOW,2026-06-02,,true
10832,LOW,LOW,LOW,2026-06-02,,true
10833,LOW,LOW,LOW,2026-06-02,,true
10834,LOW,LOW,LOW,2026-06-02,,true
10843,LOW,LOW,LOW,2026-06-02,,true
10844,LOW,LOW,LOW,2026-06-02,,true
10855,LOW,LOW,LOW,2026-06-02,,true
10868,LOW,LOW,LOW,2026-06-02,,true
10871,LOW,LOW,LOW,2026-06-02,,true
10879,LOW,LOW,LOW,2026-06-02,,true
10884,LOW,LOW,LOW,2026-06-02,,true
10890,LOW,LOW,LOW,2026-06-02,,true
10891,LOW,LOW,LOW,2026-06-02,,true
10899,LOW,LOW,LOW,2026-06-02,,true
10904,LOW,LOW,LOW,2026-06-02,,true
10905,LOW,LOW,LOW,2026-06-02,,true
10907,LOW,LOW,LOW,2026-06-02,,true
10908,LOW,LOW,LOW,2026-06-02,,true
10915,LOW,LOW,LOW,2026-06-02,,true
10917,LOW,LOW,LOW,2026-06-02,,true
10921,LOW,LOW,LOW,2026-06-02,,true
10922,LOW,LOW,LOW,2026-06-02,,true
10923,LOW,LOW,LOW,2026-06-02,,true
10925,LOW,LOW,LOW,2026-06-02,,true
10927,LOW,LOW,LOW,2026-06-02,,true
10934,LOW,LOW,LOW,2026-06-02,,true
10936,LOW,LOW,LOW,2026-06-02,,true
10940,LOW,LOW,LOW,2026-06-02,,true
10948,LOW,LOW,LOW,2026-06-02,,true
10964,LOW,LOW,LOW,2026-06-02,,true
10970,LOW,LOW,LOW,2026-06-02,,true
10971,LOW,LOW,LOW,2026-06-02,,true
10974,LOW,LOW,LOW,2026-06-02,,true
10978,LOW,LOW,LOW,2026-06-02,,true
10986,LOW,LOW,LOW,2026-06-02,,true
10994,LOW,LOW,LOW,2026-06-02,,true
10997,LOW,LOW,LOW,2026-06-02,,true
11006,LOW,HIGH,LOW,2026-06-02,,true
11007,LOW,HIGH,LOW,2026-06-02,,true
11012,LOW,HIGH,LOW,2026-06-02,,true
11013,LOW,HIGH,LOW,2026-06-02,,true
11018,LOW,HIGH,LOW,2026-06-02,,true
11022,LOW,HIGH,LOW,2026-06-02,,true
11024,LOW,HIGH,LOW,2026-06-02,,true
11026,LOW,HIGH,LOW,2026-06-02,,true
11028,LOW,HIGH,LOW,2026-06-02,,true
11030,LOW,HIGH,LOW,2026-06-02,,true
11035,LOW,HIGH,LOW,2026-06-02,,true
11037,LOW,HIGH,LOW,2026-06-02,,true
11039,LOW,HIGH,LOW,2026-06-02,,true
11041,LOW,HIGH,LOW,2026-06-02,,true
11047,LOW,HIGH,LOW,2026-06-02,,true
11052,LOW,HIGH,LOW,2026-06-02,,true
11060,LOW,HIGH,LOW,2026-06-02,,true
11069,LOW,LOW,LOW,2026-06-02,,true
11070,LOW,LOW,LOW,2026-06-02,,true
11075,LOW,LOW,LOW,2026-06-02,,true
11076,LOW,LOW,LOW,2026-06-02,,true
11079,LOW,LOW,LOW,2026-06-02,,true
11084,LOW,LOW,LOW,2026-06-02,,true
11096,LOW,LOW,LOW,2026-06-02,,true
11102,LOW,LOW,LOW,2026-06-02,,true
11112,LOW,LOW,LOW,2026-06-02,,true
11118,LOW,LOW,LOW,2026-06-02,,true
11135,LOW,LOW,LOW,2026-06-02,,true
11139,LOW,LOW,LOW,2026-06-02,,true
11140,LOW,LOW,LOW,2026-06-02,,true
11141,LOW,LOW,LOW,2026-06-02,,true
11142,LOW,LOW,LOW,2026-06-02,,true
11147,LOW,LOW,LOW,2026-06-02,,true
11149,LOW,LOW,LOW,2026-06-02,,true
11150,LOW,LOW,LOW,2026-06-02,,true
11156,LOW,LOW,LOW,2026-06-02,,true
11160,LOW,LOW,LOW,2026-06-02,,true
11163,LOW,LOW,LOW,2026-06-02,,true
11166,LOW,LOW,LOW,2026-06-02,,true
11168,LOW,LOW,LOW,2026-06-02,,true
11174,LOW,LOW,LOW,2026-06-02,,true
11176,LOW,LOW,LOW,2026-06-02,,true
11179,LOW,LOW,LOW,2026-06-02,,true
11183,LOW,LOW,LOW,2026-06-02,,true
11184,LOW,LOW,LOW,2026-06-02,,true
11187,LOW,LOW,LOW,2026-06-02,,true
11192,LOW,LOW,LOW,2026-06-02,,true
11194,LOW,LOW,LOW,2026-06-02,,true
11197,LOW,LOW,LOW,2026-06-02,,true
11204,LOW,LOW,LOW,2026-06-02,,true
11205,LOW,LOW,LOW,2026-06-02,,true
11209,LOW,LOW,LOW,2026-06-02,,true
11213,LOW,LOW,LOW,2026-06-02,,true
11218,LOW,LOW,LOW,2026-06-02,,true
11221,LOW,LOW,LOW,2026-06-02,,true
11225,LOW,LOW,LOW,2026-06-02,,true
11228,LOW,LOW,LOW,2026-06-02,,true
11229,LOW,LOW,LOW,2026-06-02,,true
11233,LOW,LOW,LOW,2026-06-02,,true
11241,LOW,LOW,LOW,2026-06-02,,true
11245,LOW,LOW,LOW,2026-06-02,,true
11251,LOW,LOW,LOW,2026-06-02,,true
11253,LOW,LOW,LOW,2026-06-02,,true
11266,LOW,LOW,LOW,2026-06-02,,true
11270,LOW,LOW,LOW,2026-06-02,,true
11271,LOW,LOW,LOW,2026-06-02,,true
11280,LOW,LOW,LOW,2026-06-02,,true
11285,LOW,LOW,LOW,2026-06-02,,true
11286,LOW,LOW,LOW,2026-06-02,,true
11287,LOW,LOW,LOW,2026-06-02,,true
11290,LOW,LOW,LOW,2026-06-02,,true
11295,LOW,LOW,LOW,2026-06-02,,true
11305,LOW,LOW,LOW,2026-06-02,,true
11320,LOW,LOW,LOW,2026-06-02,,true
11327,LOW,LOW,LOW,2026-06-02,,true
11328,LOW,LOW,LOW,2026-06-02,,true
11329,LOW,LOW,LOW,2026-06-02,,true
11333,LOW,LOW,LOW,2026-06-02,,true
11336,LOW,LOW,LOW,2026-06-02,,true
11337,LOW,LOW,LOW,2026-06-02,,true
11339,LOW,LOW,LOW,2026-06-02,,true
11342,LOW,LOW,LOW,2026-06-02,,true
11344,LOW,LOW,LOW,2026-06-02,,true
11346,LOW,LOW,LOW,2026-06-02,,true
11347,LOW,LOW,LOW,2026-06-02,,true
11348,LOW,LOW,LOW,2026-06-02,,true
11356,LOW,LOW,LOW,2026-06-02,,true
11358,LOW,LOW,LOW,2026-06-02,,true
11364,LOW,LOW,LOW,2026-06-02,,true
11369,LOW,LOW,LOW,2026-06-02,,true
11373,LOW,LOW,LOW,2026-06-02,,true
11377,LOW,LOW,LOW,2026-06-02,,true
11381,LOW,LOW,LOW,2026-06-02,,true
11384,LOW,LOW,LOW,2026-06-02,,true
11386,LOW,LOW,LOW,2026-06-02,,true
11390,LOW,LOW,LOW,2026-06-02,,true
11396,LOW,LOW,LOW,2026-06-02,,true
11397,LOW,LOW,LOW,2026-06-02,,true
11403,LOW,LOW,LOW,2026-06-02,,true
11411,LOW,LOW,LOW,2026-06-02,,true
11414,LOW,LOW,LOW,2026-06-02,,true
11420,LOW,LOW,LOW,2026-06-02,,true
11422,LOW,LOW,LOW,2026-06-02,,true
11423,LOW,LOW,LOW,2026-06-02,,true
11425,LOW,LOW,LOW,2026-06-02,,true
11434,LOW,LOW,LOW,2026-06-02,,true
11442,LOW,LOW,LOW,2026-06-02,,true
11444,LOW,LOW,LOW,2026-06-02,,true
11448,LOW,LOW,LOW,2026-06-02,,true
11454,LOW,LOW,LOW,2026-06-02,,true
11459,LOW,LOW,LOW,2026-06-02,,true
11463,LOW,LOW,LOW,2026-06-02,,true
11471,LOW,LOW,LOW,2026-06-02,,true
11473,LOW,LOW,LOW,2026-06-02,,true
11478,LOW,LOW,LOW,2026-06-02,,true
11485,LOW,LOW,LOW,2026-06-02,,true
11487,LOW,LOW,LOW,2026-06-02,,true
11490,LOW,LOW,LOW,2026-06-02,,true
11491,LOW,LOW,LOW,2026-06-02,,true
11493,LOW,LOW,LOW,2026-06-02,,true
11494,LOW,LOW,LOW,2026-06-02,,true
11496,LOW,LOW,LOW,2026-06-02,,true
11503,LOW,LOW,LOW,2026-06-02,,true
11504,LOW,LOW,LOW,2026-06-02,,true
11506,LOW,LOW,LOW,2026-06-02,,true
11510,LOW,LOW,LOW,2026-06-02,,true
11522,LOW,LOW,LOW,2026-06-02,,true
11524,LOW,LOW,LOW,2026-06-02,,true
11530,LOW,HIGH,LOW,2026-06-02,,true
11535,LOW,HIGH,LOW,2026-06-02,,true
11542,LOW,HIGH,LOW,2026-06-02,,true
11547,LOW,HIGH,LOW,2026-06-02,,true
11549,LOW,HIGH,LOW,2026-06-02,,true
11552,LOW,HIGH,LOW,2026-06-02,,true
11554,LOW,HIGH,LOW,2026-06-02,,true
11555,LOW,HIGH,LOW,2026-06-02,,true
11556,LOW,HIGH,LOW,2026-06-02,,true
11557,LOW,HIGH,LOW,2026-06-02,,true
11559,LOW,HIGH,LOW,2026-06-02,,true
11563,LOW,LOW,LOW,2026-06-02,,true
11567,LOW,LOW,LOW,2026-06-02,,true
11575,LOW,LOW,LOW,2026-06-02,,true
11579,LOW,LOW,LOW,2026-06-02,,true
11581,LOW,LOW,LOW,2026-06-02,,true
11589,LOW,LOW,LOW,2026-06-02,,true
11596,LOW,LOW,LOW,2026-06-02,,true
11598,LOW,LOW,LOW,2026-06-02,,true
11601,LOW,LOW,LOW,2026-06-02,,true
11604,LOW,LOW,LOW,2026-06-02,,true
11606,LOW,LOW,LOW,2026-06-02,,true
11608,LOW,LOW,LOW,2026-06-02,,true
11609,LOW,LOW,LOW,2026-06-02,,true
11611,LOW,LOW,LOW,2026-06-02,,true
11612,LOW,LOW,LOW,2026-06-02,,true
11615,LOW,LOW,LOW,2026-06-02,,true
11623,LOW,LOW,LOW,2026-06-02,,true
11624,LOW,LOW,LOW,2026-06-02,,true
11627,LOW,LOW,LOW,2026-06-02,,true
11632,LOW,LOW,LOW,2026-06-02,,true
11634,LOW,LOW,LOW,2026-06-02,,true
11642,LOW,LOW,LOW,2026-06-02,,true
11644,LOW,LOW,LOW,2026-06-02,,true
11647,LOW,LOW,LOW,2026-06-02,,true
11650,LOW,LOW,LOW,2026-06-02,,true
11653,LOW,LOW,LOW,2026-06-02,,true
11654,LOW,LOW,LOW,2026-06-02,,true
11657,LOW,LOW,LOW,2026-06-02,,true
11658,LOW,LOW,LOW,2026-06-02,,true
11662,LOW,LOW,LOW,2026-06-02,,true
11666,LOW,LOW,LOW,2026-06-02,,true
11684,HIGH,LOW,HIGH,2026-06-02,,true
11698,HIGH,LOW,HIGH,2026-06-02,,true
11699,HIGH,LOW,HIGH,2026-06-02,,true
11709,HIGH,LOW,HIGH,2026-06-02,,true
11710,HIGH,LOW,HIGH,2026-06-02,,true
11717,HIGH,LOW,HIGH,2026-06-02,,true
11720,HIGH,LOW,HIGH,2026-06-02,,true
11722,HIGH,LOW,HIGH,2026-06-02,,true
11728,HIGH,LOW,HIGH,2026-06-02,,true
11736,LOW,LOW,LOW,2026-06-02,,true
11739,LOW,LOW,LOW,2026-06-02,,true
11741,LOW,LOW,LOW,2026-06-02,,true
11756,LOW,LOW,LOW,2026-06-02,,true
11758,LOW,LOW,LOW,2026-06-02,,true
11762,LOW,LOW,LOW,2026-06-02,,true
11770,LOW,LOW,LOW,2026-06-02,,true
11771,LOW,LOW,LOW,2026-06-02,,true
11779,LOW,LOW,LOW,2026-06-02,,true
11781,LOW,LOW,LOW,2026-06-02,,true
11784,LOW,LOW,LOW,2026-06-02,,true
11785,LOW,LOW,LOW,2026-06-02,,true
11793,LOW,LOW,LOW,2026-06-02,,true
11797,LOW,LOW,LOW,2026-06-02,,true
11799,LOW,HIGH,LOW,2026-06-02,,true
11803,LOW,HIGH,LOW,2026-06-02,,true
11806,LOW,HIGH,LOW,2026-06-02,,true
11809,LOW,HIGH,LOW,2026-06-02,,true
11811,LOW,HIGH,LOW,2026-06-02,,true
11816,LOW,HIGH,LOW,2026-06-02,,true
11818,LOW,HIGH,LOW,2026-06-02,,true
11819,LOW,HIGH,LOW,2026-06-02,,true
11823,LOW,HIGH,LOW,2026-06-02,,true
11828,LOW,HIGH,LOW,2026-06-02,,true
11840,LOW,HIGH,LOW,2026-06-02,,true
11841,LOW,HIGH,LOW,2026-06-02,,true
11845,LOW,HIGH,LOW,2026-06-02,,true
11851,LOW,HIGH,LOW,2026-06-02,,true
11852,LOW,HIGH,LOW,2026-06-02,,true
11853,LOW,HIGH,LOW,2026-06-02,,true
11854,LOW,HIGH,LOW,2026-06-02,,true
11864,LOW,LOW,LOW,2026-06-02,,true
11871,LOW,LOW,LOW,2026-06-02,,true
11874,LOW,LOW,LOW,2026-06-02,,true
11876,LOW,LOW,LOW,2026-06-02,,true
11877,LOW,LOW,LOW,2026-06-02,,true
11896,LOW,LOW,LOW,2026-06-02,,true
11899,LOW,LOW,LOW,2026-06-02,,true
11906,LOW,LOW,LOW,2026-06-02,,true
11913,LOW,LOW,LOW,2026-06-02,,true
11917,LOW,LOW,LOW,2026-06-02,,true
11919,LOW,LOW,LOW,2026-06-02,,true
11920,LOW,LOW,LOW,2026-06-02,,true
11923,LOW,LOW,LOW,2026-06-02,,true
11932,LOW,HIGH,LOW,2026-06-02,,true
11933,LOW,HIGH,LOW,2026-06-02,,true
11937,LOW,HIGH,LOW,2026-06-02,,true
11942,LOW,HIGH,LOW,2026-06-02,,true
11953,LOW,HIGH,LOW,2026-06-02,,true
11954,LOW,HIGH,LOW,2026-06-02,,true
11960,LOW,HIGH,LOW,2026-06-02,,true
11978,LOW,HIGH,LOW,2026-06-02,,true
11980,LOW,HIGH,LOW,2026-06-02,,true
11982,LOW,HIGH,LOW,2026-06-02,,true
11986,LOW,LOW,LOW,2026-06-02,,true
11989,LOW,LOW,LOW,2026-06-02,,true
12001,LOW,LOW,LOW,2026-06-02,,true
12002,LOW,LOW,LOW,2026-06-02,,true
12003,LOW,LOW,LOW,2026-06-02,,true
12010,LOW,LOW,LOW,2026-06-02,,true
12012,LOW,LOW,LOW,2026-06-02,,true
12018,LOW,LOW,LOW,2026-06-02,,true
12027,LOW,LOW,LOW,2026-06-02,,true
12048,LOW,LOW,LOW,2026-06-02,,true
12049,LOW,LOW,LOW,2026-06-02,,true
12050,LOW,LOW,LOW,2026-06-02,,true
12051,LOW,LOW,LOW,2026-06-02,,true
12052,LOW,LOW,LOW,2026-06-02,,true
12058,LOW,LOW,LOW,2026-06-02,,true
12067,LOW,LOW,LOW,2026-06-02,,true
12071,LOW,LOW,LOW,2026-06-02,,true
12074,LOW,LOW,LOW,2026-06-02,,true
12081,LOW,LOW,LOW,2026-06-02,,true
12087,LOW,LOW,LOW,2026-06-02,,true
12093,LOW,LOW,LOW,2026-06-02,,true
12104,LOW,LOW,LOW,2026-06-02,,true
12110,LOW,LOW,LOW,2026-06-02,,true
12111,LOW,LOW,LOW,2026-06-02,,true
12112,LOW,LOW,LOW,2026-06-02,,true
12113,LOW,LOW,LOW,2026-06-02,,true
12115,LOW,LOW,LOW,2026-06-02,,true
12124,LOW,LOW,LOW,2026-06-02,,true
12125,LOW,LOW,LOW,2026-06-02,,true
12129,LOW,LOW,LOW,2026-06-02,,true
12135,LOW,LOW,LOW,2026-06-02,,true
12136,LOW,LOW,LOW,2026-06-02,,true
12140,LOW,LOW,LOW,2026-06-02,,true
12142,LOW,LOW,LOW,2026-06-02,,true
12148,LOW,LOW,LOW,2026-06-02,,true
12149,LOW,LOW,LOW,2026-06-02,,true
12156,LOW,LOW,LOW,2026-06-02,,true
12160,LOW,LOW,LOW,2026-06-02,,true
12166,LOW,LOW,LOW,2026-06-02,,true
12174,LOW,LOW,LOW,2026-06-02,,true
12180,LOW,LOW,LOW,2026-06-02,,true
12184,LOW,LOW,LOW,2026-06-02,,true
12186,LOW,LOW,LOW,2026-06-02,,true
12195,LOW,LOW,LOW,2026-06-02,,true
12200,LOW,LOW,LOW,2026-06-02,,true
12203,LOW,LOW,LOW,2026-06-02,,true
12206,LOW,LOW,LOW,2026-06-02,,true
12213,LOW,LOW,LOW,2026-06-02,,true
12214,LOW,LOW,LOW,2026-06-02,,true
12230,LOW,HIGH,LOW,2026-06-02,,true
12235,LOW,HIGH,LOW,2026-06-02,,true
12241,LOW,HIGH,LOW,2026-06-02,,true
12245,LOW,HIGH,LOW,2026-06-02,,true
12247,LOW,HIGH,LOW,2026-06-02,,true
12249,LOW,HIGH,LOW,2026-06-02,,true
12254,LOW,HIGH,LOW,2026-06-02,,true
12261,LOW,HIGH,LOW,2026-06-02,,true
12265,LOW,HIGH,LOW,2026-06-02,,true
12266,LOW,HIGH,LOW,2026-06-02,,true
12269,LOW,HIGH,LOW,2026-06-02,,true
12273,LOW,HIGH,LOW,2026-06-02,,true
12276,LOW,LOW,LOW,2026-06-02,,true
12277,LOW,LOW,LOW,2026-06-02,,true
12283,LOW,LOW,LOW,2026-06-02,,true
12287,LOW,LOW,LOW,2026-06-02,,true
12289,LOW,LOW,LOW,2026-06-02,,true
12292,LOW,LOW,LOW,2026-06-02,,true
12298,LOW,LOW,LOW,2026-06-02,,true
12300,LOW,LOW,LOW,2026-06-02,,true
12308,LOW,LOW,LOW,2026-06-02,,true
12313,LOW,LOW,LOW,2026-06-02,,true
12317,LOW,LOW,LOW,2026-06-02,,true
12324,LOW,LOW,LOW,2026-06-02,,true
12327,LOW,LOW,LOW,2026-06-02,,true
12329,LOW,LOW,LOW,2026-06-02,,true
12333,LOW,LOW,LOW,2026-06-02,,true
12338,LOW,LOW,LOW,2026-06-02,,true
12341,LOW,HIGH,LOW,2026-06-02,,true
12342,LOW,HIGH,LOW,2026-06-02,,true
12343,LOW,HIGH,LOW,2026-06-02,,true
12354,LOW,HIGH,LOW,2026-06-02,,true
12357,LOW,HIGH,LOW,2026-06-02,,true
12358,LOW,HIGH,LOW,2026-06-02,,true
12363,LOW,HIGH,LOW,2026-06-02,,true
12365,LOW,HIGH,LOW,2026-06-02,,true
12370,LOW,HIGH,LOW,2026-06-02,,true
12372,LOW,HIGH,LOW,2026-06-02,,true
12378,LOW,HIGH,LOW,2026-06-02,,true
12379,LOW,HIGH,LOW,2026-06-02,,true
12380,LOW,HIGH,LOW,2026-06-02,,true
12386,LOW,HIGH,LOW,2026-06-02,,true
12402,LOW,LOW,LOW,2026-06-02,,true
12403,LOW,LOW,LOW,2026-06-02,,true
12406,LOW,LOW,LOW,2026-06-02,,true
12407,LOW,LOW,LOW,2026-06-02,,true
12409,LOW,LOW,LOW,2026-06-02,,true
12410,LOW,LOW,LOW,2026-06-02,,true
12414,LOW,LOW,LOW,2026-06-02,,true
12416,LOW,LOW,LOW,2026-06-02,,true
12420,LOW,LOW,LOW,2026-06-02,,true
12425,LOW,LOW,LOW,2026-06-02,,true
12426,LOW,LOW,LOW,2026-06-02,,true
12440,LOW,LOW,LOW,2026-06-02,,true
12447,LOW,LOW,LOW,2026-06-02,,true
12455,LOW,LOW,LOW,2026-06-02,,true
12462,LOW,LOW,LOW,2026-06-02,,true
12464,LOW,LOW,LOW,2026-06-02,,true
12466,LOW,LOW,LOW,2026-06-02,,true
12478,LOW,HIGH,LOW,2026-06-02,,true
12484,LOW,HIGH,LOW,2026-06-02,,true
12487,LOW,HIGH,LOW,2026-06-02,,true
12494,LOW,HIGH,LOW,2026-06-02,,true
12497,LOW,HIGH,LOW,2026-06-02,,true
12498,LOW,HIGH,LOW,2026-06-02,,true
12503,LOW,HIGH,LOW,2026-06-02,,true
12505,LOW,HIGH,LOW,2026-06-02,,true
12507,LOW,HIGH,LOW,2026-06-02,,true
12512,LOW,HIGH,LOW,2026-06-02,,true
12523,LOW,HIGH,LOW,2026-06-02,,true
12526,LOW,HIGH,LOW,2026-06-02,,true
12539,LOW,LOW,LOW,2026-06-02,,true
12544,LOW,LOW,LOW,2026-06-02,,true
12551,LOW,LOW,LOW,2026-06-02,,true
12556,LOW,LOW,LOW,2026-06-02,,true
12563,LOW,LOW,LOW,2026-06-02,,true
12566,LOW,LOW,LOW,2026-06-02,,true
12571,LOW,LOW,LOW,2026-06-02,,true
12572,LOW,LOW,LOW,2026-06-02,,true
12577,LOW,LOW,LOW,2026-06-02,,true
12578,LOW,LOW,LOW,2026-06-02,,true
12580,LOW,LOW,LOW,2026-06-02,,true
12583,LOW,LOW,LOW,2026-06-02,,true
12584,LOW,LOW,LOW,2026-06-02,,true
12588,LOW,LOW,LOW,2026-06-02,,true
12598,LOW,HIGH,LOW,2026-06-02,,true
12607,LOW,HIGH,LOW,2026-06-02,,true
12611,LOW,HIGH,LOW,2026-06-02,,true
12620,LOW,HIGH,LOW,2026-06-02,,true
12621,LOW,HIGH,LOW,2026-06-02,,true
12627,LOW,HIGH,LOW,2026-06-02,,true
12642,LOW,HIGH,LOW,2026-06-02,,true
12645,LOW,HIGH,LOW,2026-06-02,,true
12660,LOW,LOW,LOW,2026-06-02,,true
12665,LOW,LOW,LOW,2026-06-02,,true
12667,LOW,LOW,LOW,2026-06-02,,true
12672,LOW,LOW,LOW,2026-06-02,,true
12674,LOW,LOW,LOW,2026-06-02,,true
12675,LOW,LOW,LOW,2026-06-02,,true
12676,LOW,LOW,LOW,2026-06-02,,true
12687,LOW,LOW,LOW,2026-06-02,,true
12691,LOW,LOW,LOW,2026-06-02,,true
12694,LOW,LOW,LOW,2026-06-02,,true
12695,LOW,LOW,LOW,2026-06-02,,true
12696,LOW,LOW,LOW,2026-06-02,,true
12713,LOW,LOW,LOW,2026-06-02,,true
12716,LOW,LOW,LOW,2026-06-02,,true
12721,LOW,LOW,LOW,2026-06-02,,true
12726,LOW,LOW,LOW,2026-06-02,,true
12731,LOW,LOW,LOW,2026-06-02,,true
12735,LOW,LOW,LOW,2026-06-02,,true
12737,LOW,LOW,LOW,2026-06-02,,true
12741,LOW,LOW,LOW,2026-06-02,,true
12745,LOW,LOW,LOW,2026-06-02,,true
12747,LOW,LOW,LOW,2026-06-02,,true
12751,LOW,LOW,LOW,2026-06-02,,true
12754,LOW,LOW,LOW,2026-06-02,,true
12760,LOW,LOW,LOW,2026-06-02,,true
12761,LOW,LOW,LOW,2026-06-02,,true
12762,LOW,LOW,LOW,2026-06-02,,true
12763,LOW,LOW,LOW,2026-06-02,,true
12768,LOW,HIGH,LOW,2026-06-02,,true
12773,LOW,HIGH,LOW,2026-06-02,,true
12774,LOW,HIGH,LOW,2026-06-02,,true
12777,LOW,HIGH,LOW,2026-06-02,,true
12779,LOW,HIGH,LOW,2026-06-02,,true
12780,LOW,HIGH,LOW,2026-06-02,,true
12785,LOW,HIGH,LOW,2026-06-02,,true
12786,LOW,HIGH,LOW,2026-06-02,,true
12787,LOW,HIGH,LOW,2026-06-02,,true
12790,LOW,HIGH,LOW,2026-06-02,,true
12791,LOW,HIGH,LOW,2026-06-02,,true
12793,LOW,HIGH,LOW,2026-06-02,,true
12796,LOW,HIGH,LOW,2026-06-02,,true
12800,LOW,HIGH,LOW,2026-06-02,,true
12803,LOW,HIGH,LOW,2026-06-02,,true
12807,LOW,HIGH,LOW,2026-06-02,,true
12808,LOW,HIGH,LOW,2026-06-02,,true
12811,LOW,HIGH,LOW,2026-06-02,,true
12817,LOW,HIGH,LOW,2026-06-02,,true
12818,LOW,HIGH,LOW,2026-06-02,,true
12820,LOW,HIGH,LOW,2026-06-02,,true
12826,LOW,LOW,LOW,2026-06-02,,true
12828,LOW,LOW,LOW,2026-06-02,,true
12837,LOW,LOW,LOW,2026-06-02,,true
12839,LOW,LOW,LOW,2026-06-02,,true
12840,LOW,LOW,LOW,2026-06-02,,true
12841,LOW,LOW,LOW,2026-06-02,,true
12843,LOW,LOW,LOW,2026-06-02,,true
12844,LOW,LOW,LOW,2026-06-02,,true
12846,LOW,LOW,LOW,2026-06-02,,true
12847,LOW,LOW,LOW,2026-06-02,,true
12848,LOW,LOW,LOW,2026-06-02,,true
12852,LOW,LOW,LOW,2026-06-02,,true
12857,LOW,LOW,LOW,2026-06-02,,true
12858,LOW,LOW,LOW,2026-06-02,,true
12869,LOW,LOW,LOW,2026-06-02,,true
12873,LOW,LOW,LOW,2026-06-02,,true
12874,LOW,LOW,LOW,2026-06-02,,true
12877,LOW,LOW,LOW,2026-06-02,,true
12879,LOW,LOW,LOW,2026-06-02,,true
12885,LOW,LOW,LOW,2026-06-02,,true
12889,LOW,LOW,LOW,2026-06-02,,true
12890,LOW,LOW,LOW,2026-06-02,,true
12898,LOW,LOW,LOW,2026-06-02,,true
12909,LOW,LOW,LOW,2026-06-02,,true
12921,LOW,LOW,LOW,2026-06-02,,true
12924,LOW,LOW,LOW,2026-06-02,,true
12925,LOW,LOW,LOW,2026-06-02,,true
12926,LOW,LOW,LOW,2026-06-02,,true
12935,LOW,HIGH,LOW,2026-06-02,,true
12941,LOW,HIGH,LOW,2026-06-02,,true
12943,LOW,HIGH,LOW,2026-06-02,,true
12949,LOW,HIGH,LOW,2026-06-02,,true
12956,LOW,HIGH,LOW,2026-06-02,,true
12957,LOW,HIGH,LOW,2026-06-02,,true
12959,LOW,HIGH,LOW,2026-06-02,,true
12963,LOW,HIGH,LOW,2026-06-02,,true
12965,LOW,HIGH,LOW,2026-06-02,,true
12968,LOW,HIGH,LOW,2026-06-02,,true
12977,LOW,HIGH,LOW,2026-06-02,,true
12982,LOW,HIGH,LOW,2026-06-02,,true
12987,LOW,HIGH,LOW,2026-06-02,,true
12989,LOW,HIGH,LOW,2026-06-02,,true
12993,LOW,HIGH,LOW,2026-06-02,,true
13000,LOW,HIGH,LOW,2026-06-02,,true
13002,LOW,HIGH,LOW,2026-06-02,,true
13007,LOW,HIGH,LOW,2026-06-02,,true
13008,LOW,HIGH,LOW,2026-06-02,,true
13009,LOW,HIGH,LOW,2026-06-02,,true
13013,LOW,HIGH,LOW,2026-06-02,,true
13018,LOW,HIGH,LOW,2026-06-02,,true
13024,LOW,HIGH,LOW,2026-06-02,,true
13026,LOW,HIGH,LOW,2026-06-02,,true
13028,LOW,HIGH,LOW,2026-06-02,,true
13032,LOW,HIGH,LOW,2026-06-02,,true
13033,LOW,HIGH,LOW,2026-06-02,,true
13036,LOW,LOW,LOW,2026-06-02,,true
13037,LOW,LOW,LOW,2026-06-02,,true
13044,LOW,LOW,LOW,2026-06-02,,true
13046,LOW,LOW,LOW,2026-06-02,,true
13050,LOW,LOW,LOW,2026-06-02,,true
13068,LOW,LOW,LOW,2026-06-02,,true
13073,LOW,LOW,LOW,2026-06-02,,true
13074,LOW,LOW,LOW,2026-06-02,,true
13076,LOW,LOW,LOW,2026-06-02,,true
13077,LOW,LOW,LOW,2026-06-02,,true
13078,LOW,LOW,LOW,2026-06-02,,true
13080,LOW,LOW,LOW,2026-06-02,,true
13081,LOW,LOW,LOW,2026-06-02,,true
13086,LOW,LOW,LOW,2026-06-02,,true
13087,LOW,LOW,LOW,2026-06-02,,true
13089,LOW,LOW,LOW,2026-06-02,,true
13093,LOW,LOW,LOW,2026-06-02,,true
13094,LOW,LOW,LOW,2026-06-02,,true
13096,LOW,LOW,LOW,2026-06-02,,true
13100,LOW,LOW,LOW,2026-06-02,,true
13102,LOW,LOW,LOW,2026-06-02,,true
13109,LOW,LOW,LOW,2026-06-02,,true
13114,LOW,LOW,LOW,2026-06-02,,true
13127,LOW,LOW,LOW,2026-06-02,,true
13128,LOW,LOW,LOW,2026-06-02,,true
13132,LOW,LOW,LOW,2026-06-02,,true
13134,LOW,LOW,LOW,2026-06-02,,true
13137,LOW,LOW,LOW,2026-06-02,,true
13141,LOW,LOW,LOW,2026-06-02,,true
13143,LOW,LOW,LOW,2026-06-02,,true
13147,LOW,LOW,LOW,2026-06-02,,true
13150,LOW,LOW,LOW,2026-06-02,,true
13151,LOW,LOW,LOW,2026-06-02,,true
13153,LOW,LOW,LOW,2026-06-02,,true
13155,LOW,LOW,LOW,2026-06-02,,true
13156,LOW,LOW,LOW,2026-06-02,,true
13163,LOW,LOW,LOW,2026-06-02,,true
13164,LOW,LOW,LOW,2026-06-02,,true
13167,LOW,LOW,LOW,2026-06-02,,true
13173,LOW,LOW,LOW,2026-06-02,,true
13176,LOW,LOW,LOW,2026-06-02,,true
13178,LOW,LOW,LOW,2026-06-02,,true
13189,LOW,LOW,LOW,2026-06-02,,true
13195,LOW,LOW,LOW,2026-06-02,,true
13196,LOW,LOW,LOW,2026-06-02,,true
13201,LOW,LOW,LOW,2026-06-02,,true
13202,LOW,LOW,LOW,2026-06-02,,true
13205,LOW,LOW,LOW,2026-06-02,,true
13208,LOW,LOW,LOW,2026-06-02,,true
13211,LOW,LOW,LOW,2026-06-02,,true
13220,LOW,LOW,LOW,2026-06-02,,true
13221,LOW,LOW,LOW,2026-06-02,,true
13228,LOW,LOW,LOW,2026-06-02,,true
13232,LOW,LOW,LOW,2026-06-02,,true
13233,LOW,LOW,LOW,2026-06-02,,true
13239,LOW,LOW,LOW,2026-06-02,,true
13248,LOW,LOW,LOW,2026-06-02,,true
13257,LOW,LOW,LOW,2026-06-02,,true
13258,LOW,LOW,LOW,2026-06-02,,true
13263,LOW,LOW,LOW,2026-06-02,,true
13271,LOW,LOW,LOW,2026-06-02,,true
13273,LOW,LOW,LOW,2026-06-02,,true
13274,LOW,LOW,LOW,2026-06-02,,true
13278,LOW,LOW,LOW,2026-06-02,,true
13280,LOW,LOW,LOW,2026-06-02,,true
13290,LOW,LOW,LOW,2026-06-02,,true
13292,LOW,LOW,LOW,2026-06-02,,true
13294,LOW,LOW,LOW,2026-06-02,,true
13298,LOW,LOW,LOW,2026-06-02,,true
13299,LOW,LOW,LOW,2026-06-02,,true
13302,LOW,LOW,LOW,2026-06-02,,true
13303,LOW,LOW,LOW,2026-06-02,,true
13305,LOW,LOW,LOW,2026-06-02,,true
13306,LOW,LOW,LOW,2026-06-02,,true
13309,LOW,LOW,LOW,2026-06-02,,true
13311,LOW,LOW,LOW,2026-06-02,,true
13315,LOW,LOW,LOW,2026-06-02,,true
13317,LOW,LOW,LOW,2026-06-02,,true
13318,LOW,LOW,LOW,2026-06-02,,true
13320,LOW,LOW,LOW,2026-06-02,,true
13321,LOW,LOW,LOW,2026-06-02,,true
13324,LOW,LOW,LOW,2026-06-02,,true
13325,LOW,LOW,LOW,2026-06-02,,true
13328,LOW,LOW,LOW,2026-06-02,,true
13329,LOW,LOW,LOW,2026-06-02,,true
13334,LOW,LOW,LOW,2026-06-02,,true
13349,LOW,LOW,LOW,2026-06-02,,true
13358,LOW,LOW,LOW,2026-06-02,,true
13359,LOW,LOW,LOW,2026-06-02,,true
13364,LOW,LOW,LOW,2026-06-02,,true
13367,LOW,LOW,LOW,2026-06-02,,true
13369,LOW,LOW,LOW,2026-06-02,,true
13377,LOW,LOW,LOW,2026-06-02,,true
13382,LOW,LOW,LOW,2026-06-02,,true
13383,LOW,LOW,LOW,2026-06-02,,true
13384,LOW,LOW,LOW,2026-06-02,,true
13387,LOW,LOW,LOW,2026-06-02,,true
13388,LOW,LOW,LOW,2026-06-02,,true
13394,LOW,LOW,LOW,2026-06-02,,true
13397,LOW,LOW,LOW,2026-06-02,,true
13399,LOW,LOW,LOW,2026-06-02,,true
13400,LOW,LOW,LOW,2026-06-02,,true
13403,LOW,LOW,LOW,2026-06-02,,true
13412,LOW,LOW,LOW,2026-06-02,,true
13414,LOW,LOW,LOW,2026-06-02,,true
13433,LOW,LOW,LOW,2026-06-02,,true
13439,LOW,LOW,LOW,2026-06-02,,true
13441,LOW,LOW,LOW,2026-06-02,,true
13442,LOW,LOW,LOW,2026-06-02,,true
13448,LOW,LOW,LOW,2026-06-02,,true
13450,LOW,LOW,LOW,2026-06-02,,true
13451,LOW,LOW,LOW,2026-06-02,,true
13453,LOW,LOW,LOW,2026-06-02,,true
13461,LOW,HIGH,LOW,2026-06-02,,true
13465,LOW,HIGH,LOW,2026-06-02,,true
13475,LOW,HIGH,LOW,2026-06-02,,true
13479,LOW,HIGH,LOW,2026-06-02,,true
13480,LOW,HIGH,LOW,2026-06-02,,true
13482,LOW,HIGH,LOW,2026-06-02,,true
13498,LOW,HIGH,LOW,2026-06-02,,true
13505,LOW,HIGH,LOW,2026-06-02,,true
13506,LOW,HIGH,LOW,2026-06-02,,true
13508,LOW,HIGH,LOW,2026-06-02,,true
13514,LOW,HIGH,LOW,2026-06-02,,true
13527,LOW,LOW,LOW,2026-06-02,,true
13531,LOW,LOW,LOW,2026-06-02,,true
13534,LOW,LOW,LOW,2026-06-02,,true
13539,LOW,LOW,LOW,2026-06-02,,true
13541,LOW,LOW,LOW,2026-06-02,,true
13548,LOW,LOW,LOW,2026-06-02,,true
13549,LOW,LOW,LOW,2026-06-02,,true
13555,LOW,LOW,LOW,2026-06-02,,true
13557,LOW,LOW,LOW,2026-06-02,,true
13561,LOW,LOW,LOW,2026-06-02,,true
13565,LOW,LOW,LOW,2026-06-02,,true
13568,LOW,LOW,LOW,2026-06-02,,true
13573,LOW,LOW,LOW,2026-06-02,,true
13578,LOW,LOW,LOW,2026-06-02,,true
13580,LOW,LOW,LOW,2026-06-02,,true
13585,LOW,LOW,LOW,2026-06-02,,true
13594,LOW,LOW,LOW,2026-06-02,,true
13598,LOW,LOW,LOW,2026-06-02,,true
13600,LOW,LOW,LOW,2026-06-02,,true
13604,LOW,LOW,LOW,2026-06-02,,true
13606,LOW,LOW,LOW,2026-06-02,,true
13607,LOW,LOW,LOW,2026-06-02,,true
13615,LOW,LOW,LOW,2026-06-02,,true
13616,LOW,LOW,LOW,2026-06-02,,true
13620,LOW,LOW,LOW,2026-06-02,,true
13621,LOW,LOW,LOW,2026-06-02,,true
13622,LOW,LOW,LOW,2026-06-02,,true
13625,LOW,LOW,LOW,2026-06-02,,true
13631,LOW,LOW,LOW,2026-06-02,,true
13632,LOW,LOW,LOW,2026-06-02,,true
13637,LOW,LOW,LOW,2026-06-02,,true
13639,LOW,LOW,LOW,2026-06-02,,true
13641,LOW,LOW,LOW,2026-06-02,,true
13647,LOW,LOW,LOW,2026-06-02,,true
13653,LOW,LOW,LOW,2026-06-02,,true
13656,LOW,LOW,LOW,2026-06-02,,true
13664,LOW,LOW,LOW,2026-06-02,,true
13670,LOW,LOW,LOW,2026-06-02,,true
13676,LOW,LOW,LOW,2026-06-02,,true
13683,LOW,LOW,LOW,2026-06-02,,true
13688,LOW,LOW,LOW,2026-06-02,,true
13691,LOW,HIGH,LOW,2026-06-02,,true
13693,LOW,HIGH,LOW,2026-06-02,,true
13694,LOW,HIGH,LOW,2026-06-02,,true
13695,LOW,HIGH,LOW,2026-06-02,,true
13696,LOW,HIGH,LOW,2026-06-02,,true
13697,LOW,HIGH,LOW,2026-06-02,,true
13699,LOW,HIGH,LOW,2026-06-02,,true
13700,LOW,HIGH,LOW,2026-06-02,,true
13702,LOW,HIGH,LOW,2026-06-02,,true
13706,LOW,HIGH,LOW,2026-06-02,,true
13707,LOW,HIGH,LOW,2026-06-02,,true
13711,LOW,HIGH,LOW,2026-06-02,,true
13713,LOW,HIGH,LOW,2026-06-02,,true
13719,LOW,HIGH,LOW,2026-06-02,,true
13726,LOW,HIGH,LOW,2026-06-02,,true
13741,LOW,HIGH,LOW,2026-06-02,,true
13755,LOW,HIGH,LOW,2026-06-02,,true
13757,LOW,HIGH,LOW,2026-06-02,,true
13760,LOW,HIGH,LOW,2026-06-02,,true
13761,LOW,HIGH,LOW,2026-06-02,,true
13767,LOW,HIGH,LOW,2026-06-02,,true
13768,LOW,HIGH,LOW,2026-06-02,,true
13773,LOW,HIGH,LOW,2026-06-02,,true
13774,LOW,HIGH,LOW,2026-06-02,,true
13781,LOW,HIGH,LOW,2026-06-02,,true
13796,LOW,HIGH,LOW,2026-06-02,,true
13806,LOW,HIGH,LOW,2026-06-02,,true
13815,LOW,HIGH,LOW,2026-06-02,,true
13819,LOW,HIGH,LOW,2026-06-02,,true
13824,LOW,HIGH,LOW,2026-06-02,,true
13825,LOW,HIGH,LOW,2026-06-02,,true
13828,LOW,HIGH,LOW,2026-06-02,,true
13829,LOW,HIGH,LOW,2026-06-02,,true
13835,LOW,HIGH,LOW,2026-06-02,,true
13839,LOW,HIGH,LOW,2026-06-02,,true
13846,LOW,HIGH,LOW,2026-06-02,,true
13851,LOW,LOW,LOW,2026-06-02,,true
13856,LOW,LOW,LOW,2026-06-02,,true
13864,LOW,LOW,LOW,2026-06-02,,true
13865,LOW,LOW,LOW,2026-06-02,,true
13868,LOW,LOW,LOW,2026-06-02,,true
13870,LOW,LOW,LOW,2026-06-02,,true
13879,LOW,LOW,LOW,2026-06-02,,true
13883,LOW,LOW,LOW,2026-06-02,,true
13884,LOW,LOW,LOW,2026-06-02,,true
13886,LOW,LOW,LOW,2026-06-02,,true
13888,LOW,LOW,LOW,2026-06-02,,true
13893,LOW,LOW,LOW,2026-06-02,,true
13898,LOW,LOW,LOW,2026-06-02,,true
13908,LOW,LOW,LOW,2026-06-02,,true
13910,LOW,LOW,LOW,2026-06-02,,true
13912,LOW,LOW,LOW,2026-06-02,,true
13915,LOW,LOW,LOW,2026-06-02,,true
13917,LOW,LOW,LOW,2026-06-02,,true
13918,LOW,LOW,LOW,2026-06-02,,true
13924,LOW,LOW,LOW,2026-06-02,,true
13925,LOW,LOW,LOW,2026-06-02,,true
13929,LOW,LOW,LOW,2026-06-02,,true
13935,LOW,LOW,LOW,2026-06-02,,true
13938,LOW,LOW,LOW,2026-06-02,,true
13946,LOW,LOW,LOW,2026-06-02,,true
13952,LOW,LOW,LOW,2026-06-02,,true
13956,LOW,LOW,LOW,2026-06-02,,true
13958,LOW,LOW,LOW,2026-06-02,,true
13961,LOW,LOW,LOW,2026-06-02,,true
13965,LOW,LOW,LOW,2026-06-02,,true
13969,LOW,LOW,LOW,2026-06-02,,true
13970,LOW,LOW,LOW,2026-06-02,,true
13972,LOW,LOW,LOW,2026-06-02,,true
13978,LOW,LOW,LOW,2026-06-02,,true
13980,LOW,LOW,LOW,2026-06-02,,true
13986,LOW,LOW,LOW,2026-06-02,,true
13987,LOW,LOW,LOW,2026-06-02,,true
14001,LOW,LOW,LOW,2026-06-02,,true
14002,LOW,LOW,LOW,2026-06-02,,true
14003,LOW,HIGH,LOW,2026-06-02,,true
14010,LOW,HIGH,LOW,2026-06-02,,true
14011,LOW,HIGH,LOW,2026-06-02,,true
14012,LOW,HIGH,LOW,2026-06-02,,true
14013,LOW,HIGH,LOW,2026-06-02,,true
14017,LOW,HIGH,LOW,2026-06-02,,true
14031,LOW,HIGH,LOW,2026-06-02,,true
14035,LOW,HIGH,LOW,2026-06-02,,true
14037,LOW,HIGH,LOW,2026-06-02,,true
14041,LOW,HIGH,LOW,2026-06-02,,true
14052,LOW,HIGH,LOW,2026-06-02,,true
14055,LOW,HIGH,LOW,2026-06-02,,true
14062,LOW,HIGH,LOW,2026-06-02,,true
14066,LOW,LOW,LOW,2026-06-02,,true
14073,LOW,LOW,LOW,2026-06-02,,true
14076,LOW,LOW,LOW,2026-06-02,,true
14082,LOW,LOW,LOW,2026-06-02,,true
14088,LOW,LOW,LOW,2026-06-02,,true
14091,LOW,LOW,LOW,2026-06-02,,true
14092,LOW,LOW,LOW,2026-06-02,,true
14097,LOW,LOW,LOW,2026-06-02,,true
14098,LOW,LOW,LOW,2026-06-02,,true
14100,LOW,LOW,LOW,2026-06-02,,true
14103,LOW,LOW,LOW,2026-06-02,,true
14106,LOW,LOW,LOW,2026-06-02,,true
14107,LOW,LOW,LOW,2026-06-02,,true
14109,LOW,LOW,LOW,2026-06-02,,true
14116,LOW,LOW,LOW,2026-06-02,,true
14117,LOW,LOW,LOW,2026-06-02,,true
14120,LOW,LOW,LOW,2026-06-02,,true
14122,LOW,LOW,LOW,2026-06-02,,true
14138,LOW,HIGH,LOW,2026-06-02,,true
14142,LOW,HIGH,LOW,2026-06-02,,true
14150,LOW,HIGH,LOW,2026-06-02,,true
14155,LOW,HIGH,LOW,2026-06-02,,true
14157,LOW,HIGH,LOW,2026-06-02,,true
14170,LOW,HIGH,LOW,2026-06-02,,true
14171,LOW,HIGH,LOW,2026-06-02,,true
14172,LOW,HIGH,LOW,2026-06-02,,true
14175,LOW,HIGH,LOW,2026-06-02,,true
14187,LOW,HIGH,LOW,2026-06-02,,true
14192,LOW,LOW,LOW,2026-06-02,,true
14195,LOW,LOW,LOW,2026-06-02,,true
14198,LOW,LOW,LOW,2026-06-02,,true
14201,LOW,LOW,LOW,2026-06-02,,true
14209,LOW,LOW,LOW,2026-06-02,,true
14212,LOW,LOW,LOW,2026-06-02,,true
14214,LOW,LOW,LOW,2026-06-02,,true
14222,LOW,LOW,LOW,2026-06-02,,true
14223,LOW,LOW,LOW,2026-06-02,,true
14227,LOW,LOW,LOW,2026-06-02,,true
14230,LOW,LOW,LOW,2026-06-02,,true
14232,LOW,LOW,LOW,2026-06-02,,true
14233,LOW,LOW,LOW,2026-06-02,,true
14244,LOW,LOW,LOW,2026-06-02,,true
14252,LOW,LOW,LOW,2026-06-02,,true
14253,LOW,LOW,LOW,2026-06-02,,true
14257,LOW,LOW,LOW,2026-06-02,,true
14263,LOW,LOW,LOW,2026-06-02,,true
14265,LOW,LOW,LOW,2026-06-02,,true
14268,LOW,HIGH,LOW,2026-06-02,,true
14272,LOW,HIGH,LOW,2026-06-02,,true
14274,LOW,HIGH,LOW,2026-06-02,,true
14277,LOW,HIGH,LOW,2026-06-02,,true
14284,LOW,HIGH,LOW,2026-06-02,,true
14286,LOW,HIGH,LOW,2026-06-02,,true
14287,LOW,HIGH,LOW,2026-06-02,,true
14307,LOW,HIGH,LOW,2026-06-02,,true
14308,LOW,HIGH,LOW,2026-06-02,,true
14311,LOW,HIGH,LOW,2026-06-02,,true
14313,LOW,HIGH,LOW,2026-06-02,,true
14315,LOW,HIGH,LOW,2026-06-02,,true
14316,LOW,HIGH,LOW,2026-06-02,,true
14319,LOW,HIGH,LOW,2026-06-02,,true
14320,LOW,HIGH,LOW,2026-06-02,,true
14328,LOW,LOW,LOW,2026-06-02,,true
14336,LOW,HIGH,LOW,2026-06-02,,true
14340,LOW,HIGH,LOW,2026-06-02,,true
14341,LOW,HIGH,LOW,2026-06-02,,true
14351,LOW,HIGH,LOW,2026-06-02,,true
14353,LOW,HIGH,LOW,2026-06-02,,true
14354,LOW,HIGH,LOW,2026-06-02,,true
14357,LOW,HIGH,LOW,2026-06-02,,true
14364,LOW,HIGH,LOW,2026-06-02,,true
14365,LOW,HIGH,LOW,2026-06-02,,true
14368,LOW,HIGH,LOW,2026-06-02,,true
14373,LOW,HIGH,LOW,2026-06-02,,true
14377,LOW,HIGH,LOW,2026-06-02,,true
14381,LOW,HIGH,LOW,2026-06-02,,true
14389,LOW,LOW,LOW,2026-06-02,,true
14392,LOW,LOW,LOW,2026-06-02,,true
14395,LOW,LOW,LOW,2026-06-02,,true
14398,LOW,LOW,LOW,2026-06-02,,true
14407,LOW,LOW,LOW,2026-06-02,,true
14409,LOW,LOW,LOW,2026-06-02,,true
14413,LOW,LOW,LOW,2026-06-02,,true
14416,LOW,LOW,LOW,2026-06-02,,true
14419,LOW,LOW,LOW,2026-06-02,,true
14424,LOW,LOW,LOW,2026-06-02,,true
14425,LOW,LOW,LOW,2026-06-02,,true
14428,LOW,LOW,LOW,2026-06-02,,true
14433,LOW,LOW,LOW,2026-06-02,,true
14435,LOW,LOW,LOW,2026-06-02,,true
14436,LOW,LOW,LOW,2026-06-02,,true
14437,LOW,LOW,LOW,2026-06-02,,true
14439,LOW,LOW,LOW,2026-06-02,,true
14440,LOW,LOW,LOW,2026-06-02,,true
14441,LOW,LOW,LOW,2026-06-02,,true
14450,LOW,LOW,LOW,2026-06-02,,true
14451,LOW,LOW,LOW,2026-06-02,,true
14452,LOW,LOW,LOW,2026-06-02,,true
14456,LOW,LOW,LOW,2026-06-02,,true
14458,LOW,LOW,LOW,2026-06-02,,true
14460,LOW,LOW,LOW,2026-06-02,,true
14462,LOW,LOW,LOW,2026-06-02,,true
14478,LOW,LOW,LOW,2026-06-02,,true
14484,LOW,LOW,LOW,2026-06-02,,true
14485,LOW,LOW,LOW,2026-06-02,,true
14493,LOW,LOW,LOW,2026-06-02,,true
14502,LOW,LOW,LOW,2026-06-02,,true
14507,LOW,LOW,LOW,2026-06-02,,true
14508,LOW,LOW,LOW,2026-06-02,,true
14513,LOW,LOW,LOW,2026-06-02,,true
14514,LOW,LOW,LOW,2026-06-02,,true
14515,LOW,LOW,LOW,2026-06-02,,true
14516,LOW,LOW,LOW,2026-06-02,,true
14518,LOW,LOW,LOW,2026-06-02,,true
14520,LOW,LOW,LOW,2026-06-02,,true
14524,LOW,LOW,LOW,2026-06-02,,true
14525,LOW,LOW,LOW,2026-06-02,,true
14529,LOW,LOW,LOW,2026-06-02,,true
14537,LOW,LOW,LOW,2026-06-02,,true
14541,LOW,LOW,LOW,2026-06-02,,true
14544,LOW,LOW,LOW,2026-06-02,,true
14551,LOW,LOW,LOW,2026-06-02,,true
14561,LOW,LOW,LOW,2026-06-02,,true
14564,LOW,LOW,LOW,2026-06-02,,true
14569,LOW,LOW,LOW,2026-06-02,,true
14572,LOW,LOW,LOW,2026-06-02,,true
14575,LOW,LOW,LOW,2026-06-02,,true
14578,LOW,LOW,LOW,2026-06-02,,true
14579,LOW,LOW,LOW,2026-06-02,,true
14580,LOW,LOW,LOW,2026-06-02,,true
14581,LOW,LOW,LOW,2026-06-02,,true
14585,LOW,LOW,LOW,2026-06-02,,true
14587,LOW,LOW,LOW,2026-06-02,,true
14595,LOW,LOW,LOW,2026-06-02,,true
14596,LOW,LOW,LOW,2026-06-02,,true
14602,LOW,LOW,LOW,2026-06-02,,true
14603,LOW,LOW,LOW,2026-06-02,,true
14604,LOW,LOW,LOW,2026-06-02,,true
14608,LOW,LOW,LOW,2026-06-02,,true
14612,LOW,LOW,LOW,2026-06-02,,true
14616,LOW,LOW,LOW,2026-06-02,,true
14619,LOW,LOW,LOW,2026-06-02,,true
14624,LOW,LOW,LOW,2026-06-02,,true
14627,LOW,LOW,LOW,2026-06-02,,true
14634,LOW,LOW,LOW,2026-06-02,,true
14635,LOW,LOW,LOW,2026-06-02,,true
14638,LOW,LOW,LOW,2026-06-02,,true
14643,LOW,HIGH,LOW,2026-06-02,,true
14644,LOW,HIGH,LOW,2026-06-02,,true
14652,LOW,HIGH,LOW,2026-06-02,,true
14654,LOW,HIGH,LOW,2026-06-02,,true
14656,LOW,HIGH,LOW,2026-06-02,,true
14662,LOW,HIGH,HIGH,2026-06-02,,true
14665,LOW,HIGH,HIGH,2026-06-02,,true
14667,LOW,HIGH,HIGH,2026-06-02,,true
14669,LOW,HIGH,HIGH,2026-06-02,,true
14671,LOW,HIGH,HIGH,2026-06-02,,true
14674,LOW,HIGH,HIGH,2026-06-02,,true
14676,LOW,HIGH,HIGH,2026-06-02,,true
14679,LOW,HIGH,HIGH,2026-06-02,,true
14680,LOW,HIGH,HIGH,2026-06-02,,true
14685,LOW,HIGH,HIGH,2026-06-02,,true
14686,HIGH,LOW,HIGH,2026-06-02,,true
14695,HIGH,LOW,HIGH,2026-06-02,,true
14697,HIGH,LOW,HIGH,2026-06-02,,true
14701,LOW,LOW,LOW,2026-06-02,,true
14702,LOW,LOW,LOW,2026-06-02,,true
14704,LOW,LOW,LOW,2026-06-02,,true
14706,LOW,LOW,LOW,2026-06-02,,true
14707,LOW,LOW,LOW,2026-06-02,,true
14712,LOW,LOW,LOW,2026-06-02,,true
14713,LOW,LOW,LOW,2026-06-02,,true
14723,LOW,LOW,LOW,2026-06-02,,true
14724,LOW,LOW,LOW,2026-06-02,,true
14725,LOW,LOW,LOW,2026-06-02,,true
14726,LOW,LOW,LOW,2026-06-02,,true
14728,LOW,LOW,LOW,2026-06-02,,true
14731,LOW,LOW,LOW,2026-06-02,,true
14739,LOW,LOW,LOW,2026-06-02,,true
14746,LOW,LOW,LOW,2026-06-02,,true
14748,LOW,LOW,LOW,2026-06-02,,true
14749,LOW,LOW,LOW,2026-06-02,,true
14752,LOW,LOW,LOW,2026-06-02,,true
14755,LOW,LOW,LOW,2026-06-02,,true
14760,LOW,LOW,LOW,2026-06-02,,true
14767,LOW,HIGH,LOW,2026-06-02,,true
14770,LOW,HIGH,LOW,2026-06-02,,true
14771,LOW,HIGH,LOW,2026-06-02,,true
14775,LOW,HIGH,LOW,2026-06-02,,true
14777,LOW,HIGH,LOW,2026-06-02,,true
14778,LOW,HIGH,LOW,2026-06-02,,true
14779,LOW,HIGH,LOW,2026-06-02,,true
14780,LOW,HIGH,LOW,2026-06-02,,true
14781,LOW,HIGH,LOW,2026-06-02,,true
14784,LOW,HIGH,LOW,2026-06-02,,true
14786,LOW,HIGH,LOW,2026-06-02,,true
14788,LOW,HIGH,LOW,2026-06-02,,true
14790,LOW,HIGH,LOW,2026-06-02,,true
14800,LOW,HIGH,LOW,2026-06-02,,true
14802,LOW,HIGH,HIGH,2026-06-02,,true
14812,LOW,HIGH,LOW,2026-06-02,,true
14815,LOW,HIGH,HIGH,2026-06-02,,true
14822,LOW,HIGH,HIGH,2026-06-02,,true
14827,LOW,LOW,LOW,2026-06-02,,true
14829,LOW,LOW,LOW,2026-06-02,,true
14835,LOW,LOW,LOW,2026-06-02,,true
14842,LOW,LOW,LOW,2026-06-02,,true
14843,LOW,LOW,LOW,2026-06-02,,true
14846,LOW,LOW,LOW,2026-06-02,,true
14851,LOW,LOW,LOW,2026-06-02,,true
14867,LOW,LOW,LOW,2026-06-02,,true
14871,LOW,LOW,LOW,2026-06-02,,true
14879,LOW,LOW,LOW,2026-06-02,,true
14881,LOW,LOW,LOW,2026-06-02,,true
14882,LOW,LOW,LOW,2026-06-02,,true
14883,LOW,LOW,LOW,2026-06-02,,true
14887,LOW,LOW,LOW,2026-06-02,,true
14890,LOW,LOW,LOW,2026-06-02,,true
14895,LOW,LOW,LOW,2026-06-02,,true
14897,LOW,LOW,LOW,2026-06-02,,true
14900,LOW,LOW,LOW,2026-06-02,,true
14903,LOW,LOW,LOW,2026-06-02,,true
14904,LOW,LOW,LOW,2026-06-02,,true
14905,LOW,LOW,LOW,2026-06-02,,true
14906,LOW,LOW,LOW,2026-06-02,,true
14913,LOW,LOW,LOW,2026-06-02,,true
14918,LOW,LOW,LOW,2026-06-02,,true
14920,LOW,LOW,LOW,2026-06-02,,true
14926,LOW,LOW,LOW,2026-06-02,,true
14933,LOW,LOW,LOW,2026-06-02,,true
14939,LOW,LOW,LOW,2026-06-02,,true
14942,LOW,LOW,LOW,2026-06-02,,true
14947,LOW,LOW,LOW,2026-06-02,,true
14949,LOW,LOW,LOW,2026-06-02,,true
14951,LOW,LOW,LOW,2026-06-02,,true
14952,LOW,LOW,LOW,2026-06-02,,true
14955,LOW,LOW,LOW,2026-06-02,,true
14959,LOW,LOW,LOW,2026-06-02,,true
14974,LOW,LOW,LOW,2026-06-02,,true
14979,LOW,LOW,LOW,2026-06-02,,true
14981,LOW,LOW,LOW,2026-06-02,,true
14983,LOW,LOW,LOW,2026-06-02,,true
14989,LOW,LOW,LOW,2026-06-02,,true
14990,LOW,LOW,LOW,2026-06-02,,true
14992,LOW,LOW,LOW,2026-06-02,,true
14993,LOW,LOW,LOW,2026-06-02,,true
14996,LOW,LOW,LOW,2026-06-02,,true
14999,LOW,LOW,LOW,2026-06-02,,true
15003,LOW,LOW,LOW,2026-06-02,,true
15007,LOW,LOW,LOW,2026-06-02,,true
15013,LOW,LOW,LOW,2026-06-02,,true
15022,LOW,HIGH,LOW,2026-06-02,,true
15025,LOW,HIGH,LOW,2026-06-02,,true
15027,LOW,HIGH,LOW,2026-06-02,,true
15030,LOW,HIGH,LOW,2026-06-02,,true
15034,LOW,HIGH,LOW,2026-06-02,,true
15036,LOW,HIGH,LOW,2026-06-02,,true
15038,LOW,HIGH,LOW,2026-06-02,,true
15040,LOW,HIGH,LOW,2026-06-02,,true
15042,LOW,HIGH,LOW,2026-06-02,,true
15044,LOW,HIGH,LOW,2026-06-02,,true
15046,LOW,HIGH,LOW,2026-06-02,,true
15062,LOW,HIGH,LOW,2026-06-02,,true
15063,LOW,HIGH,LOW,2026-06-02,,true
15064,LOW,HIGH,LOW,2026-06-02,,true
15068,LOW,HIGH,LOW,2026-06-02,,true
15070,LOW,HIGH,LOW,2026-06-02,,true
15078,LOW,LOW,LOW,2026-06-02,,true
15079,LOW,LOW,LOW,2026-06-02,,true
15092,LOW,LOW,LOW,2026-06-02,,true
15093,LOW,LOW,LOW,2026-06-02,,true
15094,LOW,LOW,LOW,2026-06-02,,true
15095,LOW,LOW,LOW,2026-06-02,,true
15100,LOW,LOW,LOW,2026-06-02,,true
15107,LOW,LOW,LOW,2026-06-02,,true
15110,LOW,LOW,LOW,2026-06-02,,true
15118,LOW,LOW,LOW,2026-06-02,,true
15123,LOW,LOW,LOW,2026-06-02,,true
15125,LOW,LOW,LOW,2026-06-02,,true
15130,LOW,LOW,LOW,2026-06-02,,true
15133,LOW,LOW,LOW,2026-06-02,,true
15136,LOW,LOW,LOW,2026-06-02,,true
15137,LOW,LOW,LOW,2026-06-02,,true
15139,LOW,LOW,LOW,2026-06-02,,true
15142,LOW,LOW,LOW,2026-06-02,,true
15145,LOW,LOW,LOW,2026-06-02,,true
15152,LOW,LOW,LOW,2026-06-02,,true
15153,LOW,LOW,LOW,2026-06-02,,true
15155,LOW,LOW,LOW,2026-06-02,,true
15162,LOW,LOW,LOW,2026-06-02,,true
15165,LOW,LOW,LOW,2026-06-02,,true
15172,LOW,LOW,LOW,2026-06-02,,true
15192,LOW,LOW,LOW,2026-06-02,,true
15199,LOW,LOW,LOW,2026-06-02,,true
15201,LOW,LOW,LOW,2026-06-02,,true
15202,LOW,LOW,LOW,2026-06-02,,true
15207,LOW,LOW,LOW,2026-06-02,,true
15213,LOW,LOW,LOW,2026-06-02,,true
15215,LOW,LOW,LOW,2026-06-02,,true
15216,LOW,LOW,LOW,2026-06-02,,true
15217,LOW,LOW,LOW,2026-06-02,,true
15223,LOW,LOW,LOW,2026-06-02,,true
15238,LOW,LOW,LOW,2026-06-02,,true
15239,LOW,LOW,LOW,2026-06-02,,true
15240,LOW,LOW,LOW,2026-06-02,,true
15241,LOW,LOW,LOW,2026-06-02,,true
15244,LOW,LOW,LOW,2026-06-02,,true
15246,LOW,LOW,LOW,2026-06-02,,true
15251,LOW,LOW,LOW,2026-06-02,,true
15259,LOW,LOW,LOW,2026-06-02,,true
15260,LOW,LOW,LOW,2026-06-02,,true
15264,LOW,LOW,LOW,2026-06-02,,true
15265,LOW,LOW,LOW,2026-06-02,,true
15266,LOW,LOW,LOW,2026-06-02,,true
15271,LOW,LOW,LOW,2026-06-02,,true
15272,LOW,LOW,LOW,2026-06-02,,true
15273,LOW,LOW,LOW,2026-06-02,,true
15277,LOW,LOW,LOW,2026-06-02,,true
15280,LOW,LOW,LOW,2026-06-02,,true
15288,LOW,LOW,LOW,2026-06-02,,true
15289,LOW,LOW,LOW,2026-06-02,,true
15291,LOW,LOW,LOW,2026-06-02,,true
15300,LOW,LOW,LOW,2026-06-02,,true
15314,LOW,HIGH,LOW,2026-06-02,,true
15317,LOW,HIGH,LOW,2026-06-02,,true
15324,LOW,HIGH,LOW,2026-06-02,,true
15331,LOW,HIGH,LOW,2026-06-02,,true
15332,LOW,HIGH,LOW,2026-06-02,,true
15333,LOW,HIGH,LOW,2026-06-02,,true
15334,LOW,HIGH,LOW,2026-06-02,,true
15340,LOW,HIGH,LOW,2026-06-02,,true
15342,LOW,HIGH,LOW,2026-06-02,,true
15346,LOW,HIGH,LOW,2026-06-02,,true
15353,LOW,HIGH,LOW,2026-06-02,,true
15358,LOW,HIGH,LOW,2026-06-02,,true
15363,LOW,LOW,LOW,2026-06-02,,true
15366,LOW,LOW,LOW,2026-06-02,,true
15368,LOW,LOW,LOW,2026-06-02,,true
15369,LOW,LOW,LOW,2026-06-02,,true
15371,LOW,LOW,LOW,2026-06-02,,true
15373,LOW,LOW,LOW,2026-06-02,,true
15383,LOW,LOW,LOW,2026-06-02,,true
15384,LOW,LOW,LOW,2026-06-02,,true
15395,LOW,LOW,LOW,2026-06-02,,true
15396,LOW,LOW,LOW,2026-06-02,,true
15398,LOW,LOW,LOW,2026-06-02,,true
15403,LOW,LOW,LOW,2026-06-02,,true
15405,LOW,LOW,LOW,2026-06-02,,true
15413,LOW,LOW,LOW,2026-06-02,,true
15414,LOW,LOW,LOW,2026-06-02,,true
15416,LOW,LOW,LOW,2026-06-02,,true
15428,LOW,LOW,LOW,2026-06-02,,true
15440,LOW,LOW,LOW,2026-06-02,,true
15452,LOW,LOW,LOW,2026-06-02,,true
15453,LOW,LOW,LOW,2026-06-02,,true
15455,LOW,LOW,LOW,2026-06-02,,true
15465,LOW,LOW,LOW,2026-06-02,,true
15468,LOW,LOW,LOW,2026-06-02,,true
15471,LOW,LOW,LOW,2026-06-02,,true
15475,LOW,LOW,LOW,2026-06-02,,true
15484,LOW,LOW,LOW,2026-06-02,,true
15499,LOW,LOW,LOW,2026-06-02,,true
15503,LOW,LOW,LOW,2026-06-02,,true
15504,LOW,LOW,LOW,2026-06-02,,true
15509,LOW,LOW,LOW,2026-06-02,,true
15510,LOW,LOW,LOW,2026-06-02,,true
15511,LOW,LOW,LOW,2026-06-02,,true
15514,LOW,LOW,LOW,2026-06-02,,true
15518,LOW,HIGH,LOW,2026-06-02,,true
15524,LOW,HIGH,LOW,2026-06-02,,true
15526,LOW,HIGH,LOW,2026-06-02,,true
15527,LOW,HIGH,LOW,2026-06-02,,true
15530,LOW,HIGH,LOW,2026-06-02,,true
15534,LOW,HIGH,LOW,2026-06-02,,true
15535,LOW,HIGH,LOW,2026-06-02,,true
15536,LOW,HIGH,LOW,2026-06-02,,true
15541,LOW,HIGH,LOW,2026-06-02,,true
15548,LOW,HIGH,LOW,2026-06-02,,true
15556,LOW,HIGH,LOW,2026-06-02,,true
15557,LOW,HIGH,LOW,2026-06-02,,true
15561,LOW,HIGH,LOW,2026-06-02,,true
15562,LOW,HIGH,LOW,2026-06-02,,true
15566,LOW,HIGH,LOW,2026-06-02,,true
15572,LOW,HIGH,LOW,2026-06-02,,true
15575,LOW,HIGH,LOW,2026-06-02,,true
15578,LOW,LOW,LOW,2026-06-02,,true
15581,LOW,LOW,LOW,2026-06-02,,true
15582,LOW,LOW,LOW,2026-06-02,,true
15583,LOW,LOW,LOW,2026-06-02,,true
15589,LOW,LOW,LOW,2026-06-02,,true
15594,LOW,LOW,LOW,2026-06-02,,true
15602,LOW,LOW,LOW,2026-06-02,,true
15603,LOW,LOW,LOW,2026-06-02,,true
15604,LOW,LOW,LOW,2026-06-02,,true
15607,LOW,LOW,LOW,2026-06-02,,true
15608,LOW,LOW,LOW,2026-06-02,,true
15610,LOW,LOW,LOW,2026-06-02,,true
15613,LOW,LOW,LOW,2026-06-02,,true
15614,LOW,LOW,LOW,2026-06-02,,true
15625,LOW,LOW,LOW,2026-06-02,,true
15628,LOW,LOW,LOW,2026-06-02,,true
15631,LOW,LOW,LOW,2026-06-02,,true
15634,LOW,LOW,LOW,2026-06-02,,true
15638,LOW,LOW,LOW,2026-06-02,,true
15641,LOW,LOW,LOW,2026-06-02,,true
15643,LOW,LOW,LOW,2026-06-02,,true
15647,LOW,LOW,LOW,2026-06-02,,true
15652,LOW,LOW,LOW,2026-06-02,,true
15653,LOW,LOW,LOW,2026-06-02,,true
15657,LOW,LOW,LOW,2026-06-02,,true
15660,LOW,LOW,LOW,2026-06-02,,true
15667,LOW,LOW,LOW,2026-06-02,,true
15671,LOW,LOW,LOW,2026-06-02,,true
15672,LOW,LOW,LOW,2026-06-02,,true
15682,LOW,LOW,LOW,2026-06-02,,true
15686,LOW,LOW,LOW,2026-06-02,,true
15703,LOW,LOW,LOW,2026-06-02,,true
15706,LOW,LOW,LOW,2026-06-02,,true
15708,LOW,LOW,LOW,2026-06-02,,true
15718,LOW,LOW,LOW,2026-06-02,,true
15722,LOW,LOW,LOW,2026-06-02,,true
15731,LOW,LOW,LOW,2026-06-02,,true
15736,LOW,LOW,LOW,2026-06-02,,true
15738,LOW,LOW,LOW,2026-06-02,,true
15745,LOW,LOW,LOW,2026-06-02,,true
15747,LOW,LOW,LOW,2026-06-02,,true
15751,LOW,LOW,LOW,2026-06-02,,true
15752,LOW,LOW,LOW,2026-06-02,,true
15756,LOW,LOW,LOW,2026-06-02,,true
15757,LOW,LOW,LOW,2026-06-02,,true
15760,LOW,LOW,LOW,2026-06-02,,true
15763,LOW,LOW,LOW,2026-06-02,,true
15765,LOW,LOW,LOW,2026-06-02,,true
15766,LOW,LOW,LOW,2026-06-02,,true
15767,LOW,LOW,LOW,2026-06-02,,true
15776,LOW,HIGH,LOW,2026-06-02,,true
15779,LOW,HIGH,LOW,2026-06-02,,true
15789,LOW,HIGH,LOW,2026-06-02,,true
15792,LOW,HIGH,LOW,2026-06-02,,true
15797,LOW,HIGH,LOW,2026-06-02,,true
15798,LOW,HIGH,LOW,2026-06-02,,true
15805,LOW,HIGH,LOW,2026-06-02,,true
15815,LOW,HIGH,LOW,2026-06-02,,true
15818,LOW,HIGH,LOW,2026-06-02,,true
15819,LOW,HIGH,LOW,2026-06-02,,true
15822,LOW,HIGH,LOW,2026-06-02,,true
15827,LOW,HIGH,LOW,2026-06-02,,true
15829,LOW,LOW,LOW,2026-06-02,,true
15831,LOW,HIGH,LOW,2026-06-02,,true
15838,LOW,HIGH,LOW,2026-06-02,,true
15843,LOW,HIGH,LOW,2026-06-02,,true
15853,LOW,HIGH,LOW,2026-06-02,,true
15858,LOW,HIGH,LOW,2026-06-02,,true
15863,LOW,HIGH,LOW,2026-06-02,,true
15864,LOW,HIGH,LOW,2026-06-02,,true
15865,LOW,HIGH,LOW,2026-06-02,,true
15866,LOW,HIGH,LOW,2026-06-02,,true
15867,LOW,HIGH,LOW,2026-06-02,,true
15868,LOW,HIGH,LOW,2026-06-02,,true
15879,LOW,LOW,LOW,2026-06-02,,true
15883,LOW,LOW,LOW,2026-06-02,,true
15884,LOW,LOW,LOW,2026-06-02,,true
15898,LOW,LOW,LOW,2026-06-02,,true
15900,LOW,LOW,LOW,2026-06-02,,true
15903,LOW,LOW,LOW,2026-06-02,,true
15904,LOW,LOW,LOW,2026-06-02,,true
15916,LOW,LOW,LOW,2026-06-02,,true
15917,LOW,LOW,LOW,2026-06-02,,true
15919,LOW,LOW,LOW,2026-06-02,,true
15923,LOW,LOW,LOW,2026-06-02,,true
15925,LOW,LOW,LOW,2026-06-02,,true
15929,LOW,LOW,LOW,2026-06-02,,true
15944,LOW,LOW,LOW,2026-06-02,,true
15945,LOW,LOW,LOW,2026-06-02,,true
15949,LOW,LOW,LOW,2026-06-02,,true
15954,LOW,LOW,LOW,2026-06-02,,true
15959,LOW,LOW,LOW,2026-06-02,,true
15961,LOW,LOW,LOW,2026-06-02,,true
15962,LOW,LOW,LOW,2026-06-02,,true
15969,LOW,LOW,LOW,2026-06-02,,true
15970,LOW,LOW,LOW,2026-06-02,,true
15972,LOW,LOW,LOW,2026-06-02,,true
15973,LOW,LOW,LOW,2026-06-02,,true
15975,LOW,LOW,LOW,2026-06-02,,true
15980,LOW,LOW,LOW,2026-06-02,,true
15985,LOW,LOW,LOW,2026-06-02,,true
15987,LOW,LOW,LOW,2026-06-02,,true
15988,LOW,LOW,LOW,2026-06-02,,true
16000,LOW,LOW,LOW,2026-06-02,,true
16003,LOW,LOW,LOW,2026-06-02,,true
16006,LOW,LOW,LOW,2026-06-02,,true
16011,LOW,LOW,LOW,2026-06-02,,true
16017,LOW,LOW,LOW,2026-06-02,,true
16019,LOW,LOW,LOW,2026-06-02,,true
16029,LOW,LOW,LOW,2026-06-02,,true
16032,LOW,LOW,LOW,2026-06-02,,true
16041,LOW,LOW,LOW,2026-06-02,,true
16049,LOW,LOW,LOW,2026-06-02,,true
16053,LOW,LOW,LOW,2026-06-02,,true
16054,LOW,LOW,LOW,2026-06-02,,true
16059,LOW,LOW,LOW,2026-06-02,,true
16064,LOW,LOW,LOW,2026-06-02,,true
16067,LOW,LOW,LOW,2026-06-02,,true
16069,LOW,LOW,LOW,2026-06-02,,true
16076,LOW,LOW,LOW,2026-06-02,,true
16078,LOW,LOW,LOW,2026-06-02,,true
16080,LOW,LOW,LOW,2026-06-02,,true
16085,LOW,HIGH,LOW,2026-06-02,,true
16088,LOW,HIGH,LOW,2026-06-02,,true
16100,LOW,HIGH,LOW,2026-06-02,,true
16106,LOW,HIGH,LOW,2026-06-02,,true
16109,LOW,HIGH,LOW,2026-06-02,,true
16116,LOW,HIGH,LOW,2026-06-02,,true
16129,LOW,LOW,LOW,2026-06-02,,true
16133,LOW,LOW,LOW,2026-06-02,,true
16136,LOW,LOW,LOW,2026-06-02,,true
16138,LOW,LOW,LOW,2026-06-02,,true
16140,LOW,LOW,LOW,2026-06-02,,true
16141,LOW,LOW,LOW,2026-06-02,,true
16142,LOW,LOW,LOW,2026-06-02,,true
16149,LOW,LOW,LOW,2026-06-02,,true
16150,LOW,LOW,LOW,2026-06-02,,true
16152,LOW,LOW,LOW,2026-06-02,,true
16154,LOW,LOW,LOW,2026-06-02,,true
16157,LOW,LOW,LOW,2026-06-02,,true
16159,LOW,LOW,LOW,2026-06-02,,true
16164,LOW,LOW,LOW,2026-06-02,,true
16173,LOW,LOW,LOW,2026-06-02,,true
16175,LOW,LOW,LOW,2026-06-02,,true
16177,LOW,LOW,LOW,2026-06-02,,true
16183,LOW,LOW,LOW,2026-06-02,,true
16184,LOW,LOW,LOW,2026-06-02,,true
16206,LOW,HIGH,LOW,2026-06-02,,true
16210,LOW,HIGH,LOW,2026-06-02,,true
16211,LOW,HIGH,LOW,2026-06-02,,true
16218,LOW,HIGH,LOW,2026-06-02,,true
16219,LOW,HIGH,LOW,2026-06-02,,true
16225,LOW,HIGH,LOW,2026-06-02,,true
16226,LOW,HIGH,LOW,2026-06-02,,true
16228,LOW,HIGH,LOW,2026-06-02,,true
16231,LOW,HIGH,LOW,2026-06-02,,true
16233,LOW,HIGH,LOW,2026-06-02,,true
16234,LOW,HIGH,LOW,2026-06-02,,true
16235,LOW,HIGH,LOW,2026-06-02,,true
16237,LOW,HIGH,LOW,2026-06-02,,true
16239,LOW,HIGH,LOW,2026-06-02,,true
16241,LOW,HIGH,LOW,2026-06-02,,true
16242,LOW,HIGH,LOW,2026-06-02,,true
16248,LOW,HIGH,LOW,2026-06-02,,true
16258,LOW,LOW,LOW,2026-06-02,,true
16261,LOW,LOW,LOW,2026-06-02,,true
16262,LOW,LOW,LOW,2026-06-02,,true
16264,LOW,LOW,LOW,2026-06-02,,true
16265,LOW,LOW,LOW,2026-06-02,,true
16267,LOW,LOW,LOW,2026-06-02,,true
16269,LOW,LOW,LOW,2026-06-02,,true
16271,LOW,LOW,LOW,2026-06-02,,true
16281,LOW,LOW,LOW,2026-06-02,,true
16285,LOW,LOW,LOW,2026-06-02,,true
16288,LOW,LOW,LOW,2026-06-02,,true
16291,LOW,LOW,LOW,2026-06-02,,true
16305,LOW,LOW,LOW,2026-06-02,,true
16307,LOW,LOW,LOW,2026-06-02,,true
16310,LOW,LOW,LOW,2026-06-02,,true
16316,LOW,HIGH,LOW,2026-06-02,,true
16317,LOW,HIGH,LOW,2026-06-02,,true
16318,LOW,HIGH,LOW,2026-06-02,,true
16322,LOW,HIGH,LOW,2026-06-02,,true
16323,LOW,HIGH,LOW,2026-06-02,,true
16326,LOW,HIGH,LOW,2026-06-02,,true
16329,LOW,HIGH,LOW,2026-06-02,,true
16337,LOW,HIGH,LOW,2026-06-02,,true
16342,LOW,HIGH,LOW,2026-06-02,,true
16343,LOW,HIGH,LOW,2026-06-02,,true
16344,LOW,HIGH,LOW,2026-06-02,,true
16346,LOW,HIGH,LOW,2026-06-02,,true
16352,LOW,HIGH,LOW,2026-06-02,,true
16364,LOW,HIGH,LOW,2026-06-02,,true
16370,LOW,HIGH,LOW,2026-06-02,,true
16374,LOW,LOW,LOW,2026-06-02,,true
16380,LOW,LOW,LOW,2026-06-02,,true
16382,LOW,LOW,LOW,2026-06-02,,true
16383,LOW,LOW,LOW,2026-06-02,,true
16390,LOW,LOW,LOW,2026-06-02,,true
16395,LOW,LOW,LOW,2026-06-02,,true
16396,LOW,LOW,LOW,2026-06-02,,true
16399,LOW,LOW,LOW,2026-06-02,,true
16404,LOW,LOW,LOW,2026-06-02,,true
16406,LOW,LOW,LOW,2026-06-02,,true
16412,LOW,LOW,LOW,2026-06-02,,true
16415,LOW,LOW,LOW,2026-06-02,,true
16416,LOW,LOW,LOW,2026-06-02,,true
16418,LOW,LOW,LOW,2026-06-02,,true
16422,LOW,LOW,LOW,2026-06-02,,true
16426,LOW,LOW,LOW,2026-06-02,,true
16431,LOW,LOW,LOW,2026-06-02,,true
16432,LOW,LOW,LOW,2026-06-02,,true
16436,LOW,LOW,LOW,2026-06-02,,true
16440,LOW,HIGH,LOW,2026-06-02,,true
16457,LOW,HIGH,LOW,2026-06-02,,true
16459,LOW,HIGH,LOW,2026-06-02,,true
16463,LOW,HIGH,LOW,2026-06-02,,true
16477,LOW,HIGH,LOW,2026-06-02,,true
16481,LOW,HIGH,LOW,2026-06-02,,true
16482,LOW,HIGH,LOW,2026-06-02,,true
16483,LOW,HIGH,LOW,2026-06-02,,true
16491,LOW,HIGH,LOW,2026-06-02,,true
16493,LOW,HIGH,LOW,2026-06-02,,true
16495,LOW,HIGH,LOW,2026-06-02,,true
16496,LOW,HIGH,LOW,2026-06-02,,true
16501,LOW,LOW,LOW,2026-06-02,,true
16502,LOW,LOW,LOW,2026-06-02,,true
16510,LOW,LOW,LOW,2026-06-02,,true
16513,LOW,LOW,LOW,2026-06-02,,true
16516,LOW,LOW,LOW,2026-06-02,,true
16522,LOW,LOW,LOW,2026-06-02,,true
16524,LOW,LOW,LOW,2026-06-02,,true
16525,LOW,LOW,LOW,2026-06-02,,true
16527,LOW,LOW,LOW,2026-06-02,,true
16538,LOW,LOW,LOW,2026-06-02,,true
16560,LOW,LOW,LOW,2026-06-02,,true
16561,LOW,LOW,LOW,2026-06-02,,true
16567,LOW,LOW,LOW,2026-06-02,,true
16568,LOW,LOW,LOW,2026-06-02,,true
16572,LOW,LOW,LOW,2026-06-02,,true
16577,LOW,LOW,LOW,2026-06-02,,true
16579,LOW,LOW,LOW,2026-06-02,,true
16580,LOW,LOW,LOW,2026-06-02,,true
16584,LOW,LOW,LOW,2026-06-02,,true
16585,LOW,LOW,LOW,2026-06-02,,true
16588,LOW,LOW,LOW,2026-06-02,,true
16589,LOW,LOW,LOW,2026-06-02,,true
16597,LOW,HIGH,LOW,2026-06-02,,true
16598,LOW,HIGH,LOW,2026-06-02,,true
16601,LOW,HIGH,LOW,2026-06-02,,true
16602,LOW,HIGH,LOW,2026-06-02,,true
16604,LOW,HIGH,LOW,2026-06-02,,true
16605,LOW,HIGH,LOW,2026-06-02,,true
16606,LOW,HIGH,LOW,2026-06-02,,true
16607,LOW,HIGH,LOW,2026-06-02,,true
16609,LOW,HIGH,LOW,2026-06-02,,true
16611,LOW,HIGH,LOW,2026-06-02,,true
16612,LOW,HIGH,LOW,2026-06-02,,true
16618,LOW,HIGH,LOW,2026-06-02,,true
16620,LOW,HIGH,LOW,2026-06-02,,true
16621,LOW,HIGH,LOW,2026-06-02,,true
16624,LOW,HIGH,LOW,2026-06-02,,true
16627,LOW,HIGH,LOW,2026-06-02,,true
16629,LOW,HIGH,LOW,2026-06-02,,true
16631,LOW,LOW,LOW,2026-06-02,,true
16634,LOW,LOW,LOW,2026-06-02,,true
16636,LOW,LOW,LOW,2026-06-02,,true
16642,LOW,LOW,LOW,2026-06-02,,true
16644,LOW,LOW,LOW,2026-06-02,,true
16648,LOW,LOW,LOW,2026-06-02,,true
16649,LOW,LOW,LOW,2026-06-02,,true
16651,LOW,LOW,LOW,2026-06-02,,true
16653,LOW,LOW,LOW,2026-06-02,,true
16663,LOW,LOW,LOW,2026-06-02,,true
16664,LOW,LOW,LOW,2026-06-02,,true
16667,LOW,LOW,LOW,2026-06-02,,true
16668,LOW,LOW,LOW,2026-06-02,,true
16670,LOW,LOW,LOW,2026-06-02,,true
16671,LOW,LOW,LOW,2026-06-02,,true
16673,LOW,LOW,LOW,2026-06-02,,true
16674,LOW,LOW,LOW,2026-06-02,,true
16675,LOW,LOW,LOW,2026-06-02,,true
16690,LOW,LOW,LOW,2026-06-02,,true
16694,LOW,LOW,LOW,2026-06-02,,true
16702,LOW,LOW,LOW,2026-06-02,,true
16707,LOW,LOW,LOW,2026-06-02,,true
16715,LOW,LOW,LOW,2026-06-02,,true
16729,LOW,LOW,LOW,2026-06-02,,true
16733,LOW,LOW,LOW,2026-06-02,,true
16736,LOW,LOW,LOW,2026-06-02,,true
16738,LOW,LOW,LOW,2026-06-02,,true
16739,LOW,LOW,LOW,2026-06-02,,true
16741,LOW,HIGH,LOW,2026-06-02,,true
16743,LOW,HIGH,LOW,2026-06-02,,true
16747,LOW,HIGH,LOW,2026-06-02,,true
16751,LOW,HIGH,LOW,2026-06-02,,true
16754,LOW,HIGH,LOW,2026-06-02,,true
16755,LOW,HIGH,LOW,2026-06-02,,true
16761,LOW,HIGH,LOW,2026-06-02,,true
16765,LOW,HIGH,LOW,2026-06-02,,true
16773,LOW,HIGH,LOW,2026-06-02,,true
16774,LOW,HIGH,LOW,2026-06-02,,true
16779,LOW,HIGH,LOW,2026-06-02,,true
16797,LOW,HIGH,LOW,2026-06-02,,true
16802,LOW,LOW,LOW,2026-06-02,,true
16809,LOW,LOW,LOW,2026-06-02,,true
16811,LOW,LOW,LOW,2026-06-02,,true
16816,LOW,LOW,LOW,2026-06-02,,true
16822,LOW,LOW,LOW,2026-06-02,,true
16848,LOW,LOW,LOW,2026-06-02,,true
16849,LOW,LOW,LOW,2026-06-02,,true
16853,LOW,LOW,LOW,2026-06-02,,true
16856,LOW,LOW,LOW,2026-06-02,,true
16859,LOW,LOW,LOW,2026-06-02,,true
16860,LOW,LOW,LOW,2026-06-02,,true
16863,LOW,LOW,LOW,2026-06-02,,true
16865,LOW,LOW,LOW,2026-06-02,,true
16870,LOW,HIGH,LOW,2026-06-02,,true
16871,LOW,HIGH,LOW,2026-06-02,,true
16873,LOW,HIGH,LOW,2026-06-02,,true
16882,LOW,HIGH,LOW,2026-06-02,,true
16883,LOW,HIGH,LOW,2026-06-02,,true
16888,LOW,HIGH,LOW,2026-06-02,,true
16889,LOW,HIGH,LOW,2026-06-02,,true
16891,LOW,HIGH,LOW,2026-06-02,,true
16892,LOW,HIGH,LOW,2026-06-02,,true
16893,LOW,HIGH,LOW,2026-06-02,,true
16896,LOW,HIGH,LOW,2026-06-02,,true
16900,LOW,HIGH,LOW,2026-06-02,,true
16901,LOW,HIGH,LOW,2026-06-02,,true
16905,LOW,HIGH,LOW,2026-06-02,,true
16913,LOW,HIGH,LOW,2026-06-02,,true
16917,LOW,HIGH,LOW,2026-06-02,,true
16920,LOW,HIGH,LOW,2026-06-02,,true
16924,LOW,HIGH,LOW,2026-06-02,,true
16942,LOW,LOW,LOW,2026-06-02,,true
16946,LOW,LOW,LOW,2026-06-02,,true
16947,LOW,LOW,LOW,2026-06-02,,true
16950,LOW,LOW,LOW,2026-06-02,,true
16951,LOW,LOW,LOW,2026-06-02,,true
16960,LOW,LOW,LOW,2026-06-02,,true
16962,LOW,LOW,LOW,2026-06-02,,true
16966,LOW,LOW,LOW,2026-06-02,,true
16970,LOW,LOW,LOW,2026-06-02,,true
16977,LOW,LOW,LOW,2026-06-02,,true
16981,LOW,LOW,LOW,2026-06-02,,true
16990,LOW,LOW,LOW,2026-06-02,,true
16994,LOW,LOW,LOW,2026-06-02,,true
16995,LOW,LOW,LOW,2026-06-02,,true
16999,LOW,LOW,LOW,2026-06-02,,true
17003,LOW,LOW,LOW,2026-06-02,,true
17008,LOW,LOW,LOW,2026-06-02,,true
17010,LOW,LOW,LOW,2026-06-02,,true
17011,LOW,LOW,LOW,2026-06-02,,true
17012,LOW,LOW,LOW,2026-06-02,,true
17014,LOW,LOW,LOW,2026-06-02,,true
17016,LOW,LOW,LOW,2026-06-02,,true
17019,LOW,LOW,LOW,2026-06-02,,true
17021,LOW,LOW,LOW,2026-06-02,,true
17033,LOW,LOW,LOW,2026-06-02,,true
17035,LOW,LOW,LOW,2026-06-02,,true
17044,LOW,LOW,LOW,2026-06-02,,true
17049,LOW,LOW,LOW,2026-06-02,,true
17052,LOW,LOW,LOW,2026-06-02,,true
17056,LOW,LOW,LOW,2026-06-02,,true
17058,LOW,LOW,LOW,2026-06-02,,true
17062,LOW,LOW,LOW,2026-06-02,,true
17064,LOW,LOW,LOW,2026-06-02,,true
17068,LOW,LOW,LOW,2026-06-02,,true
17070,LOW,LOW,LOW,2026-06-02,,true
17080,LOW,LOW,LOW,2026-06-02,,true
17082,LOW,LOW,LOW,2026-06-02,,true
17086,LOW,LOW,LOW,2026-06-02,,true
17087,LOW,LOW,LOW,2026-06-02,,true
17090,LOW,LOW,LOW,2026-06-02,,true
17098,LOW,LOW,LOW,2026-06-02,,true
17101,LOW,LOW,LOW,2026-06-02,,true
17102,LOW,LOW,LOW,2026-06-02,,true
17108,LOW,LOW,LOW,2026-06-02,,true
17109,LOW,LOW,LOW,2026-06-02,,true
17115,LOW,LOW,LOW,2026-06-02,,true
17117,LOW,LOW,LOW,2026-06-02,,true
17122,LOW,LOW,LOW,2026-06-02,,true
17127,LOW,LOW,LOW,2026-06-02,,true
17129,LOW,LOW,LOW,2026-06-02,,true
17131,LOW,LOW,LOW,2026-06-02,,true
17135,LOW,LOW,LOW,2026-06-02,,true
17139,LOW,LOW,LOW,2026-06-02,,true
17148,LOW,LOW,LOW,2026-06-02,,true
17157,LOW,LOW,LOW,2026-06-02,,true
17158,LOW,LOW,LOW,2026-06-02,,true
17167,LOW,LOW,LOW,2026-06-02,,true
17172,LOW,LOW,LOW,2026-06-02,,true
17177,LOW,LOW,LOW,2026-06-02,,true
17186,LOW,LOW,LOW,2026-06-02,,true
17189,LOW,LOW,LOW,2026-06-02,,true
17191,LOW,LOW,LOW,2026-06-02,,true
17196,LOW,LOW,LOW,2026-06-02,,true
17197,LOW,LOW,LOW,2026-06-02,,true
17203,LOW,LOW,LOW,2026-06-02,,true
17206,LOW,LOW,LOW,2026-06-02,,true
17209,LOW,LOW,LOW,2026-06-02,,true
17213,LOW,LOW,LOW,2026-06-02,,true
17220,LOW,LOW,LOW,2026-06-02,,true
17229,LOW,LOW,LOW,2026-06-02,,true
17243,LOW,LOW,LOW,2026-06-02,,true
17258,LOW,LOW,LOW,2026-06-02,,true
1,LOW,LOW,LOW,2026-06-02,,true
6,LOW,LOW,LOW,2026-06-02,,true
11,LOW,LOW,LOW,2026-06-02,,true
13,LOW,LOW,LOW,2026-06-02,,true
17,LOW,LOW,LOW,2026-06-02,,true
20,LOW,LOW,LOW,2026-06-02,,true
29,LOW,LOW,LOW,2026-06-02,,true
32,LOW,LOW,LOW,2026-06-02,,true
34,LOW,LOW,LOW,2026-06-02,,true
43,LOW,LOW,LOW,2026-06-02,,true
46,LOW,LOW,LOW,2026-06-02,,true
47,LOW,LOW,LOW,2026-06-02,,true
49,LOW,LOW,LOW,2026-06-02,,true
50,LOW,LOW,LOW,2026-06-02,,true
51,LOW,LOW,LOW,2026-06-02,,true
58,LOW,LOW,LOW,2026-06-02,,true
62,LOW,LOW,LOW,2026-06-02,,true
63,LOW,LOW,LOW,2026-06-02,,true
64,LOW,LOW,LOW,2026-06-02,,true
69,LOW,LOW,LOW,2026-06-02,,true
71,LOW,LOW,LOW,2026-06-02,,true
74,LOW,LOW,LOW,2026-06-02,,true
78,LOW,LOW,LOW,2026-06-02,,true
79,LOW,LOW,LOW,2026-06-02,,true
83,LOW,LOW,LOW,2026-06-02,,true
85,LOW,LOW,LOW,2026-06-02,,true
88,LOW,LOW,LOW,2026-06-02,,true
90,LOW,LOW,LOW,2026-06-02,,true
93,LOW,LOW,LOW,2026-06-02,,true
98,LOW,LOW,LOW,2026-06-02,,true
99,LOW,LOW,LOW,2026-06-02,,true
101,LOW,LOW,LOW,2026-06-02,,true
104,LOW,LOW,LOW,2026-06-02,,true
106,LOW,LOW,LOW,2026-06-02,,true
119,LOW,LOW,LOW,2026-06-02,,true
121,LOW,LOW,LOW,2026-06-02,,true
129,LOW,LOW,LOW,2026-06-02,,true
132,LOW,LOW,LOW,2026-06-02,,true
133,LOW,LOW,LOW,2026-06-02,,true
135,LOW,LOW,LOW,2026-06-02,,true
137,LOW,LOW,LOW,2026-06-02,,true
141,LOW,LOW,LOW,2026-06-02,,true
151,LOW,LOW,LOW,2026-06-02,,true
158,LOW,LOW,LOW,2026-06-02,,true
169,LOW,LOW,LOW,2026-06-02,,true
173,LOW,LOW,LOW,2026-06-02,,true
180,LOW,LOW,LOW,2026-06-02,,true
185,LOW,LOW,LOW,2026-06-02,,true
187,LOW,LOW,LOW,2026-06-02,,true
190,LOW,LOW,LOW,2026-06-02,,true
192,LOW,LOW,LOW,2026-06-02,,true
198,LOW,LOW,LOW,2026-06-02,,true
211,LOW,LOW,LOW,2026-06-02,,true
220,LOW,LOW,LOW,2026-06-02,,true
221,LOW,LOW,LOW,2026-06-02,,true
234,LOW,LOW,LOW,2026-06-02,,true
240,LOW,LOW,LOW,2026-06-02,,true
242,LOW,LOW,LOW,2026-06-02,,true
247,LOW,LOW,LOW,2026-06-02,,true
248,LOW,LOW,LOW,2026-06-02,,true
250,LOW,LOW,LOW,2026-06-02,,true
251,LOW,LOW,LOW,2026-06-02,,true
255,LOW,LOW,LOW,2026-06-02,,true
256,LOW,LOW,LOW,2026-06-02,,true
257,LOW,LOW,LOW,2026-06-02,,true
263,LOW,LOW,LOW,2026-06-02,,true
265,LOW,LOW,LOW,2026-06-02,,true
270,LOW,LOW,LOW,2026-06-02,,true
272,LOW,LOW,LOW,2026-06-02,,true
280,LOW,LOW,LOW,2026-06-02,,true
284,LOW,LOW,LOW,2026-06-02,,true
285,LOW,LOW,LOW,2026-06-02,,true
288,LOW,LOW,LOW,2026-06-02,,true
290,LOW,LOW,LOW,2026-06-02,,true
291,LOW,LOW,LOW,2026-06-02,,true
294,LOW,LOW,LOW,2026-06-02,,true
295,LOW,LOW,LOW,2026-06-02,,true
296,LOW,LOW,LOW,2026-06-02,,true
299,LOW,LOW,LOW,2026-06-02,,true
302,LOW,LOW,LOW,2026-06-02,,true
310,LOW,LOW,LOW,2026-06-02,,true
312,LOW,LOW,LOW,2026-06-02,,true
316,LOW,HIGH,LOW,2026-06-02,,true
317,LOW,HIGH,LOW,2026-06-02,,true
321,LOW,HIGH,LOW,2026-06-02,,true
327,LOW,HIGH,LOW,2026-06-02,,true
328,LOW,HIGH,LOW,2026-06-02,,true
335,LOW,HIGH,LOW,2026-06-02,,true
343,LOW,HIGH,LOW,2026-06-02,,true
354,LOW,HIGH,LOW,2026-06-02,,true
376,LOW,LOW,LOW,2026-06-02,,true
381,LOW,LOW,LOW,2026-06-02,,true
382,LOW,LOW,LOW,2026-06-02,,true
386,LOW,LOW,LOW,2026-06-02,,true
387,LOW,LOW,LOW,2026-06-02,,true
393,LOW,LOW,LOW,2026-06-02,,true
400,LOW,LOW,LOW,2026-06-02,,true
405,LOW,LOW,LOW,2026-06-02,,true
410,LOW,LOW,LOW,2026-06-02,,true
417,LOW,LOW,LOW,2026-06-02,,true
419,LOW,LOW,LOW,2026-06-02,,true
429,LOW,LOW,LOW,2026-06-02,,true
430,LOW,LOW,LOW,2026-06-02,,true
431,LOW,LOW,LOW,2026-06-02,,true
434,LOW,LOW,LOW,2026-06-02,,true
441,LOW,LOW,LOW,2026-06-02,,true
445,LOW,LOW,LOW,2026-06-02,,true
446,LOW,LOW,LOW,2026-06-02,,true
448,LOW,LOW,LOW,2026-06-02,,true
455,LOW,LOW,LOW,2026-06-02,,true
461,LOW,LOW,LOW,2026-06-02,,true
464,LOW,LOW,LOW,2026-06-02,,true
466,LOW,LOW,LOW,2026-06-02,,true
470,LOW,LOW,LOW,2026-06-02,,true
477,LOW,LOW,LOW,2026-06-02,,true
488,LOW,LOW,LOW,2026-06-02,,true
497,LOW,LOW,LOW,2026-06-02,,true
513,LOW,LOW,LOW,2026-06-02,,true
516,LOW,LOW,LOW,2026-06-02,,true
521,LOW,LOW,LOW,2026-06-02,,true
527,LOW,LOW,LOW,2026-06-02,,true
531,LOW,LOW,LOW,2026-06-02,,true
539,LOW,LOW,LOW,2026-06-02,,true
541,LOW,LOW,LOW,2026-06-02,,true
547,LOW,LOW,LOW,2026-06-02,,true
551,LOW,LOW,LOW,2026-06-02,,true
552,LOW,LOW,LOW,2026-06-02,,true
554,LOW,LOW,LOW,2026-06-02,,true
555,LOW,LOW,LOW,2026-06-02,,true
556,LOW,LOW,LOW,2026-06-02,,true
557,LOW,LOW,LOW,2026-06-02,,true
561,LOW,LOW,LOW,2026-06-02,,true
562,LOW,LOW,LOW,2026-06-02,,true
567,LOW,LOW,LOW,2026-06-02,,true
568,LOW,LOW,LOW,2026-06-02,,true
569,LOW,LOW,LOW,2026-06-02,,true
574,LOW,LOW,LOW,2026-06-02,,true
578,LOW,LOW,LOW,2026-06-02,,true
582,LOW,LOW,LOW,2026-06-02,,true
583,LOW,LOW,LOW,2026-06-02,,true
584,LOW,LOW,LOW,2026-06-02,,true
598,LOW,LOW,LOW,2026-06-02,,true
606,LOW,LOW,LOW,2026-06-02,,true
608,LOW,LOW,LOW,2026-06-02,,true
610,LOW,LOW,LOW,2026-06-02,,true
612,LOW,LOW,LOW,2026-06-02,,true
615,LOW,LOW,LOW,2026-06-02,,true
622,LOW,LOW,LOW,2026-06-02,,true
623,LOW,LOW,LOW,2026-06-02,,true
624,LOW,LOW,LOW,2026-06-02,,true
630,LOW,LOW,LOW,2026-06-02,,true
632,LOW,LOW,LOW,2026-06-02,,true
634,LOW,LOW,LOW,2026-06-02,,true
638,LOW,LOW,LOW,2026-06-02,,true
640,LOW,LOW,LOW,2026-06-02,,true
642,LOW,LOW,LOW,2026-06-02,,true
644,LOW,LOW,LOW,2026-06-02,,true
645,LOW,LOW,LOW,2026-06-02,,true
647,LOW,LOW,LOW,2026-06-02,,true
654,LOW,LOW,LOW,2026-06-02,,true
656,LOW,LOW,LOW,2026-06-02,,true
657,LOW,LOW,LOW,2026-06-02,,true
663,LOW,LOW,LOW,2026-06-02,,true
666,LOW,LOW,LOW,2026-06-02,,true
667,LOW,LOW,LOW,2026-06-02,,true
672,LOW,LOW,LOW,2026-06-02,,true
673,LOW,LOW,LOW,2026-06-02,,true
679,LOW,LOW,LOW,2026-06-02,,true
680,LOW,LOW,LOW,2026-06-02,,true
690,LOW,LOW,LOW,2026-06-02,,true
692,LOW,LOW,LOW,2026-06-02,,true
701,LOW,HIGH,LOW,2026-06-02,,true
702,LOW,HIGH,LOW,2026-06-02,,true
707,LOW,HIGH,LOW,2026-06-02,,true
712,LOW,HIGH,LOW,2026-06-02,,true
719,LOW,HIGH,LOW,2026-06-02,,true
727,LOW,HIGH,LOW,2026-06-02,,true
728,LOW,HIGH,LOW,2026-06-02,,true
730,LOW,HIGH,LOW,2026-06-02,,true
738,LOW,HIGH,LOW,2026-06-02,,true
746,LOW,HIGH,LOW,2026-06-02,,true
750,LOW,HIGH,LOW,2026-06-02,,true
751,LOW,HIGH,LOW,2026-06-02,,true
753,LOW,HIGH,LOW,2026-06-02,,true
756,LOW,HIGH,LOW,2026-06-02,,true
765,LOW,LOW,LOW,2026-06-02,,true
767,LOW,LOW,LOW,2026-06-02,,true
775,LOW,LOW,LOW,2026-06-02,,true
786,LOW,LOW,LOW,2026-06-02,,true
794,LOW,LOW,LOW,2026-06-02,,true
796,LOW,LOW,LOW,2026-06-02,,true
797,LOW,LOW,LOW,2026-06-02,,true
802,LOW,LOW,LOW,2026-06-02,,true
807,LOW,LOW,LOW,2026-06-02,,true
811,LOW,LOW,LOW,2026-06-02,,true
812,LOW,LOW,LOW,2026-06-02,,true
817,LOW,LOW,LOW,2026-06-02,,true
828,LOW,LOW,LOW,2026-06-02,,true
833,LOW,LOW,LOW,2026-06-02,,true
842,LOW,LOW,LOW,2026-06-02,,true
844,LOW,LOW,LOW,2026-06-02,,true
846,LOW,LOW,LOW,2026-06-02,,true
849,LOW,LOW,LOW,2026-06-02,,true
857,LOW,LOW,LOW,2026-06-02,,true
860,LOW,LOW,LOW,2026-06-02,,true
864,LOW,LOW,LOW,2026-06-02,,true
869,LOW,LOW,LOW,2026-06-02,,true
875,LOW,LOW,LOW,2026-06-02,,true
877,LOW,LOW,LOW,2026-06-02,,true
878,LOW,LOW,LOW,2026-06-02,,true
886,LOW,LOW,LOW,2026-06-02,,true
889,LOW,LOW,LOW,2026-06-02,,true
895,LOW,LOW,LOW,2026-06-02,,true
896,LOW,LOW,LOW,2026-06-02,,true
897,LOW,LOW,LOW,2026-06-02,,true
899,LOW,HIGH,LOW,2026-06-02,,true
906,LOW,HIGH,LOW,2026-06-02,,true
907,LOW,HIGH,LOW,2026-06-02,,true
913,LOW,HIGH,LOW,2026-06-02,,true
916,LOW,HIGH,LOW,2026-06-02,,true
922,LOW,HIGH,LOW,2026-06-02,,true
924,LOW,HIGH,LOW,2026-06-02,,true
925,LOW,HIGH,LOW,2026-06-02,,true
926,LOW,HIGH,LOW,2026-06-02,,true
928,LOW,HIGH,LOW,2026-06-02,,true
932,LOW,HIGH,LOW,2026-06-02,,true
935,LOW,HIGH,LOW,2026-06-02,,true
939,LOW,HIGH,LOW,2026-06-02,,true
940,LOW,HIGH,LOW,2026-06-02,,true
942,LOW,HIGH,LOW,2026-06-02,,true
945,LOW,HIGH,LOW,2026-06-02,,true
946,LOW,HIGH,LOW,2026-06-02,,true
948,LOW,HIGH,LOW,2026-06-02,,true
949,LOW,HIGH,LOW,2026-06-02,,true
956,LOW,HIGH,LOW,2026-06-02,,true
958,LOW,HIGH,LOW,2026-06-02,,true
959,LOW,LOW,LOW,2026-06-02,,true
960,LOW,LOW,LOW,2026-06-02,,true
964,LOW,LOW,LOW,2026-06-02,,true
970,LOW,LOW,LOW,2026-06-02,,true
974,LOW,LOW,LOW,2026-06-02,,true
979,LOW,LOW,LOW,2026-06-02,,true
982,LOW,LOW,LOW,2026-06-02,,true
987,LOW,LOW,LOW,2026-06-02,,true
994,LOW,LOW,LOW,2026-06-02,,true
1004,LOW,LOW,LOW,2026-06-02,,true
1010,LOW,LOW,LOW,2026-06-02,,true
1018,LOW,LOW,LOW,2026-06-02,,true
1019,LOW,LOW,LOW,2026-06-02,,true
1020,LOW,LOW,LOW,2026-06-02,,true
1024,LOW,LOW,LOW,2026-06-02,,true
1026,LOW,HIGH,LOW,2026-06-02,,true
1027,LOW,HIGH,LOW,2026-06-02,,true
1032,LOW,HIGH,LOW,2026-06-02,,true
1046,LOW,HIGH,LOW,2026-06-02,,true
1047,LOW,HIGH,LOW,2026-06-02,,true
1054,LOW,HIGH,LOW,2026-06-02,,true
1057,LOW,HIGH,LOW,2026-06-02,,true
1058,LOW,HIGH,LOW,2026-06-02,,true
1061,LOW,HIGH,LOW,2026-06-02,,true
1065,LOW,HIGH,LOW,2026-06-02,,true
1066,LOW,HIGH,LOW,2026-06-02,,true
1068,LOW,HIGH,LOW,2026-06-02,,true
1072,LOW,HIGH,LOW,2026-06-02,,true
1075,LOW,HIGH,LOW,2026-06-02,,true
1083,LOW,HIGH,LOW,2026-06-02,,true
1084,LOW,HIGH,LOW,2026-06-02,,true
1085,LOW,LOW,LOW,2026-06-02,,true
1086,LOW,HIGH,LOW,2026-06-02,,true
1090,LOW,HIGH,LOW,2026-06-02,,true
1096,LOW,HIGH,LOW,2026-06-02,,true
1097,LOW,HIGH,LOW,2026-06-02,,true
1098,LOW,HIGH,LOW,2026-06-02,,true
1105,LOW,HIGH,LOW,2026-06-02,,true
1112,LOW,HIGH,LOW,2026-06-02,,true
1124,LOW,HIGH,LOW,2026-06-02,,true
1125,LOW,HIGH,LOW,2026-06-02,,true
1127,LOW,LOW,LOW,2026-06-02,,true
1129,LOW,LOW,LOW,2026-06-02,,true
1140,LOW,LOW,LOW,2026-06-02,,true
1142,LOW,LOW,LOW,2026-06-02,,true
1146,LOW,LOW,LOW,2026-06-02,,true
1148,LOW,LOW,LOW,2026-06-02,,true
1155,LOW,LOW,LOW,2026-06-02,,true
1156,LOW,LOW,LOW,2026-06-02,,true
1163,LOW,LOW,LOW,2026-06-02,,true
1165,LOW,LOW,LOW,2026-06-02,,true
1167,LOW,LOW,LOW,2026-06-02,,true
1168,LOW,LOW,LOW,2026-06-02,,true
1170,LOW,LOW,LOW,2026-06-02,,true
1171,LOW,LOW,LOW,2026-06-02,,true
1175,LOW,LOW,LOW,2026-06-02,,true
1180,LOW,LOW,LOW,2026-06-02,,true
1187,LOW,LOW,LOW,2026-06-02,,true
1192,LOW,LOW,LOW,2026-06-02,,true
1196,LOW,LOW,LOW,2026-06-02,,true
1202,LOW,LOW,LOW,2026-06-02,,true
1209,LOW,LOW,LOW,2026-06-02,,true
1211,LOW,LOW,LOW,2026-06-02,,true
1213,LOW,LOW,LOW,2026-06-02,,true
1216,LOW,LOW,LOW,2026-06-02,,true
1219,LOW,LOW,LOW,2026-06-02,,true
1227,LOW,LOW,LOW,2026-06-02,,true
1228,LOW,LOW,LOW,2026-06-02,,true
1230,LOW,LOW,LOW,2026-06-02,,true
1233,LOW,LOW,LOW,2026-06-02,,true
1234,LOW,LOW,LOW,2026-06-02,,true
1247,LOW,LOW,LOW,2026-06-02,,true
1252,LOW,LOW,LOW,2026-06-02,,true
1255,LOW,LOW,LOW,2026-06-02,,true
1264,LOW,LOW,LOW,2026-06-02,,true
1268,LOW,LOW,LOW,2026-06-02,,true
1269,LOW,LOW,LOW,2026-06-02,,true
1274,LOW,LOW,LOW,2026-06-02,,true
1281,LOW,LOW,LOW,2026-06-02,,true
1284,LOW,LOW,LOW,2026-06-02,,true
1285,LOW,LOW,LOW,2026-06-02,,true
1288,LOW,LOW,LOW,2026-06-02,,true
1289,LOW,LOW,LOW,2026-06-02,,true
1292,LOW,LOW,LOW,2026-06-02,,true
1293,LOW,LOW,LOW,2026-06-02,,true
1295,LOW,LOW,LOW,2026-06-02,,true
1301,LOW,LOW,LOW,2026-06-02,,true
1302,LOW,LOW,LOW,2026-06-02,,true
1303,LOW,LOW,LOW,2026-06-02,,true
1304,LOW,LOW,LOW,2026-06-02,,true
1309,LOW,LOW,LOW,2026-06-02,,true
1311,LOW,LOW,LOW,2026-06-02,,true
1318,LOW,LOW,LOW,2026-06-02,,true
1319,LOW,LOW,LOW,2026-06-02,,true
1320,LOW,LOW,LOW,2026-06-02,,true
1322,LOW,LOW,LOW,2026-06-02,,true
1324,LOW,LOW,LOW,2026-06-02,,true
1334,LOW,LOW,LOW,2026-06-02,,true
1336,LOW,LOW,LOW,2026-06-02,,true
1337,LOW,LOW,LOW,2026-06-02,,true
1341,LOW,LOW,LOW,2026-06-02,,true
1342,LOW,LOW,LOW,2026-06-02,,true
1343,LOW,LOW,LOW,2026-06-02,,true
1348,LOW,LOW,LOW,2026-06-02,,true
1350,LOW,LOW,LOW,2026-06-02,,true
1353,LOW,LOW,LOW,2026-06-02,,true
1359,LOW,LOW,LOW,2026-06-02,,true
1360,LOW,LOW,LOW,2026-06-02,,true
1361,LOW,LOW,LOW,2026-06-02,,true
1362,LOW,LOW,LOW,2026-06-02,,true
1363,LOW,LOW,LOW,2026-06-02,,true
1365,LOW,LOW,LOW,2026-06-02,,true
1368,LOW,HIGH,LOW,2026-06-02,,true
1371,LOW,HIGH,LOW,2026-06-02,,true
1374,LOW,HIGH,LOW,2026-06-02,,true
1375,LOW,HIGH,LOW,2026-06-02,,true
1384,LOW,HIGH,LOW,2026-06-02,,true
1388,LOW,HIGH,LOW,2026-06-02,,true
1389,LOW,HIGH,LOW,2026-06-02,,true
1394,LOW,HIGH,LOW,2026-06-02,,true
1396,LOW,HIGH,LOW,2026-06-02,,true
1404,LOW,HIGH,LOW,2026-06-02,,true
1407,LOW,HIGH,LOW,2026-06-02,,true
1408,LOW,HIGH,LOW,2026-06-02,,true
1409,LOW,HIGH,LOW,2026-06-02,,true
1415,LOW,HIGH,LOW,2026-06-02,,true
1420,LOW,HIGH,LOW,2026-06-02,,true
1421,LOW,HIGH,LOW,2026-06-02,,true
1422,LOW,LOW,LOW,2026-06-02,,true
1427,LOW,LOW,LOW,2026-06-02,,true
1429,LOW,LOW,LOW,2026-06-02,,true
1432,LOW,LOW,LOW,2026-06-02,,true
1435,LOW,LOW,LOW,2026-06-02,,true
1436,LOW,LOW,LOW,2026-06-02,,true
1440,LOW,LOW,LOW,2026-06-02,,true
1444,LOW,LOW,LOW,2026-06-02,,true
1448,LOW,LOW,LOW,2026-06-02,,true
1453,LOW,LOW,LOW,2026-06-02,,true
1458,LOW,LOW,LOW,2026-06-02,,true
1459,LOW,LOW,LOW,2026-06-02,,true
1463,LOW,LOW,LOW,2026-06-02,,true
1466,LOW,LOW,LOW,2026-06-02,,true
1470,LOW,LOW,LOW,2026-06-02,,true
1474,LOW,LOW,LOW,2026-06-02,,true
1477,LOW,LOW,LOW,2026-06-02,,true
1479,LOW,LOW,LOW,2026-06-02,,true
1480,LOW,LOW,LOW,2026-06-02,,true
1482,LOW,LOW,LOW,2026-06-02,,true
1487,LOW,LOW,LOW,2026-06-02,,true
1496,LOW,LOW,LOW,2026-06-02,,true
1499,LOW,LOW,LOW,2026-06-02,,true
1507,LOW,LOW,LOW,2026-06-02,,true
1508,LOW,LOW,LOW,2026-06-02,,true
1521,LOW,LOW,LOW,2026-06-02,,true
1522,LOW,LOW,LOW,2026-06-02,,true
1531,LOW,LOW,LOW,2026-06-02,,true
1532,LOW,LOW,LOW,2026-06-02,,true
1534,LOW,LOW,LOW,2026-06-02,,true
1537,LOW,LOW,LOW,2026-06-02,,true
1539,LOW,LOW,LOW,2026-06-02,,true
1544,LOW,LOW,LOW,2026-06-02,,true
1545,LOW,LOW,LOW,2026-06-02,,true
1548,LOW,HIGH,LOW,2026-06-02,,true
1553,LOW,HIGH,LOW,2026-06-02,,true
1554,LOW,HIGH,LOW,2026-06-02,,true
1555,LOW,HIGH,LOW,2026-06-02,,true
1557,LOW,HIGH,LOW,2026-06-02,,true
1558,LOW,HIGH,LOW,2026-06-02,,true
1559,LOW,HIGH,LOW,2026-06-02,,true
1560,LOW,HIGH,LOW,2026-06-02,,true
1567,LOW,HIGH,LOW,2026-06-02,,true
1573,LOW,HIGH,LOW,2026-06-02,,true
1576,LOW,HIGH,LOW,2026-06-02,,true
1583,LOW,HIGH,LOW,2026-06-02,,true
1584,LOW,HIGH,LOW,2026-06-02,,true
1596,LOW,LOW,LOW,2026-06-02,,true
1602,LOW,LOW,LOW,2026-06-02,,true
1605,LOW,LOW,LOW,2026-06-02,,true
1606,LOW,LOW,LOW,2026-06-02,,true
1607,LOW,LOW,LOW,2026-06-02,,true
1608,LOW,LOW,LOW,2026-06-02,,true
1610,LOW,LOW,LOW,2026-06-02,,true
1611,LOW,LOW,LOW,2026-06-02,,true
1612,LOW,LOW,LOW,2026-06-02,,true
1617,LOW,LOW,LOW,2026-06-02,,true
1621,LOW,LOW,LOW,2026-06-02,,true
1633,LOW,LOW,LOW,2026-06-02,,true
1645,LOW,LOW,LOW,2026-06-02,,true
1647,LOW,LOW,LOW,2026-06-02,,true
1648,LOW,LOW,LOW,2026-06-02,,true
1649,LOW,LOW,LOW,2026-06-02,,true
1650,LOW,LOW,LOW,2026-06-02,,true
1652,LOW,LOW,LOW,2026-06-02,,true
1664,LOW,HIGH,LOW,2026-06-02,,true
1671,LOW,HIGH,LOW,2026-06-02,,true
1673,LOW,HIGH,LOW,2026-06-02,,true
1674,LOW,HIGH,LOW,2026-06-02,,true
1680,LOW,HIGH,LOW,2026-06-02,,true
1684,LOW,HIGH,LOW,2026-06-02,,true
1685,LOW,HIGH,LOW,2026-06-02,,true
1686,LOW,HIGH,LOW,2026-06-02,,true
1688,LOW,HIGH,LOW,2026-06-02,,true
1691,LOW,HIGH,LOW,2026-06-02,,true
1695,LOW,HIGH,LOW,2026-06-02,,true
1697,LOW,HIGH,LOW,2026-06-02,,true
1699,LOW,HIGH,LOW,2026-06-02,,true
1701,LOW,HIGH,LOW,2026-06-02,,true
1702,LOW,HIGH,LOW,2026-06-02,,true
1705,LOW,HIGH,LOW,2026-06-02,,true
1706,LOW,HIGH,LOW,2026-06-02,,true
1708,LOW,HIGH,LOW,2026-06-02,,true
1713,LOW,HIGH,LOW,2026-06-02,,true
1714,LOW,LOW,LOW,2026-06-02,,true
1717,LOW,LOW,LOW,2026-06-02,,true
1726,LOW,LOW,LOW,2026-06-02,,true
1731,LOW,LOW,LOW,2026-06-02,,true
1733,LOW,LOW,LOW,2026-06-02,,true
1734,LOW,LOW,LOW,2026-06-02,,true
1739,LOW,LOW,LOW,2026-06-02,,true
1743,LOW,LOW,LOW,2026-06-02,,true
1745,LOW,LOW,LOW,2026-06-02,,true
1749,LOW,LOW,LOW,2026-06-02,,true
1757,LOW,LOW,LOW,2026-06-02,,true
1758,LOW,LOW,LOW,2026-06-02,,true
1760,LOW,LOW,LOW,2026-06-02,,true
1761,LOW,LOW,LOW,2026-06-02,,true
1762,LOW,LOW,LOW,2026-06-02,,true
1764,LOW,LOW,LOW,2026-06-02,,true
1768,LOW,LOW,LOW,2026-06-02,,true
1769,LOW,LOW,LOW,2026-06-02,,true
1773,LOW,LOW,LOW,2026-06-02,,true
1775,LOW,LOW,LOW,2026-06-02,,true
1776,LOW,LOW,LOW,2026-06-02,,true
1779,LOW,LOW,LOW,2026-06-02,,true
1780,LOW,LOW,LOW,2026-06-02,,true
1793,LOW,LOW,LOW,2026-06-02,,true
1794,LOW,LOW,LOW,2026-06-02,,true
1795,LOW,LOW,LOW,2026-06-02,,true
1799,LOW,LOW,LOW,2026-06-02,,true
1801,LOW,LOW,LOW,2026-06-02,,true
1816,LOW,LOW,LOW,2026-06-02,,true
1817,LOW,LOW,LOW,2026-06-02,,true
1818,LOW,LOW,LOW,2026-06-02,,true
1820,LOW,LOW,LOW,2026-06-02,,true
1823,LOW,LOW,LOW,2026-06-02,,true
1826,LOW,LOW,LOW,2026-06-02,,true
1827,LOW,LOW,LOW,2026-06-02,,true
1836,LOW,LOW,LOW,2026-06-02,,true
1839,LOW,LOW,LOW,2026-06-02,,true
1846,LOW,LOW,LOW,2026-06-02,,true
1847,LOW,LOW,LOW,2026-06-02,,true
1849,LOW,LOW,LOW,2026-06-02,,true
1851,LOW,LOW,LOW,2026-06-02,,true
1852,LOW,LOW,LOW,2026-06-02,,true
1855,LOW,LOW,LOW,2026-06-02,,true
1860,LOW,LOW,LOW,2026-06-02,,true
1866,LOW,LOW,LOW,2026-06-02,,true
1867,LOW,LOW,LOW,2026-06-02,,true
1872,LOW,LOW,LOW,2026-06-02,,true
1878,LOW,LOW,LOW,2026-06-02,,true
1885,LOW,LOW,LOW,2026-06-02,,true
1890,LOW,LOW,LOW,2026-06-02,,true
1896,LOW,LOW,LOW,2026-06-02,,true
1901,LOW,LOW,LOW,2026-06-02,,true
1903,LOW,LOW,LOW,2026-06-02,,true
1906,LOW,LOW,LOW,2026-06-02,,true
1907,LOW,LOW,LOW,2026-06-02,,true
1917,LOW,LOW,LOW,2026-06-02,,true
1918,LOW,LOW,LOW,2026-06-02,,true
1922,LOW,LOW,LOW,2026-06-02,,true
1925,LOW,LOW,LOW,2026-06-02,,true
1927,LOW,LOW,LOW,2026-06-02,,true
1928,LOW,LOW,LOW,2026-06-02,,true
1941,LOW,LOW,LOW,2026-06-02,,true
1943,LOW,LOW,LOW,2026-06-02,,true
1944,LOW,LOW,LOW,2026-06-02,,true
1947,LOW,LOW,LOW,2026-06-02,,true
1950,LOW,LOW,LOW,2026-06-02,,true
1956,LOW,LOW,LOW,2026-06-02,,true
1957,LOW,LOW,LOW,2026-06-02,,true
1959,LOW,LOW,LOW,2026-06-02,,true
1960,LOW,LOW,LOW,2026-06-02,,true
1965,LOW,LOW,LOW,2026-06-02,,true
1970,LOW,LOW,LOW,2026-06-02,,true
1971,LOW,LOW,LOW,2026-06-02,,true
1973,LOW,LOW,LOW,2026-06-02,,true
1975,LOW,LOW,LOW,2026-06-02,,true
1978,LOW,LOW,LOW,2026-06-02,,true
1981,LOW,LOW,LOW,2026-06-02,,true
1993,LOW,LOW,LOW,2026-06-02,,true
1994,LOW,LOW,LOW,2026-06-02,,true
1997,LOW,LOW,LOW,2026-06-02,,true
2002,LOW,LOW,LOW,2026-06-02,,true
2014,LOW,LOW,LOW,2026-06-02,,true
2020,LOW,LOW,LOW,2026-06-02,,true
2023,LOW,LOW,LOW,2026-06-02,,true
2024,LOW,LOW,LOW,2026-06-02,,true
2027,LOW,LOW,LOW,2026-06-02,,true
2032,LOW,LOW,LOW,2026-06-02,,true
2036,LOW,LOW,LOW,2026-06-02,,true
2038,LOW,LOW,LOW,2026-06-02,,true
2044,LOW,LOW,LOW,2026-06-02,,true
2046,LOW,LOW,LOW,2026-06-02,,true
2047,LOW,LOW,LOW,2026-06-02,,true
2048,LOW,LOW,LOW,2026-06-02,,true
2055,LOW,LOW,LOW,2026-06-02,,true
2064,LOW,LOW,LOW,2026-06-02,,true
2067,LOW,LOW,LOW,2026-06-02,,true
2071,LOW,LOW,LOW,2026-06-02,,true
2072,LOW,LOW,LOW,2026-06-02,,true
2081,LOW,LOW,LOW,2026-06-02,,true
2082,LOW,LOW,LOW,2026-06-02,,true
2083,LOW,LOW,LOW,2026-06-02,,true
2084,LOW,LOW,LOW,2026-06-02,,true
2088,LOW,LOW,LOW,2026-06-02,,true
2089,LOW,LOW,LOW,2026-06-02,,true
2090,LOW,LOW,LOW,2026-06-02,,true
2091,LOW,LOW,LOW,2026-06-02,,true
2095,LOW,LOW,LOW,2026-06-02,,true
2097,LOW,LOW,LOW,2026-06-02,,true
2100,LOW,LOW,LOW,2026-06-02,,true
2101,LOW,LOW,LOW,2026-06-02,,true
2104,LOW,LOW,LOW,2026-06-02,,true
2105,LOW,LOW,LOW,2026-06-02,,true
2107,LOW,LOW,LOW,2026-06-02,,true
2108,LOW,LOW,LOW,2026-06-02,,true
2120,LOW,LOW,LOW,2026-06-02,,true
2121,LOW,LOW,LOW,2026-06-02,,true
2129,LOW,LOW,LOW,2026-06-02,,true
2132,LOW,LOW,LOW,2026-06-02,,true
2134,LOW,LOW,LOW,2026-06-02,,true
2136,LOW,LOW,LOW,2026-06-02,,true
2139,LOW,LOW,LOW,2026-06-02,,true
2141,LOW,LOW,LOW,2026-06-02,,true
2142,LOW,LOW,LOW,2026-06-02,,true
2143,LOW,LOW,LOW,2026-06-02,,true
2145,LOW,LOW,LOW,2026-06-02,,true
2146,LOW,LOW,LOW,2026-06-02,,true
2148,LOW,LOW,LOW,2026-06-02,,true
2150,LOW,LOW,LOW,2026-06-02,,true
2152,LOW,LOW,LOW,2026-06-02,,true
2165,LOW,LOW,LOW,2026-06-02,,true
2178,LOW,LOW,LOW,2026-06-02,,true
2180,LOW,LOW,LOW,2026-06-02,,true
2181,LOW,LOW,LOW,2026-06-02,,true
2190,LOW,LOW,LOW,2026-06-02,,true
2193,LOW,LOW,LOW,2026-06-02,,true
2194,LOW,LOW,LOW,2026-06-02,,true
2197,LOW,LOW,LOW,2026-06-02,,true
2204,LOW,LOW,LOW,2026-06-02,,true
2207,LOW,LOW,LOW,2026-06-02,,true
2210,LOW,LOW,LOW,2026-06-02,,true
2214,LOW,LOW,LOW,2026-06-02,,true
2217,LOW,LOW,LOW,2026-06-02,,true
2218,LOW,LOW,LOW,2026-06-02,,true
2221,LOW,LOW,LOW,2026-06-02,,true
2224,LOW,LOW,LOW,2026-06-02,,true
2225,LOW,LOW,LOW,2026-06-02,,true
2228,LOW,LOW,LOW,2026-06-02,,true
2229,LOW,LOW,LOW,2026-06-02,,true
2236,LOW,LOW,LOW,2026-06-02,,true
2238,LOW,LOW,LOW,2026-06-02,,true
2240,LOW,LOW,LOW,2026-06-02,,true
2244,LOW,LOW,LOW,2026-06-02,,true
2247,LOW,HIGH,LOW,2026-06-02,,true
2248,LOW,HIGH,LOW,2026-06-02,,true
2251,LOW,HIGH,LOW,2026-06-02,,true
2255,LOW,HIGH,LOW,2026-06-02,,true
2258,LOW,HIGH,LOW,2026-06-02,,true
2259,LOW,HIGH,LOW,2026-06-02,,true
2264,LOW,HIGH,LOW,2026-06-02,,true
2270,LOW,HIGH,LOW,2026-06-02,,true
2271,LOW,HIGH,LOW,2026-06-02,,true
2272,LOW,HIGH,LOW,2026-06-02,,true
2275,LOW,HIGH,LOW,2026-06-02,,true
2277,LOW,HIGH,LOW,2026-06-02,,true
2279,LOW,HIGH,LOW,2026-06-02,,true
2287,LOW,HIGH,LOW,2026-06-02,,true
2297,LOW,HIGH,LOW,2026-06-02,,true
2298,LOW,HIGH,LOW,2026-06-02,,true
2302,LOW,HIGH,LOW,2026-06-02,,true
2305,LOW,LOW,LOW,2026-06-02,,true
2307,LOW,LOW,LOW,2026-06-02,,true
2313,LOW,LOW,LOW,2026-06-02,,true
2317,LOW,LOW,LOW,2026-06-02,,true
2319,LOW,LOW,LOW,2026-06-02,,true
2320,LOW,LOW,LOW,2026-06-02,,true
2323,LOW,LOW,LOW,2026-06-02,,true
2324,LOW,LOW,LOW,2026-06-02,,true
2329,LOW,LOW,LOW,2026-06-02,,true
2335,LOW,LOW,LOW,2026-06-02,,true
2339,LOW,LOW,LOW,2026-06-02,,true
2342,LOW,LOW,LOW,2026-06-02,,true
2343,LOW,LOW,LOW,2026-06-02,,true
2345,LOW,LOW,LOW,2026-06-02,,true
2349,LOW,LOW,LOW,2026-06-02,,true
2355,LOW,LOW,LOW,2026-06-02,,true
2356,LOW,LOW,LOW,2026-06-02,,true
2357,LOW,LOW,LOW,2026-06-02,,true
2358,LOW,LOW,LOW,2026-06-02,,true
2359,LOW,LOW,LOW,2026-06-02,,true
2362,LOW,LOW,LOW,2026-06-02,,true
2368,LOW,LOW,LOW,2026-06-02,,true
2369,LOW,LOW,LOW,2026-06-02,,true
2372,LOW,LOW,LOW,2026-06-02,,true
2378,LOW,LOW,LOW,2026-06-02,,true
2380,LOW,LOW,LOW,2026-06-02,,true
2382,LOW,LOW,LOW,2026-06-02,,true
2384,LOW,LOW,LOW,2026-06-02,,true
2389,LOW,LOW,LOW,2026-06-02,,true
2390,LOW,LOW,LOW,2026-06-02,,true
2397,LOW,LOW,LOW,2026-06-02,,true
2400,LOW,LOW,LOW,2026-06-02,,true
2406,LOW,LOW,LOW,2026-06-02,,true
2408,LOW,LOW,LOW,2026-06-02,,true
2417,LOW,LOW,LOW,2026-06-02,,true
2419,LOW,LOW,LOW,2026-06-02,,true
2420,LOW,LOW,LOW,2026-06-02,,true
2425,LOW,LOW,LOW,2026-06-02,,true
2434,LOW,LOW,LOW,2026-06-02,,true
2439,LOW,LOW,LOW,2026-06-02,,true
2446,LOW,LOW,LOW,2026-06-02,,true
2447,LOW,LOW,LOW,2026-06-02,,true
2457,LOW,LOW,LOW,2026-06-02,,true
2463,LOW,LOW,LOW,2026-06-02,,true
2466,LOW,LOW,LOW,2026-06-02,,true
2468,LOW,LOW,LOW,2026-06-02,,true
2473,LOW,LOW,LOW,2026-06-02,,true
2474,LOW,LOW,LOW,2026-06-02,,true
2476,LOW,LOW,LOW,2026-06-02,,true
2478,LOW,LOW,LOW,2026-06-02,,true
2479,LOW,LOW,LOW,2026-06-02,,true
2485,LOW,LOW,LOW,2026-06-02,,true
2494,LOW,LOW,LOW,2026-06-02,,true
2497,LOW,LOW,LOW,2026-06-02,,true
2500,LOW,LOW,LOW,2026-06-02,,true
2504,LOW,LOW,LOW,2026-06-02,,true
2506,LOW,LOW,LOW,2026-06-02,,true
2508,LOW,LOW,LOW,2026-06-02,,true
2510,LOW,LOW,LOW,2026-06-02,,true
2513,LOW,LOW,LOW,2026-06-02,,true
2521,LOW,LOW,LOW,2026-06-02,,true
2523,LOW,LOW,LOW,2026-06-02,,true
2530,LOW,LOW,LOW,2026-06-02,,true
2531,LOW,LOW,LOW,2026-06-02,,true
2533,LOW,LOW,LOW,2026-06-02,,true
2539,LOW,LOW,LOW,2026-06-02,,true
2548,LOW,HIGH,LOW,2026-06-02,,true
2550,LOW,HIGH,LOW,2026-06-02,,true
2554,LOW,HIGH,LOW,2026-06-02,,true
2562,LOW,HIGH,LOW,2026-06-02,,true
2565,LOW,HIGH,LOW,2026-06-02,,true
2568,LOW,HIGH,LOW,2026-06-02,,true
2577,LOW,HIGH,LOW,2026-06-02,,true
2584,LOW,HIGH,LOW,2026-06-02,,true
2588,LOW,HIGH,LOW,2026-06-02,,true
2594,LOW,HIGH,LOW,2026-06-02,,true
2602,LOW,LOW,LOW,2026-06-02,,true
2605,LOW,LOW,LOW,2026-06-02,,true
2607,LOW,LOW,LOW,2026-06-02,,true
2610,LOW,LOW,LOW,2026-06-02,,true
2611,LOW,LOW,LOW,2026-06-02,,true
2621,LOW,LOW,LOW,2026-06-02,,true
2623,LOW,LOW,LOW,2026-06-02,,true
2624,LOW,LOW,LOW,2026-06-02,,true
2631,LOW,LOW,LOW,2026-06-02,,true
2632,LOW,LOW,LOW,2026-06-02,,true
2635,LOW,LOW,LOW,2026-06-02,,true
2637,LOW,LOW,LOW,2026-06-02,,true
2638,LOW,LOW,LOW,2026-06-02,,true
2640,LOW,LOW,LOW,2026-06-02,,true
2643,LOW,LOW,LOW,2026-06-02,,true
2648,LOW,LOW,LOW,2026-06-02,,true
2649,LOW,LOW,LOW,2026-06-02,,true
2650,LOW,LOW,LOW,2026-06-02,,true
2653,LOW,LOW,LOW,2026-06-02,,true
2658,LOW,LOW,LOW,2026-06-02,,true
2661,LOW,LOW,LOW,2026-06-02,,true
2663,LOW,LOW,LOW,2026-06-02,,true
2664,LOW,LOW,LOW,2026-06-02,,true
2665,LOW,LOW,LOW,2026-06-02,,true
2666,LOW,LOW,LOW,2026-06-02,,true
2669,LOW,LOW,LOW,2026-06-02,,true
2673,LOW,LOW,LOW,2026-06-02,,true
2675,LOW,LOW,LOW,2026-06-02,,true
2676,LOW,LOW,LOW,2026-06-02,,true
2679,LOW,LOW,LOW,2026-06-02,,true
2681,LOW,LOW,LOW,2026-06-02,,true
2686,LOW,LOW,LOW,2026-06-02,,true
2689,LOW,LOW,LOW,2026-06-02,,true
2693,LOW,LOW,LOW,2026-06-02,,true
2696,LOW,LOW,LOW,2026-06-02,,true
2697,LOW,LOW,LOW,2026-06-02,,true
2708,LOW,LOW,LOW,2026-06-02,,true
2714,LOW,LOW,LOW,2026-06-02,,true
2718,LOW,LOW,LOW,2026-06-02,,true
2719,LOW,LOW,LOW,2026-06-02,,true
2721,LOW,LOW,LOW,2026-06-02,,true
2726,LOW,LOW,LOW,2026-06-02,,true
2739,LOW,LOW,LOW,2026-06-02,,true
2744,LOW,LOW,LOW,2026-06-02,,true
2745,LOW,LOW,LOW,2026-06-02,,true
2750,LOW,LOW,LOW,2026-06-02,,true
2752,LOW,LOW,LOW,2026-06-02,,true
2765,LOW,LOW,LOW,2026-06-02,,true
2772,LOW,LOW,LOW,2026-06-02,,true
2776,LOW,LOW,LOW,2026-06-02,,true
2778,LOW,LOW,LOW,2026-06-02,,true
2781,LOW,LOW,LOW,2026-06-02,,true
2783,LOW,LOW,LOW,2026-06-02,,true
2784,LOW,LOW,LOW,2026-06-02,,true
2785,LOW,LOW,LOW,2026-06-02,,true
2788,LOW,LOW,LOW,2026-06-02,,true
2789,LOW,LOW,LOW,2026-06-02,,true
2791,LOW,LOW,LOW,2026-06-02,,true
2792,LOW,LOW,LOW,2026-06-02,,true
2795,LOW,LOW,LOW,2026-06-02,,true
2804,LOW,LOW,LOW,2026-06-02,,true
2806,LOW,LOW,LOW,2026-06-02,,true
2807,LOW,LOW,LOW,2026-06-02,,true
2809,LOW,LOW,LOW,2026-06-02,,true
2811,LOW,LOW,LOW,2026-06-02,,true
2817,LOW,LOW,LOW,2026-06-02,,true
2821,LOW,LOW,LOW,2026-06-02,,true
2824,LOW,LOW,LOW,2026-06-02,,true
2828,LOW,LOW,LOW,2026-06-02,,true
2829,LOW,LOW,LOW,2026-06-02,,true
2831,LOW,LOW,LOW,2026-06-02,,true
2832,LOW,LOW,LOW,2026-06-02,,true
2834,LOW,LOW,LOW,2026-06-02,,true
2836,LOW,LOW,LOW,2026-06-02,,true
2838,LOW,LOW,LOW,2026-06-02,,true
2839,LOW,LOW,LOW,2026-06-02,,true
2842,LOW,LOW,LOW,2026-06-02,,true
2843,LOW,LOW,LOW,2026-06-02,,true
2847,LOW,LOW,LOW,2026-06-02,,true
2849,LOW,LOW,LOW,2026-06-02,,true
2853,LOW,LOW,LOW,2026-06-02,,true
2854,LOW,LOW,LOW,2026-06-02,,true
2855,LOW,LOW,LOW,2026-06-02,,true
2859,LOW,LOW,LOW,2026-06-02,,true
2860,LOW,LOW,LOW,2026-06-02,,true
2865,LOW,LOW,LOW,2026-06-02,,true
2867,LOW,LOW,LOW,2026-06-02,,true
2868,LOW,LOW,LOW,2026-06-02,,true
2876,LOW,LOW,LOW,2026-06-02,,true
2882,LOW,LOW,LOW,2026-06-02,,true
2886,LOW,LOW,LOW,2026-06-02,,true
2887,LOW,LOW,LOW,2026-06-02,,true
2888,LOW,LOW,LOW,2026-06-02,,true
2895,LOW,LOW,LOW,2026-06-02,,true
2896,LOW,LOW,LOW,2026-06-02,,true
2897,LOW,LOW,LOW,2026-06-02,,true
2908,LOW,LOW,LOW,2026-06-02,,true
2910,LOW,LOW,LOW,2026-06-02,,true
2913,LOW,LOW,LOW,2026-06-02,,true
2915,LOW,LOW,LOW,2026-06-02,,true
2917,LOW,LOW,LOW,2026-06-02,,true
2921,LOW,LOW,LOW,2026-06-02,,true
2923,LOW,LOW,LOW,2026-06-02,,true
2927,LOW,LOW,LOW,2026-06-02,,true
2928,LOW,LOW,LOW,2026-06-02,,true
2929,LOW,LOW,LOW,2026-06-02,,true
2935,LOW,LOW,LOW,2026-06-02,,true
2937,LOW,LOW,LOW,2026-06-02,,true
2939,LOW,LOW,LOW,2026-06-02,,true
2941,LOW,LOW,LOW,2026-06-02,,true
2943,LOW,LOW,LOW,2026-06-02,,true
2945,LOW,LOW,LOW,2026-06-02,,true
2946,LOW,LOW,LOW,2026-06-02,,true
2948,LOW,LOW,LOW,2026-06-02,,true
2961,LOW,LOW,LOW,2026-06-02,,true
2963,LOW,LOW,LOW,2026-06-02,,true
2967,LOW,LOW,LOW,2026-06-02,,true
2968,LOW,LOW,LOW,2026-06-02,,true
2970,LOW,LOW,LOW,2026-06-02,,true
2971,LOW,LOW,LOW,2026-06-02,,true
2974,LOW,LOW,LOW,2026-06-02,,true
2976,LOW,LOW,LOW,2026-06-02,,true
2979,LOW,LOW,LOW,2026-06-02,,true
2983,LOW,LOW,LOW,2026-06-02,,true
2986,LOW,LOW,LOW,2026-06-02,,true
2989,LOW,LOW,LOW,2026-06-02,,true
2990,LOW,LOW,LOW,2026-06-02,,true
2992,LOW,LOW,LOW,2026-06-02,,true
2993,LOW,LOW,LOW,2026-06-02,,true
2995,LOW,LOW,LOW,2026-06-02,,true
2996,LOW,LOW,LOW,2026-06-02,,true
3002,LOW,LOW,LOW,2026-06-02,,true
3004,LOW,LOW,LOW,2026-06-02,,true
3007,LOW,HIGH,LOW,2026-06-02,,true
3010,LOW,HIGH,LOW,2026-06-02,,true
3011,LOW,HIGH,LOW,2026-06-02,,true
3016,LOW,HIGH,LOW,2026-06-02,,true
3021,LOW,HIGH,LOW,2026-06-02,,true
3022,LOW,HIGH,LOW,2026-06-02,,true
3026,LOW,HIGH,LOW,2026-06-02,,true
3029,LOW,HIGH,LOW,2026-06-02,,true
3032,LOW,HIGH,LOW,2026-06-02,,true
3039,LOW,HIGH,LOW,2026-06-02,,true
3041,LOW,HIGH,LOW,2026-06-02,,true
3044,LOW,HIGH,LOW,2026-06-02,,true
3045,LOW,HIGH,LOW,2026-06-02,,true
3052,LOW,HIGH,LOW,2026-06-02,,true
3055,LOW,HIGH,LOW,2026-06-02,,true
3056,LOW,HIGH,LOW,2026-06-02,,true
3057,LOW,HIGH,LOW,2026-06-02,,true
3058,LOW,HIGH,LOW,2026-06-02,,true
3060,LOW,HIGH,LOW,2026-06-02,,true
3062,LOW,HIGH,LOW,2026-06-02,,true
3064,LOW,HIGH,LOW,2026-06-02,,true
3066,LOW,HIGH,LOW,2026-06-02,,true
3068,LOW,LOW,LOW,2026-06-02,,true
3070,LOW,LOW,LOW,2026-06-02,,true
3082,LOW,LOW,LOW,2026-06-02,,true
3083,LOW,LOW,LOW,2026-06-02,,true
3084,LOW,LOW,LOW,2026-06-02,,true
3090,LOW,LOW,LOW,2026-06-02,,true
3091,LOW,LOW,LOW,2026-06-02,,true
3104,LOW,LOW,LOW,2026-06-02,,true
3106,LOW,LOW,LOW,2026-06-02,,true
3115,LOW,LOW,LOW,2026-06-02,,true
3117,LOW,LOW,LOW,2026-06-02,,true
3119,LOW,LOW,LOW,2026-06-02,,true
3137,LOW,LOW,LOW,2026-06-02,,true
3139,LOW,LOW,LOW,2026-06-02,,true
3142,LOW,LOW,LOW,2026-06-02,,true
3145,LOW,LOW,LOW,2026-06-02,,true
3149,LOW,LOW,LOW,2026-06-02,,true
3152,LOW,LOW,LOW,2026-06-02,,true
3154,LOW,LOW,LOW,2026-06-02,,true
3158,LOW,LOW,LOW,2026-06-02,,true
3166,LOW,LOW,LOW,2026-06-02,,true
3186,LOW,LOW,LOW,2026-06-02,,true
3193,LOW,LOW,LOW,2026-06-02,,true
3194,LOW,LOW,LOW,2026-06-02,,true
3200,LOW,LOW,LOW,2026-06-02,,true
3202,LOW,LOW,LOW,2026-06-02,,true
3206,LOW,LOW,LOW,2026-06-02,,true
3210,LOW,LOW,LOW,2026-06-02,,true
3211,LOW,LOW,LOW,2026-06-02,,true
3215,LOW,LOW,LOW,2026-06-02,,true
3216,LOW,LOW,LOW,2026-06-02,,true
3227,LOW,LOW,LOW,2026-06-02,,true
3228,LOW,LOW,LOW,2026-06-02,,true
3233,LOW,LOW,LOW,2026-06-02,,true
3237,LOW,LOW,LOW,2026-06-02,,true
3240,LOW,LOW,LOW,2026-06-02,,true
3241,LOW,LOW,LOW,2026-06-02,,true
3243,LOW,LOW,LOW,2026-06-02,,true
3244,LOW,LOW,LOW,2026-06-02,,true
3247,LOW,LOW,LOW,2026-06-02,,true
3249,LOW,LOW,LOW,2026-06-02,,true
3250,LOW,LOW,LOW,2026-06-02,,true
3254,LOW,LOW,LOW,2026-06-02,,true
3255,LOW,LOW,LOW,2026-06-02,,true
3259,LOW,LOW,LOW,2026-06-02,,true
3263,LOW,LOW,LOW,2026-06-02,,true
3264,LOW,LOW,LOW,2026-06-02,,true
3268,LOW,LOW,LOW,2026-06-02,,true
3271,LOW,LOW,LOW,2026-06-02,,true
3272,LOW,LOW,LOW,2026-06-02,,true
3280,LOW,LOW,LOW,2026-06-02,,true
3290,LOW,LOW,LOW,2026-06-02,,true
3294,LOW,LOW,LOW,2026-06-02,,true
3297,LOW,LOW,LOW,2026-06-02,,true
3300,LOW,LOW,LOW,2026-06-02,,true
3303,LOW,LOW,LOW,2026-06-02,,true
3304,LOW,LOW,LOW,2026-06-02,,true
3307,LOW,LOW,LOW,2026-06-02,,true
3308,LOW,LOW,LOW,2026-06-02,,true
3310,LOW,LOW,LOW,2026-06-02,,true
3312,LOW,LOW,LOW,2026-06-02,,true
3314,LOW,LOW,LOW,2026-06-02,,true
3319,LOW,LOW,LOW,2026-06-02,,true
3320,LOW,LOW,LOW,2026-06-02,,true
3322,LOW,LOW,LOW,2026-06-02,,true
3325,LOW,LOW,LOW,2026-06-02,,true
3328,LOW,HIGH,LOW,2026-06-02,,true
3329,LOW,HIGH,LOW,2026-06-02,,true
3335,LOW,HIGH,LOW,2026-06-02,,true
3337,LOW,HIGH,LOW,2026-06-02,,true
3348,LOW,HIGH,LOW,2026-06-02,,true
3355,LOW,HIGH,LOW,2026-06-02,,true
3356,LOW,HIGH,LOW,2026-06-02,,true
3362,LOW,HIGH,LOW,2026-06-02,,true
3366,LOW,HIGH,LOW,2026-06-02,,true
3367,LOW,HIGH,LOW,2026-06-02,,true
3368,LOW,HIGH,LOW,2026-06-02,,true
3369,LOW,HIGH,LOW,2026-06-02,,true
3370,LOW,HIGH,LOW,2026-06-02,,true
3372,LOW,HIGH,LOW,2026-06-02,,true
3375,LOW,HIGH,LOW,2026-06-02,,true
3378,LOW,HIGH,LOW,2026-06-02,,true
3384,LOW,HIGH,LOW,2026-06-02,,true
3394,LOW,LOW,LOW,2026-06-02,,true
3396,LOW,LOW,LOW,2026-06-02,,true
3398,LOW,LOW,LOW,2026-06-02,,true
3399,LOW,LOW,LOW,2026-06-02,,true
3404,LOW,LOW,LOW,2026-06-02,,true
3406,LOW,LOW,LOW,2026-06-02,,true
3416,LOW,LOW,LOW,2026-06-02,,true
3417,LOW,LOW,LOW,2026-06-02,,true
3418,LOW,LOW,LOW,2026-06-02,,true
3424,LOW,LOW,LOW,2026-06-02,,true
3431,LOW,LOW,LOW,2026-06-02,,true
3432,LOW,LOW,LOW,2026-06-02,,true
3434,LOW,LOW,LOW,2026-06-02,,true
3441,LOW,LOW,LOW,2026-06-02,,true
3455,LOW,HIGH,LOW,2026-06-02,,true
3457,LOW,HIGH,LOW,2026-06-02,,true
3458,LOW,HIGH,LOW,2026-06-02,,true
3459,LOW,HIGH,LOW,2026-06-02,,true
3461,LOW,HIGH,LOW,2026-06-02,,true
3466,LOW,HIGH,LOW,2026-06-02,,true
3467,LOW,HIGH,LOW,2026-06-02,,true
3473,LOW,HIGH,LOW,2026-06-02,,true
3477,LOW,HIGH,LOW,2026-06-02,,true
3480,LOW,HIGH,LOW,2026-06-02,,true
3484,LOW,HIGH,LOW,2026-06-02,,true
3487,LOW,HIGH,LOW,2026-06-02,,true
3494,LOW,HIGH,LOW,2026-06-02,,true
3500,LOW,HIGH,LOW,2026-06-02,,true
3501,LOW,HIGH,LOW,2026-06-02,,true
3502,LOW,HIGH,LOW,2026-06-02,,true
3513,LOW,LOW,LOW,2026-06-02,,true
3515,LOW,LOW,LOW,2026-06-02,,true
3521,LOW,LOW,LOW,2026-06-02,,true
3523,LOW,LOW,LOW,2026-06-02,,true
3524,LOW,LOW,LOW,2026-06-02,,true
3526,LOW,LOW,LOW,2026-06-02,,true
3529,LOW,LOW,LOW,2026-06-02,,true
3540,LOW,LOW,LOW,2026-06-02,,true
3546,LOW,LOW,LOW,2026-06-02,,true
3551,LOW,LOW,LOW,2026-06-02,,true
3557,LOW,LOW,LOW,2026-06-02,,true
3559,LOW,LOW,LOW,2026-06-02,,true
3566,LOW,LOW,LOW,2026-06-02,,true
3568,LOW,LOW,LOW,2026-06-02,,true
3569,LOW,LOW,LOW,2026-06-02,,true
3570,LOW,LOW,LOW,2026-06-02,,true
3571,LOW,LOW,LOW,2026-06-02,,true
3573,LOW,LOW,LOW,2026-06-02,,true
3580,LOW,HIGH,LOW,2026-06-02,,true
3584,LOW,HIGH,LOW,2026-06-02,,true
3595,LOW,HIGH,LOW,2026-06-02,,true
3596,LOW,HIGH,LOW,2026-06-02,,true
3602,LOW,HIGH,LOW,2026-06-02,,true
3606,LOW,HIGH,LOW,2026-06-02,,true
3608,LOW,HIGH,LOW,2026-06-02,,true
3616,LOW,HIGH,LOW,2026-06-02,,true
3620,LOW,HIGH,LOW,2026-06-02,,true
3623,LOW,HIGH,LOW,2026-06-02,,true
3625,LOW,HIGH,LOW,2026-06-02,,true
3637,LOW,HIGH,LOW,2026-06-02,,true
3643,LOW,LOW,LOW,2026-06-02,,true
3645,LOW,LOW,LOW,2026-06-02,,true
3650,LOW,LOW,LOW,2026-06-02,,true
3654,LOW,LOW,LOW,2026-06-02,,true
3658,LOW,LOW,LOW,2026-06-02,,true
3660,LOW,LOW,LOW,2026-06-02,,true
3669,LOW,LOW,LOW,2026-06-02,,true
3670,LOW,LOW,LOW,2026-06-02,,true
3671,LOW,LOW,LOW,2026-06-02,,true
3678,LOW,LOW,LOW,2026-06-02,,true
3680,LOW,LOW,LOW,2026-06-02,,true
3681,LOW,LOW,LOW,2026-06-02,,true
3683,LOW,LOW,LOW,2026-06-02,,true
3690,LOW,LOW,LOW,2026-06-02,,true
3704,LOW,LOW,LOW,2026-06-02,,true
3706,LOW,LOW,LOW,2026-06-02,,true
3710,LOW,LOW,LOW,2026-06-02,,true
3713,LOW,LOW,LOW,2026-06-02,,true
3718,LOW,LOW,LOW,2026-06-02,,true
3726,LOW,LOW,LOW,2026-06-02,,true
3729,LOW,LOW,LOW,2026-06-02,,true
3734,LOW,LOW,LOW,2026-06-02,,true
3735,LOW,LOW,LOW,2026-06-02,,true
3747,LOW,LOW,LOW,2026-06-02,,true
3750,LOW,LOW,LOW,2026-06-02,,true
3754,LOW,LOW,LOW,2026-06-02,,true
3757,LOW,LOW,LOW,2026-06-02,,true
3759,LOW,LOW,LOW,2026-06-02,,true
3762,LOW,LOW,LOW,2026-06-02,,true
3763,LOW,LOW,LOW,2026-06-02,,true
3764,LOW,LOW,LOW,2026-06-02,,true
3766,LOW,LOW,LOW,2026-06-02,,true
3770,LOW,LOW,LOW,2026-06-02,,true
3774,LOW,LOW,LOW,2026-06-02,,true
3775,LOW,LOW,LOW,2026-06-02,,true
3781,LOW,LOW,LOW,2026-06-02,,true
3782,LOW,LOW,LOW,2026-06-02,,true
3784,LOW,LOW,LOW,2026-06-02,,true
3793,LOW,LOW,LOW,2026-06-02,,true
3795,LOW,LOW,LOW,2026-06-02,,true
3801,LOW,LOW,LOW,2026-06-02,,true
3802,LOW,LOW,LOW,2026-06-02,,true
3803,LOW,LOW,LOW,2026-06-02,,true
3811,LOW,LOW,LOW,2026-06-02,,true
3812,LOW,LOW,LOW,2026-06-02,,true
3813,LOW,LOW,LOW,2026-06-02,,true
3819,LOW,LOW,LOW,2026-06-02,,true
3824,LOW,LOW,LOW,2026-06-02,,true
3826,LOW,LOW,LOW,2026-06-02,,true
3827,LOW,LOW,LOW,2026-06-02,,true
3831,LOW,LOW,LOW,2026-06-02,,true
3834,LOW,LOW,LOW,2026-06-02,,true
3838,LOW,LOW,LOW,2026-06-02,,true
3839,LOW,LOW,LOW,2026-06-02,,true
3853,LOW,LOW,LOW,2026-06-02,,true
3854,LOW,LOW,LOW,2026-06-02,,true
3857,LOW,LOW,LOW,2026-06-02,,true
3859,LOW,LOW,LOW,2026-06-02,,true
3862,LOW,LOW,LOW,2026-06-02,,true
3863,LOW,LOW,LOW,2026-06-02,,true
3864,LOW,LOW,LOW,2026-06-02,,true
3866,LOW,LOW,LOW,2026-06-02,,true
3868,LOW,LOW,LOW,2026-06-02,,true
3871,LOW,LOW,LOW,2026-06-02,,true
3874,LOW,LOW,LOW,2026-06-02,,true
3876,LOW,LOW,LOW,2026-06-02,,true
3877,LOW,LOW,LOW,2026-06-02,,true
3881,LOW,LOW,LOW,2026-06-02,,true
3885,LOW,LOW,LOW,2026-06-02,,true
3892,LOW,LOW,LOW,2026-06-02,,true
3899,LOW,LOW,LOW,2026-06-02,,true
3902,LOW,LOW,LOW,2026-06-02,,true
3905,LOW,LOW,LOW,2026-06-02,,true
3908,LOW,LOW,LOW,2026-06-02,,true
3910,LOW,LOW,LOW,2026-06-02,,true
3918,LOW,LOW,LOW,2026-06-02,,true
3921,LOW,LOW,LOW,2026-06-02,,true
3926,LOW,LOW,LOW,2026-06-02,,true
3927,LOW,LOW,LOW,2026-06-02,,true
3930,LOW,LOW,LOW,2026-06-02,,true
3932,LOW,LOW,LOW,2026-06-02,,true
3936,LOW,LOW,LOW,2026-06-02,,true
3937,LOW,LOW,LOW,2026-06-02,,true
3944,LOW,LOW,LOW,2026-06-02,,true
3948,LOW,LOW,LOW,2026-06-02,,true
3949,LOW,LOW,LOW,2026-06-02,,true
3950,LOW,LOW,LOW,2026-06-02,,true
3954,LOW,LOW,LOW,2026-06-02,,true
3958,LOW,LOW,LOW,2026-06-02,,true
3960,LOW,LOW,LOW,2026-06-02,,true
3967,LOW,LOW,LOW,2026-06-02,,true
3968,LOW,LOW,LOW,2026-06-02,,true
3975,LOW,LOW,LOW,2026-06-02,,true
3980,LOW,LOW,LOW,2026-06-02,,true
3987,LOW,LOW,LOW,2026-06-02,,true
3988,LOW,LOW,LOW,2026-06-02,,true
3994,LOW,LOW,LOW,2026-06-02,,true
3996,LOW,LOW,LOW,2026-06-02,,true
3998,LOW,LOW,LOW,2026-06-02,,true
4012,LOW,LOW,LOW,2026-06-02,,true
4016,LOW,LOW,LOW,2026-06-02,,true
4018,LOW,LOW,LOW,2026-06-02,,true
4021,LOW,LOW,LOW,2026-06-02,,true
4022,LOW,LOW,LOW,2026-06-02,,true
4028,LOW,HIGH,LOW,2026-06-02,,true
4029,LOW,HIGH,LOW,2026-06-02,,true
4036,LOW,HIGH,LOW,2026-06-02,,true
4049,LOW,HIGH,LOW,2026-06-02,,true
4056,LOW,HIGH,LOW,2026-06-02,,true
4060,LOW,LOW,LOW,2026-06-02,,true
4068,LOW,LOW,LOW,2026-06-02,,true
4077,LOW,LOW,LOW,2026-06-02,,true
4080,LOW,LOW,LOW,2026-06-02,,true
4081,LOW,LOW,LOW,2026-06-02,,true
4088,LOW,LOW,LOW,2026-06-02,,true
4098,LOW,LOW,LOW,2026-06-02,,true
4104,LOW,LOW,LOW,2026-06-02,,true
4105,LOW,LOW,LOW,2026-06-02,,true
4116,LOW,LOW,LOW,2026-06-02,,true
4118,LOW,LOW,LOW,2026-06-02,,true
4120,LOW,LOW,LOW,2026-06-02,,true
4125,LOW,LOW,LOW,2026-06-02,,true
4126,LOW,LOW,LOW,2026-06-02,,true
4131,LOW,LOW,LOW,2026-06-02,,true
4136,LOW,LOW,LOW,2026-06-02,,true
4138,LOW,LOW,LOW,2026-06-02,,true
4142,LOW,LOW,LOW,2026-06-02,,true
4147,LOW,LOW,LOW,2026-06-02,,true
4155,LOW,LOW,LOW,2026-06-02,,true
4157,LOW,LOW,LOW,2026-06-02,,true
4160,LOW,LOW,LOW,2026-06-02,,true
4164,LOW,LOW,LOW,2026-06-02,,true
4170,LOW,LOW,LOW,2026-06-02,,true
4178,LOW,LOW,LOW,2026-06-02,,true
4182,LOW,LOW,LOW,2026-06-02,,true
4188,LOW,LOW,LOW,2026-06-02,,true
4196,LOW,LOW,LOW,2026-06-02,,true
4204,LOW,LOW,LOW,2026-06-02,,true
4206,LOW,LOW,LOW,2026-06-02,,true
4208,LOW,LOW,LOW,2026-06-02,,true
4210,LOW,LOW,LOW,2026-06-02,,true
4211,LOW,LOW,LOW,2026-06-02,,true
4216,LOW,LOW,LOW,2026-06-02,,true
4217,LOW,LOW,LOW,2026-06-02,,true
4225,LOW,LOW,LOW,2026-06-02,,true
4229,LOW,LOW,LOW,2026-06-02,,true
4233,LOW,LOW,LOW,2026-06-02,,true
4235,LOW,LOW,LOW,2026-06-02,,true
4237,LOW,LOW,LOW,2026-06-02,,true
4239,LOW,LOW,LOW,2026-06-02,,true
4240,LOW,LOW,LOW,2026-06-02,,true
4247,LOW,HIGH,LOW,2026-06-02,,true
4255,LOW,HIGH,LOW,2026-06-02,,true
4262,LOW,HIGH,LOW,2026-06-02,,true
4266,LOW,HIGH,LOW,2026-06-02,,true
4269,LOW,HIGH,LOW,2026-06-02,,true
4270,LOW,HIGH,LOW,2026-06-02,,true
4273,LOW,HIGH,LOW,2026-06-02,,true
4287,LOW,HIGH,LOW,2026-06-02,,true
4303,LOW,HIGH,LOW,2026-06-02,,true
4307,LOW,HIGH,LOW,2026-06-02,,true
4308,LOW,HIGH,LOW,2026-06-02,,true
4309,LOW,HIGH,LOW,2026-06-02,,true
4311,LOW,HIGH,LOW,2026-06-02,,true
4325,LOW,HIGH,LOW,2026-06-02,,true
4327,LOW,HIGH,LOW,2026-06-02,,true
4329,LOW,HIGH,LOW,2026-06-02,,true
4331,LOW,HIGH,LOW,2026-06-02,,true
4334,LOW,HIGH,LOW,2026-06-02,,true
4335,LOW,HIGH,LOW,2026-06-02,,true
4336,LOW,HIGH,LOW,2026-06-02,,true
4340,LOW,HIGH,LOW,2026-06-02,,true
4341,LOW,HIGH,LOW,2026-06-02,,true
4347,LOW,HIGH,LOW,2026-06-02,,true
4350,LOW,HIGH,LOW,2026-06-02,,true
4358,LOW,HIGH,LOW,2026-06-02,,true
4371,LOW,LOW,LOW,2026-06-02,,true
4373,LOW,LOW,LOW,2026-06-02,,true
4375,LOW,LOW,LOW,2026-06-02,,true
4376,LOW,LOW,LOW,2026-06-02,,true
4378,LOW,LOW,LOW,2026-06-02,,true
4381,LOW,LOW,LOW,2026-06-02,,true
4391,LOW,LOW,LOW,2026-06-02,,true
4400,LOW,LOW,LOW,2026-06-02,,true
4401,LOW,LOW,LOW,2026-06-02,,true
4406,LOW,LOW,LOW,2026-06-02,,true
4407,LOW,LOW,LOW,2026-06-02,,true
4409,LOW,LOW,LOW,2026-06-02,,true
4415,LOW,LOW,LOW,2026-06-02,,true
4417,LOW,LOW,LOW,2026-06-02,,true
4423,LOW,LOW,LOW,2026-06-02,,true
4431,LOW,LOW,LOW,2026-06-02,,true
4434,LOW,LOW,LOW,2026-06-02,,true
4436,LOW,LOW,LOW,2026-06-02,,true
4441,LOW,LOW,LOW,2026-06-02,,true
4442,LOW,LOW,LOW,2026-06-02,,true
4443,LOW,LOW,LOW,2026-06-02,,true
4446,LOW,LOW,LOW,2026-06-02,,true
4449,LOW,LOW,LOW,2026-06-02,,true
4451,LOW,LOW,LOW,2026-06-02,,true
4453,LOW,LOW,LOW,2026-06-02,,true
4454,LOW,LOW,LOW,2026-06-02,,true
4462,LOW,LOW,LOW,2026-06-02,,true
4465,LOW,LOW,LOW,2026-06-02,,true
4472,LOW,LOW,LOW,2026-06-02,,true
4473,LOW,LOW,LOW,2026-06-02,,true
4476,LOW,LOW,LOW,2026-06-02,,true
4477,LOW,LOW,LOW,2026-06-02,,true
4481,LOW,LOW,LOW,2026-06-02,,true
4486,LOW,LOW,LOW,2026-06-02,,true
4495,LOW,LOW,LOW,2026-06-02,,true
4500,LOW,LOW,LOW,2026-06-02,,true
4517,LOW,LOW,LOW,2026-06-02,,true
4518,LOW,LOW,LOW,2026-06-02,,true
4519,LOW,LOW,LOW,2026-06-02,,true
4523,LOW,LOW,LOW,2026-06-02,,true
4524,LOW,LOW,LOW,2026-06-02,,true
4528,LOW,LOW,LOW,2026-06-02,,true
4533,LOW,LOW,LOW,2026-06-02,,true
4535,LOW,LOW,LOW,2026-06-02,,true
4545,LOW,LOW,LOW,2026-06-02,,true
4558,LOW,HIGH,LOW,2026-06-02,,true
4561,LOW,HIGH,LOW,2026-06-02,,true
4562,LOW,HIGH,LOW,2026-06-02,,true
4565,LOW,HIGH,LOW,2026-06-02,,true
4566,LOW,HIGH,LOW,2026-06-02,,true
4567,LOW,HIGH,LOW,2026-06-02,,true
4571,LOW,HIGH,LOW,2026-06-02,,true
4572,LOW,HIGH,LOW,2026-06-02,,true
4575,LOW,HIGH,LOW,2026-06-02,,true
4584,LOW,HIGH,LOW,2026-06-02,,true
4588,LOW,HIGH,LOW,2026-06-02,,true
4601,LOW,HIGH,LOW,2026-06-02,,true
4602,LOW,HIGH,LOW,2026-06-02,,true
4604,LOW,HIGH,LOW,2026-06-02,,true
4606,LOW,HIGH,LOW,2026-06-02,,true
4609,LOW,HIGH,LOW,2026-06-02,,true
4613,LOW,HIGH,LOW,2026-06-02,,true
4623,LOW,LOW,LOW,2026-06-02,,true
4642,LOW,LOW,LOW,2026-06-02,,true
4643,LOW,LOW,LOW,2026-06-02,,true
4646,LOW,LOW,LOW,2026-06-02,,true
4647,LOW,LOW,LOW,2026-06-02,,true
4649,LOW,LOW,LOW,2026-06-02,,true
4651,LOW,LOW,LOW,2026-06-02,,true
4653,LOW,LOW,LOW,2026-06-02,,true
4657,LOW,LOW,LOW,2026-06-02,,true
4658,LOW,LOW,LOW,2026-06-02,,true
4661,LOW,LOW,LOW,2026-06-02,,true
4666,LOW,LOW,LOW,2026-06-02,,true
4668,LOW,LOW,LOW,2026-06-02,,true
4669,LOW,LOW,LOW,2026-06-02,,true
4672,LOW,LOW,LOW,2026-06-02,,true
4675,LOW,LOW,LOW,2026-06-02,,true
4676,LOW,LOW,LOW,2026-06-02,,true
4677,LOW,LOW,LOW,2026-06-02,,true
4678,LOW,LOW,LOW,2026-06-02,,true
4684,LOW,LOW,LOW,2026-06-02,,true
4686,LOW,LOW,LOW,2026-06-02,,true
4688,LOW,LOW,LOW,2026-06-02,,true
4689,LOW,LOW,LOW,2026-06-02,,true
4693,LOW,LOW,LOW,2026-06-02,,true
4694,LOW,LOW,LOW,2026-06-02,,true
4699,LOW,LOW,LOW,2026-06-02,,true
4709,LOW,LOW,LOW,2026-06-02,,true
4717,LOW,LOW,LOW,2026-06-02,,true
4719,LOW,LOW,LOW,2026-06-02,,true
4723,LOW,LOW,LOW,2026-06-02,,true
4725,LOW,LOW,LOW,2026-06-02,,true
4726,LOW,LOW,LOW,2026-06-02,,true
4729,LOW,LOW,LOW,2026-06-02,,true
4746,LOW,LOW,LOW,2026-06-02,,true
4747,LOW,LOW,LOW,2026-06-02,,true
4749,LOW,LOW,LOW,2026-06-02,,true
4753,LOW,LOW,LOW,2026-06-02,,true
4754,LOW,LOW,LOW,2026-06-02,,true
4760,LOW,LOW,LOW,2026-06-02,,true
4772,LOW,LOW,LOW,2026-06-02,,true
4774,LOW,LOW,LOW,2026-06-02,,true
4783,LOW,LOW,LOW,2026-06-02,,true
4787,LOW,LOW,LOW,2026-06-02,,true
4788,LOW,LOW,LOW,2026-06-02,,true
4796,LOW,LOW,LOW,2026-06-02,,true
4804,LOW,LOW,LOW,2026-06-02,,true
4813,LOW,LOW,LOW,2026-06-02,,true
4815,LOW,LOW,LOW,2026-06-02,,true
4816,LOW,LOW,LOW,2026-06-02,,true
4817,LOW,LOW,LOW,2026-06-02,,true
4819,LOW,LOW,LOW,2026-06-02,,true
4823,LOW,LOW,LOW,2026-06-02,,true
4833,LOW,LOW,LOW,2026-06-02,,true
4834,LOW,LOW,LOW,2026-06-02,,true
4848,LOW,HIGH,LOW,2026-06-02,,true
4851,LOW,HIGH,LOW,2026-06-02,,true
4862,LOW,HIGH,LOW,2026-06-02,,true
4863,LOW,HIGH,LOW,2026-06-02,,true
4868,LOW,HIGH,LOW,2026-06-02,,true
4869,LOW,HIGH,LOW,2026-06-02,,true
4870,LOW,HIGH,LOW,2026-06-02,,true
4877,LOW,HIGH,LOW,2026-06-02,,true
4878,LOW,HIGH,LOW,2026-06-02,,true
4880,LOW,HIGH,LOW,2026-06-02,,true
4886,LOW,HIGH,LOW,2026-06-02,,true
4897,LOW,HIGH,LOW,2026-06-02,,true
4898,LOW,HIGH,LOW,2026-06-02,,true
4900,LOW,HIGH,LOW,2026-06-02,,true
4908,LOW,LOW,LOW,2026-06-02,,true
4909,LOW,LOW,LOW,2026-06-02,,true
4910,LOW,LOW,LOW,2026-06-02,,true
4913,LOW,LOW,LOW,2026-06-02,,true
4914,LOW,LOW,LOW,2026-06-02,,true
4915,LOW,LOW,LOW,2026-06-02,,true
4920,LOW,LOW,LOW,2026-06-02,,true
4937,LOW,LOW,LOW,2026-06-02,,true
4938,LOW,LOW,LOW,2026-06-02,,true
4941,LOW,LOW,LOW,2026-06-02,,true
4942,LOW,LOW,LOW,2026-06-02,,true
4945,LOW,LOW,LOW,2026-06-02,,true
4946,LOW,LOW,LOW,2026-06-02,,true
4956,LOW,LOW,LOW,2026-06-02,,true
4967,LOW,HIGH,LOW,2026-06-02,,true
4969,LOW,HIGH,LOW,2026-06-02,,true
4971,LOW,HIGH,LOW,2026-06-02,,true
4979,LOW,HIGH,LOW,2026-06-02,,true
4986,LOW,HIGH,LOW,2026-06-02,,true
4996,LOW,HIGH,LOW,2026-06-02,,true
4997,LOW,HIGH,LOW,2026-06-02,,true
4998,LOW,HIGH,LOW,2026-06-02,,true
4999,LOW,HIGH,LOW,2026-06-02,,true
5010,LOW,HIGH,LOW,2026-06-02,,true
5012,LOW,HIGH,LOW,2026-06-02,,true
5013,LOW,HIGH,LOW,2026-06-02,,true
5015,LOW,HIGH,LOW,2026-06-02,,true
5017,LOW,HIGH,LOW,2026-06-02,,true
5032,LOW,LOW,LOW,2026-06-02,,true
5037,LOW,LOW,LOW,2026-06-02,,true
5048,LOW,LOW,LOW,2026-06-02,,true
5052,LOW,LOW,LOW,2026-06-02,,true
5055,LOW,LOW,LOW,2026-06-02,,true
5057,LOW,LOW,LOW,2026-06-02,,true
5066,LOW,LOW,LOW,2026-06-02,,true
5069,LOW,LOW,LOW,2026-06-02,,true
5070,LOW,LOW,LOW,2026-06-02,,true
5071,LOW,LOW,LOW,2026-06-02,,true
5072,LOW,LOW,LOW,2026-06-02,,true
5073,LOW,LOW,LOW,2026-06-02,,true
5080,LOW,LOW,LOW,2026-06-02,,true
5082,LOW,LOW,LOW,2026-06-02,,true
5086,LOW,LOW,LOW,2026-06-02,,true
5087,LOW,LOW,LOW,2026-06-02,,true
5088,LOW,LOW,LOW,2026-06-02,,true
5096,LOW,LOW,LOW,2026-06-02,,true
5097,LOW,LOW,LOW,2026-06-02,,true
5100,LOW,LOW,LOW,2026-06-02,,true
5105,LOW,LOW,LOW,2026-06-02,,true
5107,LOW,LOW,LOW,2026-06-02,,true
5109,LOW,LOW,LOW,2026-06-02,,true
5112,LOW,LOW,LOW,2026-06-02,,true
5114,LOW,LOW,LOW,2026-06-02,,true
5115,LOW,LOW,LOW,2026-06-02,,true
5123,LOW,LOW,LOW,2026-06-02,,true
5127,LOW,LOW,LOW,2026-06-02,,true
5128,LOW,LOW,LOW,2026-06-02,,true
5134,LOW,LOW,LOW,2026-06-02,,true
5135,LOW,LOW,LOW,2026-06-02,,true
5136,LOW,LOW,LOW,2026-06-02,,true
5141,LOW,LOW,LOW,2026-06-02,,true
5142,LOW,LOW,LOW,2026-06-02,,true
5145,LOW,LOW,LOW,2026-06-02,,true
5146,LOW,LOW,LOW,2026-06-02,,true
5148,LOW,LOW,LOW,2026-06-02,,true
5154,LOW,LOW,LOW,2026-06-02,,true
5160,LOW,LOW,LOW,2026-06-02,,true
5164,LOW,LOW,LOW,2026-06-02,,true
5166,LOW,HIGH,LOW,2026-06-02,,true
5175,LOW,HIGH,LOW,2026-06-02,,true
5181,LOW,HIGH,LOW,2026-06-02,,true
5183,LOW,HIGH,LOW,2026-06-02,,true
5187,LOW,HIGH,LOW,2026-06-02,,true
5192,LOW,HIGH,LOW,2026-06-02,,true
5194,LOW,HIGH,LOW,2026-06-02,,true
5197,LOW,HIGH,LOW,2026-06-02,,true
5204,LOW,HIGH,LOW,2026-06-02,,true
5211,LOW,LOW,LOW,2026-06-02,,true
5212,LOW,LOW,LOW,2026-06-02,,true
5220,LOW,LOW,LOW,2026-06-02,,true
5221,LOW,LOW,LOW,2026-06-02,,true
5222,LOW,LOW,LOW,2026-06-02,,true
5223,LOW,LOW,LOW,2026-06-02,,true
5226,LOW,LOW,LOW,2026-06-02,,true
5228,LOW,LOW,LOW,2026-06-02,,true
5234,LOW,LOW,LOW,2026-06-02,,true
5239,LOW,LOW,LOW,2026-06-02,,true
5248,LOW,LOW,LOW,2026-06-02,,true
5251,LOW,LOW,LOW,2026-06-02,,true
5252,LOW,LOW,LOW,2026-06-02,,true
5255,LOW,LOW,LOW,2026-06-02,,true
5256,LOW,LOW,LOW,2026-06-02,,true
5263,LOW,LOW,LOW,2026-06-02,,true
5265,LOW,LOW,LOW,2026-06-02,,true
5266,LOW,LOW,LOW,2026-06-02,,true
5268,LOW,LOW,LOW,2026-06-02,,true
5288,LOW,LOW,LOW,2026-06-02,,true
5291,LOW,LOW,LOW,2026-06-02,,true
5293,LOW,LOW,LOW,2026-06-02,,true
5294,LOW,LOW,LOW,2026-06-02,,true
5296,LOW,LOW,LOW,2026-06-02,,true
5300,LOW,LOW,LOW,2026-06-02,,true
5301,LOW,LOW,LOW,2026-06-02,,true
5303,LOW,LOW,LOW,2026-06-02,,true
5308,LOW,LOW,LOW,2026-06-02,,true
5315,LOW,LOW,LOW,2026-06-02,,true
5316,LOW,LOW,LOW,2026-06-02,,true
5328,LOW,LOW,LOW,2026-06-02,,true
5331,LOW,LOW,LOW,2026-06-02,,true
5332,LOW,LOW,LOW,2026-06-02,,true
5338,LOW,LOW,LOW,2026-06-02,,true
5339,LOW,LOW,LOW,2026-06-02,,true
5340,LOW,LOW,LOW,2026-06-02,,true
5347,LOW,LOW,LOW,2026-06-02,,true
5348,LOW,LOW,LOW,2026-06-02,,true
5352,LOW,LOW,LOW,2026-06-02,,true
5354,LOW,LOW,LOW,2026-06-02,,true
5361,LOW,LOW,LOW,2026-06-02,,true
5364,LOW,LOW,LOW,2026-06-02,,true
5369,LOW,LOW,LOW,2026-06-02,,true
5371,LOW,LOW,LOW,2026-06-02,,true
5376,LOW,LOW,LOW,2026-06-02,,true
5383,LOW,LOW,LOW,2026-06-02,,true
5384,LOW,LOW,LOW,2026-06-02,,true
5385,LOW,LOW,LOW,2026-06-02,,true
5388,LOW,LOW,LOW,2026-06-02,,true
5389,LOW,LOW,LOW,2026-06-02,,true
5392,LOW,LOW,LOW,2026-06-02,,true
5396,LOW,LOW,LOW,2026-06-02,,true
5397,LOW,LOW,LOW,2026-06-02,,true
5399,LOW,LOW,LOW,2026-06-02,,true
5401,LOW,LOW,LOW,2026-06-02,,true
5402,LOW,LOW,LOW,2026-06-02,,true
5404,LOW,LOW,LOW,2026-06-02,,true
5407,LOW,LOW,LOW,2026-06-02,,true
5410,LOW,LOW,LOW,2026-06-02,,true
5411,LOW,LOW,LOW,2026-06-02,,true
5415,LOW,LOW,LOW,2026-06-02,,true
5416,LOW,LOW,LOW,2026-06-02,,true
5417,LOW,LOW,LOW,2026-06-02,,true
5437,LOW,LOW,LOW,2026-06-02,,true
5438,LOW,LOW,LOW,2026-06-02,,true
5439,LOW,LOW,LOW,2026-06-02,,true
5445,LOW,LOW,LOW,2026-06-02,,true
5447,LOW,LOW,LOW,2026-06-02,,true
5450,LOW,LOW,LOW,2026-06-02,,true
5451,LOW,LOW,LOW,2026-06-02,,true
5453,LOW,LOW,LOW,2026-06-02,,true
5465,LOW,LOW,LOW,2026-06-02,,true
5468,LOW,LOW,LOW,2026-06-02,,true
5476,LOW,LOW,LOW,2026-06-02,,true
5478,LOW,LOW,LOW,2026-06-02,,true
5483,LOW,LOW,LOW,2026-06-02,,true
5485,LOW,LOW,LOW,2026-06-02,,true
5494,LOW,LOW,LOW,2026-06-02,,true
5505,LOW,LOW,LOW,2026-06-02,,true
5507,LOW,LOW,LOW,2026-06-02,,true
5511,LOW,HIGH,LOW,2026-06-02,,true
5515,LOW,HIGH,LOW,2026-06-02,,true
5518,LOW,HIGH,LOW,2026-06-02,,true
5519,LOW,HIGH,LOW,2026-06-02,,true
5524,LOW,HIGH,LOW,2026-06-02,,true
5533,LOW,HIGH,LOW,2026-06-02,,true
5536,LOW,HIGH,LOW,2026-06-02,,true
5538,LOW,HIGH,LOW,2026-06-02,,true
5541,LOW,HIGH,LOW,2026-06-02,,true
5546,LOW,HIGH,LOW,2026-06-02,,true
5548,LOW,HIGH,LOW,2026-06-02,,true
5554,LOW,HIGH,LOW,2026-06-02,,true
5558,LOW,HIGH,LOW,2026-06-02,,true
5561,LOW,HIGH,LOW,2026-06-02,,true
5562,LOW,HIGH,LOW,2026-06-02,,true
5565,LOW,HIGH,HIGH,2026-06-02,,true
5566,LOW,HIGH,HIGH,2026-06-02,,true
5571,LOW,LOW,LOW,2026-06-02,,true
5578,LOW,LOW,LOW,2026-06-02,,true
5589,LOW,LOW,LOW,2026-06-02,,true
5591,LOW,LOW,LOW,2026-06-02,,true
5597,LOW,LOW,LOW,2026-06-02,,true
5601,LOW,LOW,LOW,2026-06-02,,true
5602,LOW,LOW,LOW,2026-06-02,,true
5607,LOW,LOW,LOW,2026-06-02,,true
5608,LOW,LOW,LOW,2026-06-02,,true
5614,LOW,LOW,LOW,2026-06-02,,true
5625,LOW,LOW,LOW,2026-06-02,,true
5628,LOW,LOW,LOW,2026-06-02,,true
5629,LOW,LOW,LOW,2026-06-02,,true
5630,LOW,LOW,LOW,2026-06-02,,true
5632,LOW,LOW,LOW,2026-06-02,,true
5634,LOW,LOW,LOW,2026-06-02,,true
5637,LOW,HIGH,LOW,2026-06-02,,true
5643,LOW,HIGH,LOW,2026-06-02,,true
5646,LOW,HIGH,LOW,2026-06-02,,true
5648,LOW,HIGH,LOW,2026-06-02,,true
5651,LOW,HIGH,LOW,2026-06-02,,true
5656,LOW,HIGH,LOW,2026-06-02,,true
5657,LOW,HIGH,LOW,2026-06-02,,true
5659,LOW,HIGH,LOW,2026-06-02,,true
5660,LOW,HIGH,LOW,2026-06-02,,true
5664,LOW,HIGH,LOW,2026-06-02,,true
5667,LOW,HIGH,LOW,2026-06-02,,true
5671,LOW,HIGH,LOW,2026-06-02,,true
5674,LOW,HIGH,LOW,2026-06-02,,true
5684,LOW,HIGH,LOW,2026-06-02,,true
5690,LOW,HIGH,LOW,2026-06-02,,true
5692,LOW,HIGH,LOW,2026-06-02,,true
5704,LOW,LOW,LOW,2026-06-02,,true
5707,LOW,LOW,LOW,2026-06-02,,true
5710,LOW,LOW,LOW,2026-06-02,,true
5711,LOW,LOW,LOW,2026-06-02,,true
5719,LOW,LOW,LOW,2026-06-02,,true
5732,LOW,LOW,LOW,2026-06-02,,true
5734,LOW,LOW,LOW,2026-06-02,,true
5737,LOW,LOW,LOW,2026-06-02,,true
5743,LOW,LOW,LOW,2026-06-02,,true
5746,LOW,LOW,LOW,2026-06-02,,true
5749,LOW,LOW,LOW,2026-06-02,,true
5754,LOW,LOW,LOW,2026-06-02,,true
5763,LOW,LOW,LOW,2026-06-02,,true
5764,LOW,LOW,LOW,2026-06-02,,true
5772,LOW,LOW,LOW,2026-06-02,,true
5784,LOW,LOW,LOW,2026-06-02,,true
5791,LOW,LOW,LOW,2026-06-02,,true
5794,LOW,LOW,LOW,2026-06-02,,true
5799,LOW,LOW,LOW,2026-06-02,,true
5801,LOW,LOW,LOW,2026-06-02,,true
5802,LOW,LOW,LOW,2026-06-02,,true
5806,LOW,LOW,LOW,2026-06-02,,true
5807,LOW,LOW,LOW,2026-06-02,,true
5810,LOW,LOW,LOW,2026-06-02,,true
5817,LOW,LOW,LOW,2026-06-02,,true
5819,LOW,LOW,LOW,2026-06-02,,true
5826,LOW,LOW,LOW,2026-06-02,,true
5832,LOW,LOW,LOW,2026-06-02,,true
5835,LOW,LOW,LOW,2026-06-02,,true
5839,LOW,LOW,LOW,2026-06-02,,true
5848,LOW,LOW,LOW,2026-06-02,,true
5851,LOW,LOW,LOW,2026-06-02,,true
5854,LOW,LOW,LOW,2026-06-02,,true
5864,LOW,LOW,LOW,2026-06-02,,true
5866,LOW,LOW,LOW,2026-06-02,,true
5868,LOW,LOW,LOW,2026-06-02,,true
5872,LOW,LOW,LOW,2026-06-02,,true
5874,LOW,LOW,LOW,2026-06-02,,true
5882,LOW,LOW,LOW,2026-06-02,,true
5883,LOW,LOW,LOW,2026-06-02,,true
5890,LOW,LOW,LOW,2026-06-02,,true
5895,LOW,LOW,LOW,2026-06-02,,true
5902,LOW,LOW,LOW,2026-06-02,,true
5904,LOW,LOW,LOW,2026-06-02,,true
5908,LOW,LOW,LOW,2026-06-02,,true
5910,LOW,LOW,LOW,2026-06-02,,true
5911,LOW,LOW,LOW,2026-06-02,,true
5928,LOW,LOW,LOW,2026-06-02,,true
5931,LOW,LOW,LOW,2026-06-02,,true
5935,LOW,LOW,LOW,2026-06-02,,true
5939,LOW,LOW,LOW,2026-06-02,,true
5942,LOW,LOW,LOW,2026-06-02,,true
5943,LOW,LOW,LOW,2026-06-02,,true
5947,LOW,LOW,LOW,2026-06-02,,true
5950,LOW,LOW,LOW,2026-06-02,,true
5953,LOW,LOW,LOW,2026-06-02,,true
5954,LOW,LOW,LOW,2026-06-02,,true
5961,LOW,LOW,LOW,2026-06-02,,true
5962,LOW,LOW,LOW,2026-06-02,,true
5974,LOW,LOW,LOW,2026-06-02,,true
5979,LOW,LOW,LOW,2026-06-02,,true
5982,LOW,LOW,LOW,2026-06-02,,true
5985,LOW,LOW,LOW,2026-06-02,,true
5989,LOW,LOW,LOW,2026-06-02,,true
5991,LOW,LOW,LOW,2026-06-02,,true
5993,LOW,LOW,LOW,2026-06-02,,true
5998,LOW,LOW,LOW,2026-06-02,,true
6004,LOW,LOW,LOW,2026-06-02,,true
6016,LOW,LOW,LOW,2026-06-02,,true
6018,LOW,LOW,LOW,2026-06-02,,true
6019,LOW,LOW,LOW,2026-06-02,,true
6027,LOW,LOW,LOW,2026-06-02,,true
6032,LOW,LOW,LOW,2026-06-02,,true
6034,LOW,LOW,LOW,2026-06-02,,true
6035,LOW,LOW,LOW,2026-06-02,,true
6041,LOW,LOW,LOW,2026-06-02,,true
6045,LOW,LOW,LOW,2026-06-02,,true
6047,LOW,LOW,LOW,2026-06-02,,true
6049,LOW,LOW,LOW,2026-06-02,,true
6064,LOW,HIGH,LOW,2026-06-02,,true
6066,LOW,HIGH,LOW,2026-06-02,,true
6069,LOW,HIGH,LOW,2026-06-02,,true
6074,LOW,HIGH,LOW,2026-06-02,,true
6075,LOW,HIGH,LOW,2026-06-02,,true
6077,LOW,HIGH,LOW,2026-06-02,,true
6079,LOW,HIGH,LOW,2026-06-02,,true
6080,LOW,HIGH,LOW,2026-06-02,,true
6081,LOW,HIGH,LOW,2026-06-02,,true
6082,LOW,HIGH,LOW,2026-06-02,,true
6084,LOW,HIGH,LOW,2026-06-02,,true
6085,LOW,HIGH,LOW,2026-06-02,,true
6087,LOW,HIGH,LOW,2026-06-02,,true
6089,LOW,HIGH,LOW,2026-06-02,,true
6093,LOW,HIGH,LOW,2026-06-02,,true
6094,LOW,HIGH,LOW,2026-06-02,,true
6096,LOW,HIGH,LOW,2026-06-02,,true
6099,LOW,HIGH,LOW,2026-06-02,,true
6101,LOW,HIGH,LOW,2026-06-02,,true
6103,LOW,HIGH,LOW,2026-06-02,,true
6108,LOW,HIGH,LOW,2026-06-02,,true
6112,LOW,HIGH,LOW,2026-06-02,,true
6115,LOW,LOW,LOW,2026-06-02,,true
6120,LOW,LOW,LOW,2026-06-02,,true
6121,LOW,LOW,LOW,2026-06-02,,true
6129,LOW,LOW,LOW,2026-06-02,,true
6131,LOW,LOW,LOW,2026-06-02,,true
6133,LOW,LOW,LOW,2026-06-02,,true
6141,LOW,LOW,LOW,2026-06-02,,true
6153,LOW,LOW,LOW,2026-06-02,,true
6154,LOW,LOW,LOW,2026-06-02,,true
6157,LOW,LOW,LOW,2026-06-02,,true
6159,LOW,LOW,LOW,2026-06-02,,true
6163,LOW,LOW,LOW,2026-06-02,,true
6164,LOW,LOW,LOW,2026-06-02,,true
6167,LOW,LOW,LOW,2026-06-02,,true
6170,LOW,LOW,LOW,2026-06-02,,true
6171,LOW,LOW,LOW,2026-06-02,,true
6174,LOW,LOW,LOW,2026-06-02,,true
6178,LOW,LOW,LOW,2026-06-02,,true
6189,LOW,LOW,LOW,2026-06-02,,true
6190,LOW,LOW,LOW,2026-06-02,,true
6191,LOW,LOW,LOW,2026-06-02,,true
6193,LOW,LOW,LOW,2026-06-02,,true
6194,LOW,LOW,LOW,2026-06-02,,true
6205,LOW,LOW,LOW,2026-06-02,,true
6207,LOW,LOW,LOW,2026-06-02,,true
6212,LOW,LOW,LOW,2026-06-02,,true
6213,LOW,LOW,LOW,2026-06-02,,true
6218,LOW,LOW,LOW,2026-06-02,,true
6222,LOW,LOW,LOW,2026-06-02,,true
6225,LOW,LOW,LOW,2026-06-02,,true
6238,LOW,LOW,LOW,2026-06-02,,true
6240,LOW,LOW,LOW,2026-06-02,,true
6245,LOW,LOW,LOW,2026-06-02,,true
6246,LOW,LOW,LOW,2026-06-02,,true
6250,LOW,LOW,LOW,2026-06-02,,true
6256,LOW,LOW,LOW,2026-06-02,,true
6267,LOW,LOW,LOW,2026-06-02,,true
6270,LOW,LOW,LOW,2026-06-02,,true
6272,LOW,LOW,LOW,2026-06-02,,true
6275,LOW,LOW,LOW,2026-06-02,,true
6283,LOW,LOW,LOW,2026-06-02,,true
6287,LOW,LOW,LOW,2026-06-02,,true
6291,LOW,LOW,LOW,2026-06-02,,true
6295,LOW,LOW,LOW,2026-06-02,,true
6296,LOW,LOW,LOW,2026-06-02,,true
6299,LOW,LOW,LOW,2026-06-02,,true
6300,LOW,LOW,LOW,2026-06-02,,true
6303,LOW,LOW,LOW,2026-06-02,,true
6304,LOW,LOW,LOW,2026-06-02,,true
6325,LOW,LOW,LOW,2026-06-02,,true
6330,LOW,LOW,LOW,2026-06-02,,true
6333,LOW,LOW,LOW,2026-06-02,,true
6338,LOW,LOW,LOW,2026-06-02,,true
6345,LOW,LOW,LOW,2026-06-02,,true
6354,LOW,HIGH,LOW,2026-06-02,,true
6356,LOW,HIGH,LOW,2026-06-02,,true
6371,LOW,HIGH,LOW,2026-06-02,,true
6373,LOW,HIGH,LOW,2026-06-02,,true
6379,LOW,HIGH,LOW,2026-06-02,,true
6381,LOW,HIGH,LOW,2026-06-02,,true
6384,LOW,HIGH,LOW,2026-06-02,,true
6387,LOW,HIGH,LOW,2026-06-02,,true
6390,LOW,HIGH,LOW,2026-06-02,,true
6394,LOW,HIGH,LOW,2026-06-02,,true
6398,LOW,HIGH,LOW,2026-06-02,,true
6402,LOW,HIGH,LOW,2026-06-02,,true
6405,LOW,HIGH,LOW,2026-06-02,,true
6413,LOW,LOW,LOW,2026-06-02,,true
6418,LOW,LOW,LOW,2026-06-02,,true
6425,LOW,LOW,LOW,2026-06-02,,true
6432,LOW,LOW,LOW,2026-06-02,,true
6435,LOW,LOW,LOW,2026-06-02,,true
6436,LOW,LOW,LOW,2026-06-02,,true
6438,LOW,LOW,LOW,2026-06-02,,true
6439,LOW,LOW,LOW,2026-06-02,,true
6442,LOW,LOW,LOW,2026-06-02,,true
6447,LOW,LOW,LOW,2026-06-02,,true
6456,LOW,LOW,LOW,2026-06-02,,true
6457,LOW,LOW,LOW,2026-06-02,,true
6460,LOW,LOW,LOW,2026-06-02,,true
6464,LOW,LOW,LOW,2026-06-02,,true
6474,LOW,LOW,LOW,2026-06-02,,true
6500,LOW,LOW,LOW,2026-06-02,,true
6506,LOW,LOW,LOW,2026-06-02,,true
6507,LOW,LOW,LOW,2026-06-02,,true
6510,LOW,LOW,LOW,2026-06-02,,true
6511,LOW,LOW,LOW,2026-06-02,,true
6514,LOW,LOW,LOW,2026-06-02,,true
6520,LOW,LOW,LOW,2026-06-02,,true
6521,LOW,LOW,LOW,2026-06-02,,true
6528,LOW,LOW,LOW,2026-06-02,,true
6530,LOW,LOW,LOW,2026-06-02,,true
6537,LOW,LOW,LOW,2026-06-02,,true
6544,LOW,LOW,LOW,2026-06-02,,true
6558,LOW,LOW,LOW,2026-06-02,,true
6562,LOW,LOW,LOW,2026-06-02,,true
6567,LOW,LOW,LOW,2026-06-02,,true
6569,LOW,LOW,LOW,2026-06-02,,true
6576,LOW,LOW,LOW,2026-06-02,,true
6582,LOW,LOW,LOW,2026-06-02,,true
6585,LOW,LOW,LOW,2026-06-02,,true
6590,LOW,LOW,LOW,2026-06-02,,true
6597,LOW,LOW,LOW,2026-06-02,,true
6606,LOW,LOW,LOW,2026-06-02,,true
6609,LOW,LOW,LOW,2026-06-02,,true
6614,LOW,LOW,LOW,2026-06-02,,true
6615,LOW,LOW,LOW,2026-06-02,,true
6625,LOW,LOW,LOW,2026-06-02,,true
6626,LOW,LOW,LOW,2026-06-02,,true
6628,LOW,LOW,LOW,2026-06-02,,true
6629,LOW,LOW,LOW,2026-06-02,,true
6630,LOW,LOW,LOW,2026-06-02,,true
6632,LOW,LOW,LOW,2026-06-02,,true
6634,LOW,LOW,LOW,2026-06-02,,true
6646,LOW,LOW,LOW,2026-06-02,,true
6647,LOW,LOW,LOW,2026-06-02,,true
6650,LOW,LOW,LOW,2026-06-02,,true
6660,LOW,LOW,LOW,2026-06-02,,true
6663,LOW,LOW,LOW,2026-06-02,,true
6665,LOW,LOW,LOW,2026-06-02,,true
6672,LOW,LOW,LOW,2026-06-02,,true
6674,LOW,LOW,LOW,2026-06-02,,true
6678,LOW,LOW,LOW,2026-06-02,,true
6686,LOW,LOW,LOW,2026-06-02,,true
6687,LOW,LOW,LOW,2026-06-02,,true
6689,LOW,LOW,LOW,2026-06-02,,true
6690,LOW,LOW,LOW,2026-06-02,,true
6693,LOW,LOW,LOW,2026-06-02,,true
6714,LOW,LOW,LOW,2026-06-02,,true
6719,LOW,LOW,LOW,2026-06-02,,true
6724,LOW,LOW,LOW,2026-06-02,,true
6727,LOW,LOW,LOW,2026-06-02,,true
6731,LOW,LOW,LOW,2026-06-02,,true
6736,LOW,LOW,LOW,2026-06-02,,true
6742,LOW,LOW,LOW,2026-06-02,,true
6744,LOW,LOW,LOW,2026-06-02,,true
6745,LOW,LOW,LOW,2026-06-02,,true
6750,LOW,LOW,LOW,2026-06-02,,true
6754,LOW,LOW,LOW,2026-06-02,,true
6757,LOW,LOW,LOW,2026-06-02,,true
6763,LOW,LOW,LOW,2026-06-02,,true
6764,LOW,LOW,LOW,2026-06-02,,true
6766,LOW,LOW,LOW,2026-06-02,,true
6770,LOW,LOW,LOW,2026-06-02,,true
6772,LOW,LOW,LOW,2026-06-02,,true
6774,LOW,LOW,LOW,2026-06-02,,true
6775,LOW,LOW,LOW,2026-06-02,,true
6779,LOW,LOW,LOW,2026-06-02,,true
6782,LOW,LOW,LOW,2026-06-02,,true
6786,LOW,LOW,LOW,2026-06-02,,true
6788,LOW,LOW,LOW,2026-06-02,,true
6800,LOW,LOW,LOW,2026-06-02,,true
6803,LOW,LOW,LOW,2026-06-02,,true
6806,LOW,LOW,LOW,2026-06-02,,true
6811,LOW,LOW,LOW,2026-06-02,,true
6812,LOW,LOW,LOW,2026-06-02,,true
6819,LOW,LOW,LOW,2026-06-02,,true
6823,LOW,LOW,LOW,2026-06-02,,true
6824,LOW,LOW,LOW,2026-06-02,,true
6826,LOW,LOW,LOW,2026-06-02,,true
6830,LOW,LOW,LOW,2026-06-02,,true
6836,LOW,LOW,LOW,2026-06-02,,true
6838,LOW,LOW,LOW,2026-06-02,,true
6840,LOW,LOW,LOW,2026-06-02,,true
6844,LOW,LOW,LOW,2026-06-02,,true
6848,LOW,LOW,LOW,2026-06-02,,true
6857,LOW,LOW,LOW,2026-06-02,,true
6865,LOW,LOW,LOW,2026-06-02,,true
6868,LOW,LOW,LOW,2026-06-02,,true
6869,LOW,LOW,LOW,2026-06-02,,true
6874,LOW,LOW,LOW,2026-06-02,,true
6883,LOW,LOW,LOW,2026-06-02,,true
6885,LOW,LOW,LOW,2026-06-02,,true
6888,LOW,LOW,LOW,2026-06-02,,true
6891,LOW,LOW,LOW,2026-06-02,,true
6893,LOW,LOW,LOW,2026-06-02,,true
6896,LOW,LOW,LOW,2026-06-02,,true
6899,LOW,LOW,LOW,2026-06-02,,true
6901,LOW,LOW,LOW,2026-06-02,,true
6903,LOW,LOW,LOW,2026-06-02,,true
6904,LOW,LOW,LOW,2026-06-02,,true
6906,LOW,LOW,LOW,2026-06-02,,true
6909,LOW,LOW,LOW,2026-06-02,,true
6918,LOW,LOW,LOW,2026-06-02,,true
6919,LOW,LOW,LOW,2026-06-02,,true
6929,LOW,LOW,LOW,2026-06-02,,true
6930,LOW,LOW,LOW,2026-06-02,,true
6935,LOW,LOW,LOW,2026-06-02,,true
6936,LOW,LOW,LOW,2026-06-02,,true
6943,LOW,LOW,LOW,2026-06-02,,true
6946,LOW,LOW,LOW,2026-06-02,,true
6947,LOW,LOW,LOW,2026-06-02,,true
6949,LOW,LOW,LOW,2026-06-02,,true
6953,LOW,LOW,LOW,2026-06-02,,true
6955,LOW,LOW,LOW,2026-06-02,,true
6956,LOW,LOW,LOW,2026-06-02,,true
6959,LOW,LOW,LOW,2026-06-02,,true
6961,LOW,LOW,LOW,2026-06-02,,true
6962,LOW,LOW,LOW,2026-06-02,,true
6965,LOW,LOW,LOW,2026-06-02,,true
6966,LOW,LOW,LOW,2026-06-02,,true
6985,LOW,LOW,LOW,2026-06-02,,true
6986,LOW,LOW,LOW,2026-06-02,,true
6988,LOW,LOW,LOW,2026-06-02,,true
6989,LOW,LOW,LOW,2026-06-02,,true
6994,LOW,LOW,LOW,2026-06-02,,true
6997,LOW,LOW,LOW,2026-06-02,,true
7004,LOW,LOW,LOW,2026-06-02,,true
7007,LOW,LOW,LOW,2026-06-02,,true
7009,LOW,LOW,LOW,2026-06-02,,true
7017,LOW,LOW,LOW,2026-06-02,,true
7019,LOW,LOW,LOW,2026-06-02,,true
7022,LOW,LOW,LOW,2026-06-02,,true
7028,LOW,LOW,LOW,2026-06-02,,true
7029,LOW,LOW,LOW,2026-06-02,,true
7030,LOW,LOW,LOW,2026-06-02,,true
7031,LOW,LOW,LOW,2026-06-02,,true
7032,LOW,LOW,LOW,2026-06-02,,true
7034,LOW,LOW,LOW,2026-06-02,,true
7037,LOW,HIGH,LOW,2026-06-02,,true
7041,LOW,HIGH,LOW,2026-06-02,,true
7042,LOW,HIGH,LOW,2026-06-02,,true
7052,LOW,HIGH,LOW,2026-06-02,,true
7060,LOW,HIGH,LOW,2026-06-02,,true
7063,LOW,HIGH,LOW,2026-06-02,,true
7064,LOW,HIGH,LOW,2026-06-02,,true
7071,LOW,HIGH,LOW,2026-06-02,,true
7078,LOW,HIGH,LOW,2026-06-02,,true
7079,LOW,HIGH,LOW,2026-06-02,,true
7080,LOW,HIGH,LOW,2026-06-02,,true
7081,LOW,HIGH,LOW,2026-06-02,,true
7083,LOW,HIGH,LOW,2026-06-02,,true
7086,LOW,HIGH,LOW,2026-06-02,,true
7087,LOW,HIGH,LOW,2026-06-02,,true
7093,LOW,HIGH,LOW,2026-06-02,,true
7101,LOW,LOW,LOW,2026-06-02,,true
7103,LOW,LOW,LOW,2026-06-02,,true
7104,LOW,LOW,LOW,2026-06-02,,true
7107,LOW,LOW,LOW,2026-06-02,,true
7114,LOW,LOW,LOW,2026-06-02,,true
7118,LOW,LOW,LOW,2026-06-02,,true
7119,LOW,LOW,LOW,2026-06-02,,true
7124,LOW,LOW,LOW,2026-06-02,,true
7133,LOW,LOW,LOW,2026-06-02,,true
7142,LOW,LOW,LOW,2026-06-02,,true
7147,LOW,LOW,LOW,2026-06-02,,true
7163,LOW,HIGH,LOW,2026-06-02,,true
7165,LOW,HIGH,LOW,2026-06-02,,true
7174,LOW,HIGH,LOW,2026-06-02,,true
7176,LOW,HIGH,LOW,2026-06-02,,true
7184,LOW,HIGH,LOW,2026-06-02,,true
7186,LOW,HIGH,LOW,2026-06-02,,true
7189,LOW,HIGH,LOW,2026-06-02,,true
7194,LOW,HIGH,LOW,2026-06-02,,true
7197,LOW,HIGH,LOW,2026-06-02,,true
7200,LOW,HIGH,LOW,2026-06-02,,true
7221,LOW,LOW,LOW,2026-06-02,,true
7223,LOW,HIGH,LOW,2026-06-02,,true
7233,LOW,HIGH,LOW,2026-06-02,,true
7236,HIGH,LOW,HIGH,2026-06-02,,true
7239,HIGH,LOW,HIGH,2026-06-02,,true
7242,HIGH,LOW,HIGH,2026-06-02,,true
7248,HIGH,LOW,HIGH,2026-06-02,,true
7251,HIGH,LOW,HIGH,2026-06-02,,true
7254,HIGH,LOW,HIGH,2026-06-02,,true
7257,HIGH,LOW,HIGH,2026-06-02,,true
7258,HIGH,LOW,HIGH,2026-06-02,,true
7265,HIGH,LOW,HIGH,2026-06-02,,true
7282,LOW,LOW,LOW,2026-06-02,,true
7287,LOW,LOW,LOW,2026-06-02,,true
7289,LOW,LOW,LOW,2026-06-02,,true
7292,LOW,LOW,LOW,2026-06-02,,true
7296,LOW,LOW,LOW,2026-06-02,,true
7301,LOW,LOW,LOW,2026-06-02,,true
7303,LOW,LOW,LOW,2026-06-02,,true
7305,LOW,LOW,LOW,2026-06-02,,true
7309,LOW,LOW,LOW,2026-06-02,,true
7318,LOW,LOW,LOW,2026-06-02,,true
7323,LOW,LOW,LOW,2026-06-02,,true
7340,LOW,LOW,LOW,2026-06-02,,true
7341,LOW,LOW,LOW,2026-06-02,,true
7345,LOW,LOW,LOW,2026-06-02,,true
7347,LOW,HIGH,LOW,2026-06-02,,true
7355,LOW,HIGH,LOW,2026-06-02,,true
7358,LOW,HIGH,LOW,2026-06-02,,true
7359,LOW,HIGH,LOW,2026-06-02,,true
7360,LOW,HIGH,LOW,2026-06-02,,true
7361,LOW,HIGH,LOW,2026-06-02,,true
7364,LOW,HIGH,LOW,2026-06-02,,true
7366,LOW,HIGH,LOW,2026-06-02,,true
7376,LOW,HIGH,LOW,2026-06-02,,true
7379,LOW,HIGH,LOW,2026-06-02,,true
7383,LOW,HIGH,LOW,2026-06-02,,true
7385,LOW,HIGH,LOW,2026-06-02,,true
7390,LOW,HIGH,LOW,2026-06-02,,true
7391,LOW,HIGH,LOW,2026-06-02,,true
7392,LOW,HIGH,LOW,2026-06-02,,true
7394,LOW,HIGH,LOW,2026-06-02,,true
7397,LOW,HIGH,LOW,2026-06-02,,true
7404,LOW,HIGH,LOW,2026-06-02,,true
7411,LOW,LOW,LOW,2026-06-02,,true
7413,LOW,LOW,LOW,2026-06-02,,true
7422,LOW,LOW,LOW,2026-06-02,,true
7426,LOW,LOW,LOW,2026-06-02,,true
7427,LOW,LOW,LOW,2026-06-02,,true
7429,LOW,LOW,LOW,2026-06-02,,true
7434,LOW,LOW,LOW,2026-06-02,,true
7435,LOW,LOW,LOW,2026-06-02,,true
7439,LOW,LOW,LOW,2026-06-02,,true
7442,LOW,LOW,LOW,2026-06-02,,true
7452,LOW,LOW,LOW,2026-06-02,,true
7455,LOW,LOW,LOW,2026-06-02,,true
7457,LOW,LOW,LOW,2026-06-02,,true
7460,LOW,LOW,LOW,2026-06-02,,true
7462,LOW,LOW,LOW,2026-06-02,,true
7475,LOW,HIGH,LOW,2026-06-02,,true
7476,LOW,HIGH,LOW,2026-06-02,,true
7478,LOW,HIGH,LOW,2026-06-02,,true
7483,LOW,HIGH,LOW,2026-06-02,,true
7487,LOW,HIGH,LOW,2026-06-02,,true
7490,LOW,HIGH,LOW,2026-06-02,,true
7492,LOW,HIGH,LOW,2026-06-02,,true
7493,LOW,HIGH,LOW,2026-06-02,,true
7496,LOW,HIGH,LOW,2026-06-02,,true
7509,LOW,HIGH,LOW,2026-06-02,,true
7513,LOW,HIGH,LOW,2026-06-02,,true
7522,LOW,HIGH,LOW,2026-06-02,,true
7529,LOW,HIGH,LOW,2026-06-02,,true
7531,LOW,HIGH,LOW,2026-06-02,,true
7534,LOW,LOW,LOW,2026-06-02,,true
7539,LOW,LOW,LOW,2026-06-02,,true
7544,LOW,LOW,LOW,2026-06-02,,true
7547,LOW,LOW,LOW,2026-06-02,,true
7550,LOW,LOW,LOW,2026-06-02,,true
7551,LOW,LOW,LOW,2026-06-02,,true
7554,LOW,LOW,LOW,2026-06-02,,true
7555,LOW,LOW,LOW,2026-06-02,,true
7559,LOW,LOW,LOW,2026-06-02,,true
7562,LOW,LOW,LOW,2026-06-02,,true
7563,LOW,LOW,LOW,2026-06-02,,true
7565,LOW,LOW,LOW,2026-06-02,,true
7570,LOW,LOW,LOW,2026-06-02,,true
7577,LOW,LOW,LOW,2026-06-02,,true
7579,LOW,LOW,LOW,2026-06-02,,true
7583,LOW,LOW,LOW,2026-06-02,,true
7586,LOW,LOW,LOW,2026-06-02,,true
7591,LOW,LOW,LOW,2026-06-02,,true
7596,LOW,LOW,LOW,2026-06-02,,true
7605,LOW,HIGH,LOW,2026-06-02,,true
7608,LOW,HIGH,LOW,2026-06-02,,true
7610,LOW,HIGH,LOW,2026-06-02,,true
7611,LOW,HIGH,LOW,2026-06-02,,true
7612,LOW,HIGH,LOW,2026-06-02,,true
7619,LOW,HIGH,LOW,2026-06-02,,true
7621,LOW,HIGH,LOW,2026-06-02,,true
7623,LOW,HIGH,LOW,2026-06-02,,true
7625,LOW,HIGH,LOW,2026-06-02,,true
7627,LOW,HIGH,LOW,2026-06-02,,true
7628,LOW,HIGH,LOW,2026-06-02,,true
7629,LOW,HIGH,LOW,2026-06-02,,true
7641,LOW,HIGH,LOW,2026-06-02,,true
7646,LOW,HIGH,LOW,2026-06-02,,true
7647,LOW,HIGH,LOW,2026-06-02,,true
7649,LOW,HIGH,LOW,2026-06-02,,true
7652,LOW,HIGH,LOW,2026-06-02,,true
7653,LOW,HIGH,LOW,2026-06-02,,true
7657,LOW,HIGH,LOW,2026-06-02,,true
7659,LOW,LOW,LOW,2026-06-02,,true
7663,LOW,LOW,LOW,2026-06-02,,true
7669,LOW,LOW,LOW,2026-06-02,,true
7672,LOW,LOW,LOW,2026-06-02,,true
7684,LOW,LOW,LOW,2026-06-02,,true
7686,LOW,LOW,LOW,2026-06-02,,true
7687,LOW,LOW,LOW,2026-06-02,,true
7695,LOW,LOW,LOW,2026-06-02,,true
7696,LOW,LOW,LOW,2026-06-02,,true
7697,LOW,LOW,LOW,2026-06-02,,true
7700,LOW,LOW,LOW,2026-06-02,,true
7704,LOW,LOW,LOW,2026-06-02,,true
7707,LOW,LOW,LOW,2026-06-02,,true
7710,LOW,LOW,LOW,2026-06-02,,true
7724,LOW,HIGH,LOW,2026-06-02,,true
7731,LOW,HIGH,LOW,2026-06-02,,true
7748,LOW,HIGH,LOW,2026-06-02,,true
7749,LOW,HIGH,LOW,2026-06-02,,true
7756,LOW,HIGH,LOW,2026-06-02,,true
7758,LOW,HIGH,LOW,2026-06-02,,true
7759,LOW,HIGH,LOW,2026-06-02,,true
7765,LOW,HIGH,LOW,2026-06-02,,true
7772,LOW,HIGH,LOW,2026-06-02,,true
7775,LOW,HIGH,LOW,2026-06-02,,true
7782,LOW,HIGH,LOW,2026-06-02,,true
7783,LOW,HIGH,LOW,2026-06-02,,true
7785,LOW,LOW,LOW,2026-06-02,,true
7790,LOW,LOW,LOW,2026-06-02,,true
7791,LOW,LOW,LOW,2026-06-02,,true
7794,LOW,LOW,LOW,2026-06-02,,true
7795,LOW,LOW,LOW,2026-06-02,,true
7798,LOW,LOW,LOW,2026-06-02,,true
7813,LOW,LOW,LOW,2026-06-02,,true
7817,LOW,LOW,LOW,2026-06-02,,true
7818,LOW,LOW,LOW,2026-06-02,,true
7826,LOW,LOW,LOW,2026-06-02,,true
7827,LOW,LOW,LOW,2026-06-02,,true
7828,LOW,LOW,LOW,2026-06-02,,true
7833,LOW,LOW,LOW,2026-06-02,,true
7835,LOW,LOW,LOW,2026-06-02,,true
7850,LOW,HIGH,LOW,2026-06-02,,true
7853,LOW,HIGH,LOW,2026-06-02,,true
7856,LOW,HIGH,LOW,2026-06-02,,true
7860,LOW,HIGH,LOW,2026-06-02,,true
7863,LOW,HIGH,LOW,2026-06-02,,true
7865,LOW,HIGH,LOW,2026-06-02,,true
7867,LOW,HIGH,LOW,2026-06-02,,true
7874,LOW,HIGH,LOW,2026-06-02,,true
7875,LOW,HIGH,LOW,2026-06-02,,true
7879,LOW,HIGH,LOW,2026-06-02,,true
7891,LOW,HIGH,LOW,2026-06-02,,true
7901,LOW,HIGH,LOW,2026-06-02,,true
7903,LOW,HIGH,LOW,2026-06-02,,true
7904,LOW,HIGH,LOW,2026-06-02,,true
7909,LOW,LOW,LOW,2026-06-02,,true
7920,LOW,LOW,LOW,2026-06-02,,true
7924,LOW,LOW,LOW,2026-06-02,,true
7927,LOW,LOW,LOW,2026-06-02,,true
7929,LOW,LOW,LOW,2026-06-02,,true
7930,LOW,LOW,LOW,2026-06-02,,true
7936,LOW,LOW,LOW,2026-06-02,,true
7944,LOW,LOW,LOW,2026-06-02,,true
7953,LOW,LOW,LOW,2026-06-02,,true
7955,LOW,LOW,LOW,2026-06-02,,true
7962,LOW,LOW,LOW,2026-06-02,,true
7964,LOW,LOW,LOW,2026-06-02,,true
7967,LOW,LOW,LOW,2026-06-02,,true
7971,LOW,LOW,LOW,2026-06-02,,true
7975,LOW,HIGH,LOW,2026-06-02,,true
7978,LOW,HIGH,LOW,2026-06-02,,true
7980,LOW,HIGH,LOW,2026-06-02,,true
7981,LOW,HIGH,LOW,2026-06-02,,true
7984,LOW,HIGH,LOW,2026-06-02,,true
7995,LOW,HIGH,LOW,2026-06-02,,true
8000,LOW,HIGH,LOW,2026-06-02,,true
8001,LOW,HIGH,LOW,2026-06-02,,true
8002,LOW,HIGH,LOW,2026-06-02,,true
8003,LOW,HIGH,LOW,2026-06-02,,true
8004,LOW,HIGH,LOW,2026-06-02,,true
8008,LOW,HIGH,LOW,2026-06-02,,true
8009,LOW,HIGH,LOW,2026-06-02,,true
8010,LOW,HIGH,LOW,2026-06-02,,true
8011,LOW,HIGH,LOW,2026-06-02,,true
8012,LOW,HIGH,LOW,2026-06-02,,true
8015,LOW,HIGH,LOW,2026-06-02,,true
8017,LOW,HIGH,LOW,2026-06-02,,true
8024,LOW,HIGH,LOW,2026-06-02,,true
8029,LOW,HIGH,LOW,2026-06-02,,true
8034,LOW,HIGH,LOW,2026-06-02,,true
8035,LOW,LOW,LOW,2026-06-02,,true
8038,LOW,LOW,LOW,2026-06-02,,true
8041,LOW,LOW,LOW,2026-06-02,,true
8043,LOW,LOW,LOW,2026-06-02,,true
8044,LOW,LOW,LOW,2026-06-02,,true
8047,LOW,LOW,LOW,2026-06-02,,true
8051,LOW,LOW,LOW,2026-06-02,,true
8052,LOW,LOW,LOW,2026-06-02,,true
8053,LOW,LOW,LOW,2026-06-02,,true
8055,LOW,LOW,LOW,2026-06-02,,true
8068,LOW,LOW,LOW,2026-06-02,,true
8075,LOW,LOW,LOW,2026-06-02,,true
8079,LOW,LOW,LOW,2026-06-02,,true
8083,LOW,LOW,LOW,2026-06-02,,true
8087,LOW,LOW,LOW,2026-06-02,,true
8089,LOW,LOW,LOW,2026-06-02,,true
8098,LOW,LOW,LOW,2026-06-02,,true
8100,LOW,LOW,LOW,2026-06-02,,true
8106,LOW,HIGH,LOW,2026-06-02,,true
8108,LOW,HIGH,LOW,2026-06-02,,true
8118,LOW,HIGH,LOW,2026-06-02,,true
8120,LOW,HIGH,LOW,2026-06-02,,true
8123,LOW,HIGH,LOW,2026-06-02,,true
8124,LOW,HIGH,LOW,2026-06-02,,true
8127,LOW,HIGH,LOW,2026-06-02,,true
8128,LOW,HIGH,LOW,2026-06-02,,true
8132,LOW,HIGH,LOW,2026-06-02,,true
8161,LOW,LOW,LOW,2026-06-02,,true
8170,LOW,LOW,LOW,2026-06-02,,true
8171,LOW,LOW,LOW,2026-06-02,,true
8173,LOW,LOW,LOW,2026-06-02,,true
8180,LOW,LOW,LOW,2026-06-02,,true
8184,LOW,LOW,LOW,2026-06-02,,true
8193,LOW,LOW,LOW,2026-06-02,,true
8197,LOW,LOW,LOW,2026-06-02,,true
8210,LOW,LOW,LOW,2026-06-02,,true
8222,LOW,LOW,LOW,2026-06-02,,true
8224,LOW,LOW,LOW,2026-06-02,,true
8233,LOW,LOW,LOW,2026-06-02,,true
8235,LOW,LOW,LOW,2026-06-02,,true
8238,LOW,LOW,LOW,2026-06-02,,true
8239,LOW,LOW,LOW,2026-06-02,,true
8240,LOW,LOW,LOW,2026-06-02,,true
8244,LOW,LOW,LOW,2026-06-02,,true
8250,LOW,LOW,LOW,2026-06-02,,true
8252,LOW,LOW,LOW,2026-06-02,,true
8254,LOW,LOW,LOW,2026-06-02,,true
8256,LOW,LOW,LOW,2026-06-02,,true
8271,LOW,LOW,LOW,2026-06-02,,true
8274,LOW,HIGH,LOW,2026-06-02,,true
8289,LOW,HIGH,LOW,2026-06-02,,true
8294,LOW,HIGH,LOW,2026-06-02,,true
8296,LOW,HIGH,LOW,2026-06-02,,true
8297,LOW,HIGH,LOW,2026-06-02,,true
8300,LOW,HIGH,LOW,2026-06-02,,true
8305,LOW,HIGH,LOW,2026-06-02,,true
8306,LOW,HIGH,LOW,2026-06-02,,true
8310,LOW,HIGH,LOW,2026-06-02,,true
8312,LOW,HIGH,LOW,2026-06-02,,true
8313,LOW,HIGH,LOW,2026-06-02,,true
8321,LOW,HIGH,LOW,2026-06-02,,true
8326,LOW,HIGH,LOW,2026-06-02,,true
8328,LOW,HIGH,LOW,2026-06-02,,true
8336,LOW,LOW,LOW,2026-06-02,,true
8338,LOW,LOW,LOW,2026-06-02,,true
8346,LOW,LOW,LOW,2026-06-02,,true
8347,LOW,LOW,LOW,2026-06-02,,true
8352,LOW,LOW,LOW,2026-06-02,,true
8356,LOW,LOW,LOW,2026-06-02,,true
8360,LOW,LOW,LOW,2026-06-02,,true
8362,LOW,LOW,LOW,2026-06-02,,true
8366,LOW,LOW,LOW,2026-06-02,,true
8369,LOW,LOW,LOW,2026-06-02,,true
8375,LOW,LOW,LOW,2026-06-02,,true
8376,LOW,LOW,LOW,2026-06-02,,true
8377,LOW,LOW,LOW,2026-06-02,,true
8383,LOW,HIGH,LOW,2026-06-02,,true
8387,LOW,HIGH,LOW,2026-06-02,,true
8389,LOW,HIGH,LOW,2026-06-02,,true
8392,LOW,HIGH,LOW,2026-06-02,,true
8395,LOW,HIGH,LOW,2026-06-02,,true
8398,LOW,HIGH,LOW,2026-06-02,,true
8403,LOW,HIGH,LOW,2026-06-02,,true
8405,LOW,HIGH,LOW,2026-06-02,,true
8408,LOW,HIGH,LOW,2026-06-02,,true
8412,LOW,HIGH,LOW,2026-06-02,,true
8418,LOW,LOW,LOW,2026-06-02,,true
8419,LOW,LOW,LOW,2026-06-02,,true
8420,LOW,LOW,LOW,2026-06-02,,true
8422,LOW,LOW,LOW,2026-06-02,,true
8423,LOW,LOW,LOW,2026-06-02,,true
8428,LOW,LOW,LOW,2026-06-02,,true
8432,LOW,LOW,LOW,2026-06-02,,true
8437,LOW,LOW,LOW,2026-06-02,,true
8439,LOW,LOW,LOW,2026-06-02,,true
8441,LOW,LOW,LOW,2026-06-02,,true
8454,LOW,LOW,LOW,2026-06-02,,true
8457,LOW,LOW,LOW,2026-06-02,,true
8461,LOW,LOW,LOW,2026-06-02,,true
8463,LOW,LOW,LOW,2026-06-02,,true
8464,LOW,LOW,LOW,2026-06-02,,true
8465,LOW,LOW,LOW,2026-06-02,,true
8467,LOW,LOW,LOW,2026-06-02,,true
8472,LOW,LOW,LOW,2026-06-02,,true
8484,LOW,LOW,LOW,2026-06-02,,true
8492,LOW,LOW,LOW,2026-06-02,,true
8493,LOW,LOW,LOW,2026-06-02,,true
8501,LOW,LOW,LOW,2026-06-02,,true
8503,LOW,LOW,LOW,2026-06-02,,true
8508,LOW,LOW,LOW,2026-06-02,,true
8510,LOW,LOW,LOW,2026-06-02,,true
8511,LOW,LOW,LOW,2026-06-02,,true
8521,LOW,LOW,LOW,2026-06-02,,true
8525,LOW,LOW,LOW,2026-06-02,,true
8527,LOW,LOW,LOW,2026-06-02,,true
8528,LOW,LOW,LOW,2026-06-02,,true
8531,LOW,LOW,LOW,2026-06-02,,true
8532,LOW,LOW,LOW,2026-06-02,,true
8536,LOW,LOW,LOW,2026-06-02,,true
8540,LOW,LOW,LOW,2026-06-02,,true
8545,LOW,LOW,LOW,2026-06-02,,true
8550,LOW,LOW,LOW,2026-06-02,,true
8552,LOW,LOW,LOW,2026-06-02,,true
8553,LOW,LOW,LOW,2026-06-02,,true
8557,LOW,LOW,LOW,2026-06-02,,true
8558,LOW,LOW,LOW,2026-06-02,,true
8562,LOW,LOW,LOW,2026-06-02,,true
8570,LOW,LOW,LOW,2026-06-02,,true
8575,LOW,HIGH,LOW,2026-06-02,,true
8577,LOW,HIGH,LOW,2026-06-02,,true
8578,LOW,HIGH,LOW,2026-06-02,,true
8582,LOW,HIGH,LOW,2026-06-02,,true
8583,LOW,HIGH,LOW,2026-06-02,,true
8588,LOW,HIGH,LOW,2026-06-02,,true
8592,LOW,HIGH,LOW,2026-06-02,,true
8595,LOW,HIGH,LOW,2026-06-02,,true
8602,LOW,HIGH,LOW,2026-06-02,,true
8603,LOW,HIGH,LOW,2026-06-02,,true
8606,LOW,HIGH,LOW,2026-06-02,,true
8607,LOW,HIGH,LOW,2026-06-02,,true
8610,LOW,HIGH,LOW,2026-06-02,,true
8620,LOW,HIGH,LOW,2026-06-02,,true
8621,LOW,HIGH,LOW,2026-06-02,,true
8625,LOW,HIGH,LOW,2026-06-02,,true
8632,LOW,HIGH,LOW,2026-06-02,,true
8634,LOW,HIGH,LOW,2026-06-02,,true
8638,LOW,LOW,LOW,2026-06-02,,true
8640,LOW,LOW,LOW,2026-06-02,,true
8641,LOW,LOW,LOW,2026-06-02,,true
8642,LOW,LOW,LOW,2026-06-02,,true
8643,LOW,LOW,LOW,2026-06-02,,true
8646,LOW,LOW,LOW,2026-06-02,,true
8653,LOW,LOW,LOW,2026-06-02,,true
8656,LOW,LOW,LOW,2026-06-02,,true
8658,LOW,LOW,LOW,2026-06-02,,true
8660,LOW,LOW,LOW,2026-06-02,,true
8676,LOW,LOW,LOW,2026-06-02,,true
8682,LOW,LOW,LOW,2026-06-02,,true
8688,LOW,LOW,LOW,2026-06-02,,true
8690,LOW,LOW,LOW,2026-06-02,,true
8692,LOW,LOW,LOW,2026-06-02,,true
8695,LOW,LOW,LOW,2026-06-02,,true
8697,LOW,LOW,LOW,2026-06-02,,true
8701,LOW,LOW,LOW,2026-06-02,,true
8707,LOW,LOW,LOW,2026-06-02,,true
8709,LOW,LOW,LOW,2026-06-02,,true
8711,LOW,LOW,LOW,2026-06-02,,true
8717,LOW,HIGH,LOW,2026-06-02,,true
8718,LOW,HIGH,LOW,2026-06-02,,true
8722,LOW,HIGH,LOW,2026-06-02,,true
8723,LOW,HIGH,LOW,2026-06-02,,true
8732,LOW,HIGH,LOW,2026-06-02,,true
8742,LOW,HIGH,LOW,2026-06-02,,true
8744,LOW,HIGH,LOW,2026-06-02,,true
8745,LOW,HIGH,LOW,2026-06-02,,true
8748,LOW,HIGH,LOW,2026-06-02,,true
8752,LOW,HIGH,LOW,2026-06-02,,true
8753,LOW,HIGH,LOW,2026-06-02,,true
8754,LOW,HIGH,LOW,2026-06-02,,true
8773,LOW,LOW,LOW,2026-06-02,,true
8774,LOW,LOW,LOW,2026-06-02,,true
8783,LOW,LOW,LOW,2026-06-02,,true
8785,LOW,LOW,LOW,2026-06-02,,true
8786,LOW,LOW,LOW,2026-06-02,,true
8788,LOW,LOW,LOW,2026-06-02,,true
8789,LOW,LOW,LOW,2026-06-02,,true
8790,LOW,LOW,LOW,2026-06-02,,true
8795,LOW,LOW,LOW,2026-06-02,,true
8798,LOW,LOW,LOW,2026-06-02,,true
8799,LOW,LOW,LOW,2026-06-02,,true
8801,LOW,LOW,LOW,2026-06-02,,true
8809,LOW,LOW,LOW,2026-06-02,,true
8813,LOW,LOW,LOW,2026-06-02,,true
8828,LOW,LOW,LOW,2026-06-02,,true
8829,LOW,LOW,LOW,2026-06-02,,true
8833,LOW,LOW,LOW,2026-06-02,,true
8836,LOW,LOW,LOW,2026-06-02,,true
8837,LOW,LOW,LOW,2026-06-02,,true
8840,LOW,LOW,LOW,2026-06-02,,true
8847,LOW,LOW,LOW,2026-06-02,,true
8852,LOW,LOW,LOW,2026-06-02,,true
8858,LOW,LOW,LOW,2026-06-02,,true
8860,LOW,LOW,LOW,2026-06-02,,true
8862,LOW,LOW,LOW,2026-06-02,,true
8864,LOW,LOW,LOW,2026-06-02,,true
8870,LOW,LOW,LOW,2026-06-02,,true
8875,LOW,LOW,LOW,2026-06-02,,true
8882,LOW,LOW,LOW,2026-06-02,,true
8883,LOW,LOW,LOW,2026-06-02,,true
8887,LOW,LOW,LOW,2026-06-02,,true
8894,LOW,LOW,LOW,2026-06-02,,true
8896,LOW,LOW,LOW,2026-06-02,,true
8897,LOW,LOW,LOW,2026-06-02,,true
8904,LOW,LOW,LOW,2026-06-02,,true
8915,LOW,LOW,LOW,2026-06-02,,true
8916,LOW,LOW,LOW,2026-06-02,,true
8920,LOW,LOW,LOW,2026-06-02,,true
8922,LOW,LOW,LOW,2026-06-02,,true
8928,LOW,LOW,LOW,2026-06-02,,true
8930,LOW,LOW,LOW,2026-06-02,,true
8931,LOW,LOW,LOW,2026-06-02,,true
8934,LOW,LOW,LOW,2026-06-02,,true
8946,LOW,LOW,LOW,2026-06-02,,true
8948,LOW,LOW,LOW,2026-06-02,,true
8949,LOW,LOW,LOW,2026-06-02,,true
8951,LOW,LOW,LOW,2026-06-02,,true
8953,LOW,LOW,LOW,2026-06-02,,true
8956,LOW,LOW,LOW,2026-06-02,,true
8957,LOW,LOW,LOW,2026-06-02,,true
8961,LOW,LOW,LOW,2026-06-02,,true
8965,LOW,LOW,LOW,2026-06-02,,true
8967,LOW,LOW,LOW,2026-06-02,,true
8970,LOW,LOW,LOW,2026-06-02,,true
8971,LOW,LOW,LOW,2026-06-02,,true
8974,LOW,LOW,LOW,2026-06-02,,true
8988,LOW,LOW,LOW,2026-06-02,,true
8997,LOW,LOW,LOW,2026-06-02,,true
8999,LOW,LOW,LOW,2026-06-02,,true
9000,LOW,LOW,LOW,2026-06-02,,true
9001,LOW,LOW,LOW,2026-06-02,,true
9004,LOW,LOW,LOW,2026-06-02,,true
9010,LOW,LOW,LOW,2026-06-02,,true
9014,LOW,LOW,LOW,2026-06-02,,true
9018,LOW,HIGH,LOW,2026-06-02,,true
9022,LOW,HIGH,LOW,2026-06-02,,true
9028,LOW,HIGH,LOW,2026-06-02,,true
9029,LOW,HIGH,LOW,2026-06-02,,true
9036,LOW,HIGH,LOW,2026-06-02,,true
9037,LOW,HIGH,LOW,2026-06-02,,true
9039,LOW,HIGH,LOW,2026-06-02,,true
9042,LOW,HIGH,LOW,2026-06-02,,true
9043,LOW,HIGH,LOW,2026-06-02,,true
9049,LOW,HIGH,LOW,2026-06-02,,true
9050,LOW,HIGH,LOW,2026-06-02,,true
9055,LOW,HIGH,LOW,2026-06-02,,true
9057,LOW,HIGH,LOW,2026-06-02,,true
9059,LOW,HIGH,LOW,2026-06-02,,true
9064,LOW,HIGH,LOW,2026-06-02,,true
9072,LOW,HIGH,LOW,2026-06-02,,true
9077,LOW,HIGH,LOW,2026-06-02,,true
9080,LOW,HIGH,LOW,2026-06-02,,true
9088,LOW,HIGH,LOW,2026-06-02,,true
9090,LOW,HIGH,LOW,2026-06-02,,true
9094,LOW,HIGH,LOW,2026-06-02,,true
9096,LOW,HIGH,LOW,2026-06-02,,true
9098,LOW,HIGH,LOW,2026-06-02,,true
9101,LOW,HIGH,LOW,2026-06-02,,true
9106,LOW,HIGH,LOW,2026-06-02,,true
9113,LOW,HIGH,LOW,2026-06-02,,true
9117,LOW,LOW,LOW,2026-06-02,,true
9120,LOW,LOW,LOW,2026-06-02,,true
9126,LOW,LOW,LOW,2026-06-02,,true
9140,LOW,LOW,LOW,2026-06-02,,true
9145,LOW,LOW,LOW,2026-06-02,,true
9153,LOW,LOW,LOW,2026-06-02,,true
9163,LOW,LOW,LOW,2026-06-02,,true
9170,LOW,LOW,LOW,2026-06-02,,true
9171,LOW,LOW,LOW,2026-06-02,,true
9176,LOW,LOW,LOW,2026-06-02,,true
9178,LOW,LOW,LOW,2026-06-02,,true
9180,LOW,LOW,LOW,2026-06-02,,true
9182,LOW,LOW,LOW,2026-06-02,,true
9184,LOW,LOW,LOW,2026-06-02,,true
9187,LOW,LOW,LOW,2026-06-02,,true
9194,LOW,LOW,LOW,2026-06-02,,true
9205,LOW,LOW,LOW,2026-06-02,,true
9215,LOW,LOW,LOW,2026-06-02,,true
9217,LOW,LOW,LOW,2026-06-02,,true
9219,LOW,LOW,LOW,2026-06-02,,true
9222,LOW,LOW,LOW,2026-06-02,,true
9224,LOW,LOW,LOW,2026-06-02,,true
9236,LOW,LOW,LOW,2026-06-02,,true
9237,LOW,LOW,LOW,2026-06-02,,true
9240,LOW,LOW,LOW,2026-06-02,,true
9242,LOW,LOW,LOW,2026-06-02,,true
9245,LOW,LOW,LOW,2026-06-02,,true
9247,LOW,LOW,LOW,2026-06-02,,true
9258,LOW,LOW,LOW,2026-06-02,,true
9260,LOW,LOW,LOW,2026-06-02,,true
9262,LOW,LOW,LOW,2026-06-02,,true
9264,LOW,LOW,LOW,2026-06-02,,true
9265,LOW,LOW,LOW,2026-06-02,,true
9267,LOW,LOW,LOW,2026-06-02,,true
9275,LOW,LOW,LOW,2026-06-02,,true
9277,LOW,LOW,LOW,2026-06-02,,true
9281,LOW,LOW,LOW,2026-06-02,,true
9288,LOW,LOW,LOW,2026-06-02,,true
9289,LOW,LOW,LOW,2026-06-02,,true
9296,LOW,LOW,LOW,2026-06-02,,true
9302,LOW,LOW,LOW,2026-06-02,,true
9303,LOW,LOW,LOW,2026-06-02,,true
9308,LOW,LOW,LOW,2026-06-02,,true
9309,LOW,LOW,LOW,2026-06-02,,true
9310,LOW,LOW,LOW,2026-06-02,,true
9312,LOW,LOW,LOW,2026-06-02,,true
9317,LOW,LOW,LOW,2026-06-02,,true
9318,LOW,LOW,LOW,2026-06-02,,true
9320,LOW,LOW,LOW,2026-06-02,,true
9326,LOW,LOW,LOW,2026-06-02,,true
9336,LOW,LOW,LOW,2026-06-02,,true
9337,LOW,LOW,LOW,2026-06-02,,true
9340,LOW,LOW,LOW,2026-06-02,,true
9344,LOW,LOW,LOW,2026-06-02,,true
9345,LOW,LOW,LOW,2026-06-02,,true
9348,LOW,LOW,LOW,2026-06-02,,true
9351,LOW,LOW,LOW,2026-06-02,,true
9352,LOW,LOW,LOW,2026-06-02,,true
9354,LOW,LOW,LOW,2026-06-02,,true
9355,LOW,LOW,LOW,2026-06-02,,true
9358,LOW,LOW,LOW,2026-06-02,,true
9359,LOW,LOW,LOW,2026-06-02,,true
9373,LOW,LOW,LOW,2026-06-02,,true
9378,LOW,LOW,LOW,2026-06-02,,true
9383,LOW,LOW,LOW,2026-06-02,,true
9391,LOW,LOW,LOW,2026-06-02,,true
9392,LOW,LOW,LOW,2026-06-02,,true
9396,LOW,LOW,LOW,2026-06-02,,true
9397,LOW,LOW,LOW,2026-06-02,,true
9412,LOW,HIGH,LOW,2026-06-02,,true
9415,LOW,HIGH,LOW,2026-06-02,,true
9417,LOW,HIGH,LOW,2026-06-02,,true
9420,LOW,HIGH,LOW,2026-06-02,,true
9425,LOW,HIGH,LOW,2026-06-02,,true
9426,LOW,HIGH,LOW,2026-06-02,,true
9428,LOW,HIGH,LOW,2026-06-02,,true
9433,LOW,HIGH,LOW,2026-06-02,,true
9438,LOW,HIGH,LOW,2026-06-02,,true
9440,LOW,HIGH,LOW,2026-06-02,,true
9441,LOW,HIGH,LOW,2026-06-02,,true
9447,LOW,HIGH,LOW,2026-06-02,,true
9453,LOW,HIGH,LOW,2026-06-02,,true
9457,LOW,HIGH,LOW,2026-06-02,,true
9458,LOW,LOW,LOW,2026-06-02,,true
9465,LOW,LOW,LOW,2026-06-02,,true
9473,LOW,LOW,LOW,2026-06-02,,true
9487,LOW,LOW,LOW,2026-06-02,,true
9494,LOW,LOW,LOW,2026-06-02,,true
9518,LOW,LOW,LOW,2026-06-02,,true
9529,LOW,LOW,LOW,2026-06-02,,true
9536,LOW,LOW,LOW,2026-06-02,,true
9538,LOW,LOW,LOW,2026-06-02,,true
9539,LOW,LOW,LOW,2026-06-02,,true
9551,LOW,LOW,LOW,2026-06-02,,true
9555,LOW,LOW,LOW,2026-06-02,,true
9557,LOW,LOW,LOW,2026-06-02,,true
9558,LOW,LOW,LOW,2026-06-02,,true
9560,LOW,LOW,LOW,2026-06-02,,true
9562,LOW,LOW,LOW,2026-06-02,,true
9564,LOW,LOW,LOW,2026-06-02,,true
9569,LOW,LOW,LOW,2026-06-02,,true
9585,LOW,LOW,LOW,2026-06-02,,true
9587,LOW,LOW,LOW,2026-06-02,,true
9588,LOW,LOW,LOW,2026-06-02,,true
9592,LOW,LOW,LOW,2026-06-02,,true
9597,LOW,LOW,LOW,2026-06-02,,true
9603,LOW,LOW,LOW,2026-06-02,,true
9610,LOW,LOW,LOW,2026-06-02,,true
9612,LOW,LOW,LOW,2026-06-02,,true
9615,LOW,LOW,LOW,2026-06-02,,true
9616,LOW,LOW,LOW,2026-06-02,,true
9621,LOW,LOW,LOW,2026-06-02,,true
9624,LOW,LOW,LOW,2026-06-02,,true
9625,LOW,LOW,LOW,2026-06-02,,true
9626,LOW,LOW,LOW,2026-06-02,,true
9628,LOW,LOW,LOW,2026-06-02,,true
9638,LOW,LOW,LOW,2026-06-02,,true
9657,LOW,LOW,LOW,2026-06-02,,true
9664,LOW,LOW,LOW,2026-06-02,,true
9667,LOW,LOW,LOW,2026-06-02,,true
9668,LOW,LOW,LOW,2026-06-02,,true
9672,LOW,LOW,LOW,2026-06-02,,true
9675,LOW,LOW,LOW,2026-06-02,,true
9676,LOW,LOW,LOW,2026-06-02,,true
9683,LOW,LOW,LOW,2026-06-02,,true
9684,LOW,LOW,LOW,2026-06-02,,true
9697,LOW,LOW,LOW,2026-06-02,,true
9699,LOW,LOW,LOW,2026-06-02,,true
9703,LOW,LOW,LOW,2026-06-02,,true
9710,LOW,LOW,LOW,2026-06-02,,true
9711,LOW,LOW,LOW,2026-06-02,,true
9724,LOW,LOW,LOW,2026-06-02,,true
9725,LOW,LOW,LOW,2026-06-02,,true
9730,LOW,LOW,LOW,2026-06-02,,true
9733,LOW,LOW,LOW,2026-06-02,,true
9734,LOW,LOW,LOW,2026-06-02,,true
9735,LOW,LOW,LOW,2026-06-02,,true
9740,LOW,LOW,LOW,2026-06-02,,true
9741,LOW,LOW,LOW,2026-06-02,,true
9742,LOW,LOW,LOW,2026-06-02,,true
9746,LOW,LOW,LOW,2026-06-02,,true
9750,LOW,LOW,LOW,2026-06-02,,true
9755,LOW,LOW,LOW,2026-06-02,,true
9759,LOW,LOW,LOW,2026-06-02,,true
9761,LOW,LOW,LOW,2026-06-02,,true
9766,LOW,LOW,LOW,2026-06-02,,true
9775,LOW,LOW,LOW,2026-06-02,,true
9776,LOW,LOW,LOW,2026-06-02,,true
9777,LOW,LOW,LOW,2026-06-02,,true
9779,LOW,LOW,LOW,2026-06-02,,true
9781,LOW,LOW,LOW,2026-06-02,,true
9782,LOW,LOW,LOW,2026-06-02,,true
9784,LOW,LOW,LOW,2026-06-02,,true
9792,LOW,LOW,LOW,2026-06-02,,true
9799,LOW,HIGH,LOW,2026-06-02,,true
9804,LOW,HIGH,LOW,2026-06-02,,true
9811,LOW,HIGH,LOW,2026-06-02,,true
9814,LOW,HIGH,LOW,2026-06-02,,true
9816,LOW,HIGH,LOW,2026-06-02,,true
9818,LOW,HIGH,LOW,2026-06-02,,true
9831,LOW,HIGH,LOW,2026-06-02,,true
9835,LOW,HIGH,LOW,2026-06-02,,true
9837,LOW,HIGH,LOW,2026-06-02,,true
9842,LOW,HIGH,LOW,2026-06-02,,true
9861,LOW,LOW,LOW,2026-06-02,,true
9865,LOW,LOW,LOW,2026-06-02,,true
9866,LOW,LOW,LOW,2026-06-02,,true
9869,LOW,LOW,LOW,2026-06-02,,true
9871,LOW,LOW,LOW,2026-06-02,,true
9874,LOW,LOW,LOW,2026-06-02,,true
9875,LOW,LOW,LOW,2026-06-02,,true
9876,LOW,LOW,LOW,2026-06-02,,true
9877,LOW,LOW,LOW,2026-06-02,,true
9879,LOW,LOW,LOW,2026-06-02,,true
9885,LOW,LOW,LOW,2026-06-02,,true
9894,LOW,LOW,LOW,2026-06-02,,true
9896,LOW,LOW,LOW,2026-06-02,,true
9899,LOW,LOW,LOW,2026-06-02,,true
9901,LOW,LOW,LOW,2026-06-02,,true
9904,LOW,LOW,LOW,2026-06-02,,true
9910,LOW,LOW,LOW,2026-06-02,,true
9917,LOW,LOW,LOW,2026-06-02,,true
9919,LOW,LOW,LOW,2026-06-02,,true
9920,LOW,LOW,LOW,2026-06-02,,true
9921,LOW,LOW,LOW,2026-06-02,,true
9923,LOW,LOW,LOW,2026-06-02,,true
9924,LOW,LOW,LOW,2026-06-02,,true
9926,LOW,LOW,LOW,2026-06-02,,true
9928,LOW,LOW,LOW,2026-06-02,,true
9929,LOW,LOW,LOW,2026-06-02,,true
9930,LOW,LOW,LOW,2026-06-02,,true
9935,LOW,LOW,LOW,2026-06-02,,true
9941,LOW,LOW,LOW,2026-06-02,,true
9945,LOW,LOW,LOW,2026-06-02,,true
9948,LOW,LOW,LOW,2026-06-02,,true
9964,LOW,LOW,LOW,2026-06-02,,true
9965,LOW,LOW,LOW,2026-06-02,,true
9972,LOW,LOW,LOW,2026-06-02,,true
9974,LOW,LOW,LOW,2026-06-02,,true
9975,LOW,LOW,LOW,2026-06-02,,true
9976,LOW,LOW,LOW,2026-06-02,,true
9981,LOW,LOW,LOW,2026-06-02,,true
9982,LOW,LOW,LOW,2026-06-02,,true
9984,LOW,LOW,LOW,2026-06-02,,true
9987,LOW,LOW,LOW,2026-06-02,,true
9991,LOW,LOW,LOW,2026-06-02,,true
9993,LOW,LOW,LOW,2026-06-02,,true
9995,LOW,LOW,LOW,2026-06-02,,true
9996,LOW,LOW,LOW,2026-06-02,,true
9999,LOW,LOW,LOW,2026-06-02,,true
10004,LOW,LOW,LOW,2026-06-02,,true
10006,LOW,LOW,LOW,2026-06-02,,true
10013,LOW,LOW,LOW,2026-06-02,,true
10014,LOW,LOW,LOW,2026-06-02,,true
10027,LOW,LOW,LOW,2026-06-02,,true
10030,LOW,LOW,LOW,2026-06-02,,true
10033,LOW,LOW,LOW,2026-06-02,,true
10035,LOW,LOW,LOW,2026-06-02,,true
10036,LOW,LOW,LOW,2026-06-02,,true
10039,LOW,LOW,LOW,2026-06-02,,true
10048,LOW,LOW,LOW,2026-06-02,,true
10051,LOW,LOW,LOW,2026-06-02,,true
10052,LOW,LOW,LOW,2026-06-02,,true
10057,LOW,LOW,LOW,2026-06-02,,true
10059,LOW,LOW,LOW,2026-06-02,,true
10060,LOW,LOW,LOW,2026-06-02,,true
10062,LOW,LOW,LOW,2026-06-02,,true
10063,LOW,LOW,LOW,2026-06-02,,true
10064,LOW,LOW,LOW,2026-06-02,,true
10068,LOW,LOW,LOW,2026-06-02,,true
10070,LOW,LOW,LOW,2026-06-02,,true
10071,LOW,LOW,LOW,2026-06-02,,true
10076,LOW,LOW,LOW,2026-06-02,,true
10077,LOW,LOW,LOW,2026-06-02,,true
10078,LOW,LOW,LOW,2026-06-02,,true
10080,LOW,LOW,LOW,2026-06-02,,true
10088,LOW,LOW,LOW,2026-06-02,,true
10091,LOW,LOW,LOW,2026-06-02,,true
10098,LOW,LOW,LOW,2026-06-02,,true
10100,LOW,LOW,LOW,2026-06-02,,true
10101,LOW,LOW,LOW,2026-06-02,,true
10103,LOW,LOW,LOW,2026-06-02,,true
10112,LOW,LOW,LOW,2026-06-02,,true
10120,LOW,LOW,LOW,2026-06-02,,true
10129,LOW,LOW,LOW,2026-06-02,,true
10130,LOW,LOW,LOW,2026-06-02,,true
10136,LOW,LOW,LOW,2026-06-02,,true
10137,LOW,LOW,LOW,2026-06-02,,true
10141,LOW,LOW,LOW,2026-06-02,,true
10145,LOW,LOW,LOW,2026-06-02,,true
10146,LOW,LOW,LOW,2026-06-02,,true
10156,LOW,LOW,LOW,2026-06-02,,true
10158,LOW,LOW,LOW,2026-06-02,,true
10160,LOW,LOW,LOW,2026-06-02,,true
10161,LOW,LOW,LOW,2026-06-02,,true
10164,LOW,LOW,LOW,2026-06-02,,true
10167,LOW,LOW,LOW,2026-06-02,,true
10168,LOW,LOW,LOW,2026-06-02,,true
10183,LOW,LOW,LOW,2026-06-02,,true
10185,LOW,LOW,LOW,2026-06-02,,true
10187,LOW,LOW,LOW,2026-06-02,,true
10193,LOW,HIGH,LOW,2026-06-02,,true
10195,LOW,HIGH,LOW,2026-06-02,,true
10198,LOW,HIGH,LOW,2026-06-02,,true
10204,LOW,HIGH,LOW,2026-06-02,,true
10205,LOW,HIGH,LOW,2026-06-02,,true
10207,LOW,HIGH,LOW,2026-06-02,,true
10209,LOW,HIGH,LOW,2026-06-02,,true
10210,LOW,HIGH,LOW,2026-06-02,,true
10221,LOW,HIGH,LOW,2026-06-02,,true
10231,LOW,HIGH,LOW,2026-06-02,,true
10235,LOW,HIGH,LOW,2026-06-02,,true
10236,LOW,HIGH,LOW,2026-06-02,,true
10237,LOW,HIGH,LOW,2026-06-02,,true
10242,LOW,HIGH,LOW,2026-06-02,,true
10243,LOW,HIGH,LOW,2026-06-02,,true
10246,LOW,HIGH,LOW,2026-06-02,,true
10248,LOW,HIGH,LOW,2026-06-02,,true
10249,LOW,HIGH,LOW,2026-06-02,,true
10255,LOW,LOW,LOW,2026-06-02,,true
10259,LOW,LOW,LOW,2026-06-02,,true
10267,LOW,LOW,LOW,2026-06-02,,true
10268,LOW,LOW,LOW,2026-06-02,,true
10269,LOW,LOW,LOW,2026-06-02,,true
10274,LOW,LOW,LOW,2026-06-02,,true
10275,LOW,LOW,LOW,2026-06-02,,true
10277,LOW,LOW,LOW,2026-06-02,,true
10280,LOW,LOW,LOW,2026-06-02,,true
10284,LOW,LOW,LOW,2026-06-02,,true
10295,LOW,LOW,LOW,2026-06-02,,true
10301,LOW,LOW,LOW,2026-06-02,,true
10304,LOW,LOW,LOW,2026-06-02,,true
10306,LOW,LOW,LOW,2026-06-02,,true
10309,LOW,LOW,LOW,2026-06-02,,true
10316,LOW,LOW,LOW,2026-06-02,,true
10323,LOW,LOW,LOW,2026-06-02,,true
10326,LOW,LOW,LOW,2026-06-02,,true
10333,LOW,LOW,LOW,2026-06-02,,true
10335,LOW,LOW,LOW,2026-06-02,,true
10338,LOW,LOW,LOW,2026-06-02,,true
10345,LOW,LOW,LOW,2026-06-02,,true
10349,LOW,LOW,LOW,2026-06-02,,true
10355,LOW,LOW,LOW,2026-06-02,,true
10364,LOW,LOW,LOW,2026-06-02,,true
10365,LOW,LOW,LOW,2026-06-02,,true
10367,LOW,LOW,LOW,2026-06-02,,true
10368,LOW,LOW,LOW,2026-06-02,,true
10369,LOW,LOW,LOW,2026-06-02,,true
10370,LOW,LOW,LOW,2026-06-02,,true
10375,LOW,LOW,LOW,2026-06-02,,true
10382,LOW,LOW,LOW,2026-06-02,,true
10386,LOW,LOW,LOW,2026-06-02,,true
10392,LOW,LOW,LOW,2026-06-02,,true
10396,LOW,LOW,LOW,2026-06-02,,true
10399,LOW,LOW,LOW,2026-06-02,,true
10400,LOW,LOW,LOW,2026-06-02,,true
10405,LOW,LOW,LOW,2026-06-02,,true
10406,LOW,LOW,LOW,2026-06-02,,true
10408,LOW,LOW,LOW,2026-06-02,,true
10410,LOW,LOW,LOW,2026-06-02,,true
10414,LOW,LOW,LOW,2026-06-02,,true
10425,LOW,LOW,LOW,2026-06-02,,true
10426,LOW,LOW,LOW,2026-06-02,,true
10427,LOW,LOW,LOW,2026-06-02,,true
10428,LOW,LOW,LOW,2026-06-02,,true
10431,LOW,LOW,LOW,2026-06-02,,true
10438,LOW,LOW,LOW,2026-06-02,,true
10440,LOW,LOW,LOW,2026-06-02,,true
10443,LOW,LOW,LOW,2026-06-02,,true
10445,LOW,LOW,LOW,2026-06-02,,true
10454,LOW,LOW,LOW,2026-06-02,,true
10458,LOW,LOW,LOW,2026-06-02,,true
10459,LOW,LOW,LOW,2026-06-02,,true
10462,LOW,LOW,LOW,2026-06-02,,true
10466,LOW,LOW,LOW,2026-06-02,,true
10469,LOW,LOW,LOW,2026-06-02,,true
10472,LOW,LOW,LOW,2026-06-02,,true
10479,LOW,LOW,LOW,2026-06-02,,true
10482,LOW,LOW,LOW,2026-06-02,,true
10485,LOW,LOW,LOW,2026-06-02,,true
10487,LOW,LOW,LOW,2026-06-02,,true
10490,LOW,LOW,LOW,2026-06-02,,true
10496,LOW,LOW,LOW,2026-06-02,,true
10504,LOW,LOW,LOW,2026-06-02,,true
10505,LOW,LOW,LOW,2026-06-02,,true
10506,LOW,LOW,LOW,2026-06-02,,true
10513,LOW,LOW,LOW,2026-06-02,,true
10514,LOW,LOW,LOW,2026-06-02,,true
10516,LOW,LOW,LOW,2026-06-02,,true
10517,LOW,LOW,LOW,2026-06-02,,true
10521,LOW,LOW,LOW,2026-06-02,,true
10522,LOW,LOW,LOW,2026-06-02,,true
10529,LOW,LOW,LOW,2026-06-02,,true
10532,LOW,LOW,LOW,2026-06-02,,true
10535,LOW,LOW,LOW,2026-06-02,,true
10538,LOW,LOW,LOW,2026-06-02,,true
10541,LOW,LOW,LOW,2026-06-02,,true
10542,LOW,LOW,LOW,2026-06-02,,true
10544,LOW,LOW,LOW,2026-06-02,,true
10545,LOW,LOW,LOW,2026-06-02,,true
10547,LOW,LOW,LOW,2026-06-02,,true
10549,LOW,LOW,LOW,2026-06-02,,true
10554,LOW,LOW,LOW,2026-06-02,,true
10558,LOW,LOW,LOW,2026-06-02,,true
10559,LOW,LOW,LOW,2026-06-02,,true
10560,LOW,LOW,LOW,2026-06-02,,true
10561,LOW,LOW,LOW,2026-06-02,,true
10568,LOW,LOW,LOW,2026-06-02,,true
10573,LOW,LOW,LOW,2026-06-02,,true
10579,LOW,LOW,LOW,2026-06-02,,true
10582,LOW,LOW,LOW,2026-06-02,,true
10583,LOW,LOW,LOW,2026-06-02,,true
10591,LOW,LOW,LOW,2026-06-02,,true
10595,LOW,LOW,LOW,2026-06-02,,true
10596,LOW,LOW,LOW,2026-06-02,,true
10597,LOW,LOW,LOW,2026-06-02,,true
10598,LOW,LOW,LOW,2026-06-02,,true
10600,LOW,LOW,LOW,2026-06-02,,true
10603,LOW,LOW,LOW,2026-06-02,,true
10604,LOW,LOW,LOW,2026-06-02,,true
10611,LOW,LOW,LOW,2026-06-02,,true
10622,LOW,LOW,LOW,2026-06-02,,true
10628,LOW,LOW,LOW,2026-06-02,,true
10632,LOW,LOW,LOW,2026-06-02,,true
10633,LOW,LOW,LOW,2026-06-02,,true
10636,LOW,LOW,LOW,2026-06-02,,true
10637,LOW,LOW,LOW,2026-06-02,,true
10650,LOW,LOW,LOW,2026-06-02,,true
10651,LOW,LOW,LOW,2026-06-02,,true
10652,LOW,LOW,LOW,2026-06-02,,true
10656,LOW,LOW,LOW,2026-06-02,,true
10660,LOW,LOW,LOW,2026-06-02,,true
10665,LOW,LOW,LOW,2026-06-02,,true
10666,LOW,LOW,LOW,2026-06-02,,true
10671,LOW,LOW,LOW,2026-06-02,,true
10676,LOW,LOW,LOW,2026-06-02,,true
10684,LOW,LOW,LOW,2026-06-02,,true
10685,LOW,LOW,LOW,2026-06-02,,true
10686,LOW,LOW,LOW,2026-06-02,,true
10689,LOW,LOW,LOW,2026-06-02,,true
10693,LOW,LOW,LOW,2026-06-02,,true
10697,LOW,LOW,LOW,2026-06-02,,true
10698,LOW,LOW,LOW,2026-06-02,,true
10699,LOW,LOW,LOW,2026-06-02,,true
10702,LOW,LOW,LOW,2026-06-02,,true
10705,LOW,LOW,LOW,2026-06-02,,true
10711,LOW,LOW,LOW,2026-06-02,,true
10722,LOW,LOW,LOW,2026-06-02,,true
10733,LOW,LOW,LOW,2026-06-02,,true
10734,LOW,LOW,LOW,2026-06-02,,true
10735,LOW,LOW,LOW,2026-06-02,,true
10736,LOW,LOW,LOW,2026-06-02,,true
10738,LOW,LOW,LOW,2026-06-02,,true
10741,LOW,LOW,LOW,2026-06-02,,true
10751,LOW,LOW,LOW,2026-06-02,,true
10753,LOW,LOW,LOW,2026-06-02,,true
10761,LOW,LOW,LOW,2026-06-02,,true
10763,LOW,LOW,LOW,2026-06-02,,true
10766,LOW,LOW,LOW,2026-06-02,,true
10777,LOW,HIGH,LOW,2026-06-02,,true
10779,LOW,HIGH,LOW,2026-06-02,,true
10780,LOW,HIGH,LOW,2026-06-02,,true
10783,LOW,HIGH,LOW,2026-06-02,,true
10789,LOW,HIGH,LOW,2026-06-02,,true
10792,LOW,HIGH,LOW,2026-06-02,,true
10793,LOW,HIGH,LOW,2026-06-02,,true
10794,LOW,HIGH,LOW,2026-06-02,,true
10796,LOW,HIGH,LOW,2026-06-02,,true
10797,LOW,HIGH,LOW,2026-06-02,,true
10798,LOW,HIGH,LOW,2026-06-02,,true
10809,LOW,HIGH,LOW,2026-06-02,,true
10820,LOW,HIGH,LOW,2026-06-02,,true
10825,LOW,HIGH,LOW,2026-06-02,,true
10837,LOW,LOW,LOW,2026-06-02,,true
10838,LOW,LOW,LOW,2026-06-02,,true
10840,LOW,LOW,LOW,2026-06-02,,true
10848,LOW,LOW,LOW,2026-06-02,,true
10850,LOW,LOW,LOW,2026-06-02,,true
10852,LOW,LOW,LOW,2026-06-02,,true
10853,LOW,LOW,LOW,2026-06-02,,true
10854,LOW,LOW,LOW,2026-06-02,,true
10864,LOW,LOW,LOW,2026-06-02,,true
10872,LOW,LOW,LOW,2026-06-02,,true
10873,LOW,LOW,LOW,2026-06-02,,true
10877,LOW,LOW,LOW,2026-06-02,,true
10882,LOW,LOW,LOW,2026-06-02,,true
10883,LOW,LOW,LOW,2026-06-02,,true
10887,LOW,LOW,LOW,2026-06-02,,true
10889,LOW,LOW,LOW,2026-06-02,,true
10892,LOW,LOW,LOW,2026-06-02,,true
10895,LOW,LOW,LOW,2026-06-02,,true
10897,LOW,LOW,LOW,2026-06-02,,true
10898,LOW,LOW,LOW,2026-06-02,,true
10900,LOW,LOW,LOW,2026-06-02,,true
10909,LOW,LOW,LOW,2026-06-02,,true
10914,LOW,LOW,LOW,2026-06-02,,true
10924,LOW,LOW,LOW,2026-06-02,,true
10926,LOW,LOW,LOW,2026-06-02,,true
10942,LOW,LOW,LOW,2026-06-02,,true
10945,LOW,LOW,LOW,2026-06-02,,true
10950,LOW,LOW,LOW,2026-06-02,,true
10951,LOW,LOW,LOW,2026-06-02,,true
10957,LOW,LOW,LOW,2026-06-02,,true
10958,LOW,LOW,LOW,2026-06-02,,true
10959,LOW,LOW,LOW,2026-06-02,,true
10966,LOW,LOW,LOW,2026-06-02,,true
10967,LOW,LOW,LOW,2026-06-02,,true
10968,LOW,LOW,LOW,2026-06-02,,true
10981,LOW,LOW,LOW,2026-06-02,,true
10982,LOW,LOW,LOW,2026-06-02,,true
10984,LOW,LOW,LOW,2026-06-02,,true
10987,LOW,LOW,LOW,2026-06-02,,true
11003,LOW,HIGH,LOW,2026-06-02,,true
11004,LOW,HIGH,LOW,2026-06-02,,true
11008,LOW,HIGH,LOW,2026-06-02,,true
11011,LOW,HIGH,LOW,2026-06-02,,true
11016,LOW,HIGH,LOW,2026-06-02,,true
11023,LOW,HIGH,LOW,2026-06-02,,true
11042,LOW,HIGH,LOW,2026-06-02,,true
11046,LOW,HIGH,LOW,2026-06-02,,true
11049,LOW,HIGH,LOW,2026-06-02,,true
11050,LOW,HIGH,LOW,2026-06-02,,true
11051,LOW,HIGH,LOW,2026-06-02,,true
11055,LOW,HIGH,LOW,2026-06-02,,true
11056,LOW,HIGH,LOW,2026-06-02,,true
11057,LOW,HIGH,LOW,2026-06-02,,true
11058,LOW,HIGH,LOW,2026-06-02,,true
11061,LOW,HIGH,LOW,2026-06-02,,true
11067,LOW,LOW,LOW,2026-06-02,,true
11077,LOW,LOW,LOW,2026-06-02,,true
11082,LOW,LOW,LOW,2026-06-02,,true
11085,LOW,LOW,LOW,2026-06-02,,true
11087,LOW,LOW,LOW,2026-06-02,,true
11089,LOW,LOW,LOW,2026-06-02,,true
11092,LOW,LOW,LOW,2026-06-02,,true
11093,LOW,LOW,LOW,2026-06-02,,true
11095,LOW,LOW,LOW,2026-06-02,,true
11097,LOW,LOW,LOW,2026-06-02,,true
11098,LOW,LOW,LOW,2026-06-02,,true
11099,LOW,LOW,LOW,2026-06-02,,true
11101,LOW,LOW,LOW,2026-06-02,,true
11103,LOW,LOW,LOW,2026-06-02,,true
11106,LOW,LOW,LOW,2026-06-02,,true
11110,LOW,LOW,LOW,2026-06-02,,true
11111,LOW,LOW,LOW,2026-06-02,,true
11113,LOW,LOW,LOW,2026-06-02,,true
11114,LOW,LOW,LOW,2026-06-02,,true
11116,LOW,LOW,LOW,2026-06-02,,true
11119,LOW,LOW,LOW,2026-06-02,,true
11120,LOW,LOW,LOW,2026-06-02,,true
11125,LOW,LOW,LOW,2026-06-02,,true
11129,LOW,LOW,LOW,2026-06-02,,true
11131,LOW,LOW,LOW,2026-06-02,,true
11137,LOW,LOW,LOW,2026-06-02,,true
11145,LOW,LOW,LOW,2026-06-02,,true
11146,LOW,LOW,LOW,2026-06-02,,true
11148,LOW,LOW,LOW,2026-06-02,,true
11154,LOW,LOW,LOW,2026-06-02,,true
11162,LOW,LOW,LOW,2026-06-02,,true
11164,LOW,LOW,LOW,2026-06-02,,true
11173,LOW,LOW,LOW,2026-06-02,,true
11175,LOW,LOW,LOW,2026-06-02,,true
11177,LOW,LOW,LOW,2026-06-02,,true
11195,LOW,LOW,LOW,2026-06-02,,true
11196,LOW,LOW,LOW,2026-06-02,,true
11198,LOW,LOW,LOW,2026-06-02,,true
11207,LOW,LOW,LOW,2026-06-02,,true
11210,LOW,LOW,LOW,2026-06-02,,true
11211,LOW,LOW,LOW,2026-06-02,,true
11217,LOW,LOW,LOW,2026-06-02,,true
11220,LOW,LOW,LOW,2026-06-02,,true
11222,LOW,LOW,LOW,2026-06-02,,true
11226,LOW,LOW,LOW,2026-06-02,,true
11227,LOW,LOW,LOW,2026-06-02,,true
11232,LOW,LOW,LOW,2026-06-02,,true
11234,LOW,LOW,LOW,2026-06-02,,true
11237,LOW,LOW,LOW,2026-06-02,,true
11238,LOW,LOW,LOW,2026-06-02,,true
11240,LOW,LOW,LOW,2026-06-02,,true
11242,LOW,LOW,LOW,2026-06-02,,true
11254,LOW,LOW,LOW,2026-06-02,,true
11260,LOW,LOW,LOW,2026-06-02,,true
11262,LOW,LOW,LOW,2026-06-02,,true
11272,LOW,LOW,LOW,2026-06-02,,true
11279,LOW,LOW,LOW,2026-06-02,,true
11291,LOW,LOW,LOW,2026-06-02,,true
11298,LOW,LOW,LOW,2026-06-02,,true
11301,LOW,LOW,LOW,2026-06-02,,true
11303,LOW,LOW,LOW,2026-06-02,,true
11306,LOW,LOW,LOW,2026-06-02,,true
11307,LOW,LOW,LOW,2026-06-02,,true
11309,LOW,LOW,LOW,2026-06-02,,true
11312,LOW,LOW,LOW,2026-06-02,,true
11313,LOW,LOW,LOW,2026-06-02,,true
11314,LOW,LOW,LOW,2026-06-02,,true
11316,LOW,LOW,LOW,2026-06-02,,true
11318,LOW,LOW,LOW,2026-06-02,,true
11321,LOW,LOW,LOW,2026-06-02,,true
11334,LOW,LOW,LOW,2026-06-02,,true
11335,LOW,LOW,LOW,2026-06-02,,true
11338,LOW,LOW,LOW,2026-06-02,,true
11341,LOW,LOW,LOW,2026-06-02,,true
11354,LOW,LOW,LOW,2026-06-02,,true
11355,LOW,LOW,LOW,2026-06-02,,true
11363,LOW,LOW,LOW,2026-06-02,,true
11365,LOW,LOW,LOW,2026-06-02,,true
11367,LOW,LOW,LOW,2026-06-02,,true
11374,LOW,LOW,LOW,2026-06-02,,true
11379,LOW,LOW,LOW,2026-06-02,,true
11388,LOW,LOW,LOW,2026-06-02,,true
11401,LOW,LOW,LOW,2026-06-02,,true
11402,LOW,LOW,LOW,2026-06-02,,true
11404,LOW,LOW,LOW,2026-06-02,,true
11406,LOW,LOW,LOW,2026-06-02,,true
11412,LOW,LOW,LOW,2026-06-02,,true
11415,LOW,LOW,LOW,2026-06-02,,true
11419,LOW,LOW,LOW,2026-06-02,,true
11428,LOW,LOW,LOW,2026-06-02,,true
11431,LOW,LOW,LOW,2026-06-02,,true
11435,LOW,LOW,LOW,2026-06-02,,true
11437,LOW,LOW,LOW,2026-06-02,,true
11438,LOW,LOW,LOW,2026-06-02,,true
11441,LOW,LOW,LOW,2026-06-02,,true
11447,LOW,LOW,LOW,2026-06-02,,true
11452,LOW,LOW,LOW,2026-06-02,,true
11453,LOW,LOW,LOW,2026-06-02,,true
11455,LOW,LOW,LOW,2026-06-02,,true
11458,LOW,LOW,LOW,2026-06-02,,true
11461,LOW,LOW,LOW,2026-06-02,,true
11466,LOW,LOW,LOW,2026-06-02,,true
11467,LOW,LOW,LOW,2026-06-02,,true
11470,LOW,LOW,LOW,2026-06-02,,true
11474,LOW,LOW,LOW,2026-06-02,,true
11481,LOW,LOW,LOW,2026-06-02,,true
11482,LOW,LOW,LOW,2026-06-02,,true
11483,LOW,LOW,LOW,2026-06-02,,true
11484,LOW,LOW,LOW,2026-06-02,,true
11488,LOW,LOW,LOW,2026-06-02,,true
11489,LOW,LOW,LOW,2026-06-02,,true
11501,LOW,LOW,LOW,2026-06-02,,true
11511,LOW,LOW,LOW,2026-06-02,,true
11512,LOW,LOW,LOW,2026-06-02,,true
11513,LOW,LOW,LOW,2026-06-02,,true
11519,LOW,LOW,LOW,2026-06-02,,true
11521,LOW,LOW,LOW,2026-06-02,,true
11525,LOW,LOW,LOW,2026-06-02,,true
11526,LOW,LOW,LOW,2026-06-02,,true
11532,LOW,HIGH,LOW,2026-06-02,,true
11537,LOW,HIGH,LOW,2026-06-02,,true
11541,LOW,HIGH,LOW,2026-06-02,,true
11550,LOW,HIGH,LOW,2026-06-02,,true
11565,LOW,LOW,LOW,2026-06-02,,true
11568,LOW,LOW,LOW,2026-06-02,,true
11570,LOW,LOW,LOW,2026-06-02,,true
11573,LOW,LOW,LOW,2026-06-02,,true
11582,LOW,LOW,LOW,2026-06-02,,true
11584,LOW,LOW,LOW,2026-06-02,,true
11585,LOW,LOW,LOW,2026-06-02,,true
11586,LOW,LOW,LOW,2026-06-02,,true
11588,LOW,LOW,LOW,2026-06-02,,true
11597,LOW,LOW,LOW,2026-06-02,,true
11599,LOW,LOW,LOW,2026-06-02,,true
11600,LOW,LOW,LOW,2026-06-02,,true
11603,LOW,LOW,LOW,2026-06-02,,true
11605,LOW,LOW,LOW,2026-06-02,,true
11607,LOW,LOW,LOW,2026-06-02,,true
11617,LOW,LOW,LOW,2026-06-02,,true
11619,LOW,LOW,LOW,2026-06-02,,true
11620,LOW,LOW,LOW,2026-06-02,,true
11622,LOW,LOW,LOW,2026-06-02,,true
11625,LOW,LOW,LOW,2026-06-02,,true
11628,LOW,LOW,LOW,2026-06-02,,true
11633,LOW,LOW,LOW,2026-06-02,,true
11638,LOW,LOW,LOW,2026-06-02,,true
11640,LOW,LOW,LOW,2026-06-02,,true
11646,LOW,LOW,LOW,2026-06-02,,true
11648,LOW,LOW,LOW,2026-06-02,,true
11663,LOW,LOW,LOW,2026-06-02,,true
11667,LOW,LOW,LOW,2026-06-02,,true
11668,LOW,LOW,LOW,2026-06-02,,true
11669,LOW,LOW,LOW,2026-06-02,,true
11670,LOW,LOW,LOW,2026-06-02,,true
11671,LOW,LOW,LOW,2026-06-02,,true
11672,LOW,LOW,LOW,2026-06-02,,true
11676,HIGH,LOW,HIGH,2026-06-02,,true
11679,HIGH,LOW,HIGH,2026-06-02,,true
11680,HIGH,LOW,HIGH,2026-06-02,,true
11682,HIGH,LOW,HIGH,2026-06-02,,true
11689,HIGH,LOW,HIGH,2026-06-02,,true
11691,HIGH,LOW,HIGH,2026-06-02,,true
11693,HIGH,LOW,HIGH,2026-06-02,,true
11696,HIGH,LOW,HIGH,2026-06-02,,true
11701,HIGH,LOW,HIGH,2026-06-02,,true
11707,HIGH,LOW,HIGH,2026-06-02,,true
11712,HIGH,LOW,HIGH,2026-06-02,,true
11714,HIGH,LOW,HIGH,2026-06-02,,true
11716,HIGH,LOW,HIGH,2026-06-02,,true
11718,HIGH,LOW,HIGH,2026-06-02,,true
11721,HIGH,LOW,HIGH,2026-06-02,,true
11727,HIGH,LOW,HIGH,2026-06-02,,true
11730,HIGH,LOW,HIGH,2026-06-02,,true
11732,HIGH,LOW,HIGH,2026-06-02,,true
11738,LOW,LOW,LOW,2026-06-02,,true
11744,LOW,LOW,LOW,2026-06-02,,true
11746,LOW,LOW,LOW,2026-06-02,,true
11749,LOW,LOW,LOW,2026-06-02,,true
11752,LOW,LOW,LOW,2026-06-02,,true
11757,LOW,LOW,LOW,2026-06-02,,true
11761,LOW,LOW,LOW,2026-06-02,,true
11763,LOW,LOW,LOW,2026-06-02,,true
11767,LOW,LOW,LOW,2026-06-02,,true
11772,LOW,LOW,LOW,2026-06-02,,true
11773,LOW,LOW,LOW,2026-06-02,,true
11778,LOW,LOW,LOW,2026-06-02,,true
11787,LOW,LOW,LOW,2026-06-02,,true
11790,LOW,LOW,LOW,2026-06-02,,true
11792,LOW,LOW,LOW,2026-06-02,,true
11795,LOW,LOW,LOW,2026-06-02,,true
11800,LOW,HIGH,LOW,2026-06-02,,true
11801,LOW,HIGH,LOW,2026-06-02,,true
11821,LOW,HIGH,LOW,2026-06-02,,true
11825,LOW,HIGH,LOW,2026-06-02,,true
11827,LOW,HIGH,LOW,2026-06-02,,true
11830,LOW,HIGH,LOW,2026-06-02,,true
11832,LOW,HIGH,LOW,2026-06-02,,true
11833,LOW,HIGH,LOW,2026-06-02,,true
11836,LOW,HIGH,LOW,2026-06-02,,true
11838,LOW,HIGH,LOW,2026-06-02,,true
11842,LOW,HIGH,LOW,2026-06-02,,true
11846,LOW,HIGH,LOW,2026-06-02,,true
11848,LOW,HIGH,LOW,2026-06-02,,true
11857,LOW,HIGH,LOW,2026-06-02,,true
11858,LOW,HIGH,LOW,2026-06-02,,true
11869,LOW,LOW,LOW,2026-06-02,,true
11870,LOW,LOW,LOW,2026-06-02,,true
11873,LOW,LOW,LOW,2026-06-02,,true
11878,LOW,LOW,LOW,2026-06-02,,true
11887,LOW,LOW,LOW,2026-06-02,,true
11888,LOW,LOW,LOW,2026-06-02,,true
11889,LOW,LOW,LOW,2026-06-02,,true
11890,LOW,LOW,LOW,2026-06-02,,true
11901,LOW,LOW,LOW,2026-06-02,,true
11908,LOW,LOW,LOW,2026-06-02,,true
11912,LOW,LOW,LOW,2026-06-02,,true
11915,LOW,LOW,LOW,2026-06-02,,true
11916,LOW,LOW,LOW,2026-06-02,,true
11936,LOW,HIGH,LOW,2026-06-02,,true
11941,LOW,HIGH,LOW,2026-06-02,,true
11943,LOW,HIGH,LOW,2026-06-02,,true
11946,LOW,HIGH,LOW,2026-06-02,,true
11952,LOW,HIGH,LOW,2026-06-02,,true
11956,LOW,HIGH,LOW,2026-06-02,,true
11957,LOW,HIGH,LOW,2026-06-02,,true
11961,LOW,HIGH,LOW,2026-06-02,,true
11962,LOW,HIGH,LOW,2026-06-02,,true
11967,LOW,HIGH,LOW,2026-06-02,,true
11969,LOW,HIGH,LOW,2026-06-02,,true
11975,LOW,HIGH,LOW,2026-06-02,,true
11979,LOW,HIGH,LOW,2026-06-02,,true
11984,LOW,HIGH,LOW,2026-06-02,,true
11988,LOW,LOW,LOW,2026-06-02,,true
11992,LOW,LOW,LOW,2026-06-02,,true
11995,LOW,LOW,LOW,2026-06-02,,true
11997,LOW,LOW,LOW,2026-06-02,,true
11998,LOW,LOW,LOW,2026-06-02,,true
12004,LOW,LOW,LOW,2026-06-02,,true
12005,LOW,LOW,LOW,2026-06-02,,true
12008,LOW,LOW,LOW,2026-06-02,,true
12013,LOW,LOW,LOW,2026-06-02,,true
12017,LOW,LOW,LOW,2026-06-02,,true
12019,LOW,LOW,LOW,2026-06-02,,true
12022,LOW,LOW,LOW,2026-06-02,,true
12023,LOW,LOW,LOW,2026-06-02,,true
12029,LOW,LOW,LOW,2026-06-02,,true
12032,LOW,LOW,LOW,2026-06-02,,true
12037,LOW,LOW,LOW,2026-06-02,,true
12038,LOW,LOW,LOW,2026-06-02,,true
12044,LOW,LOW,LOW,2026-06-02,,true
12046,LOW,LOW,LOW,2026-06-02,,true
12047,LOW,LOW,LOW,2026-06-02,,true
12053,LOW,LOW,LOW,2026-06-02,,true
12054,LOW,LOW,LOW,2026-06-02,,true
12063,LOW,LOW,LOW,2026-06-02,,true
12069,LOW,LOW,LOW,2026-06-02,,true
12072,LOW,LOW,LOW,2026-06-02,,true
12076,LOW,LOW,LOW,2026-06-02,,true
12078,LOW,LOW,LOW,2026-06-02,,true
12079,LOW,LOW,LOW,2026-06-02,,true
12080,LOW,LOW,LOW,2026-06-02,,true
12083,LOW,LOW,LOW,2026-06-02,,true
12089,LOW,LOW,LOW,2026-06-02,,true
12092,LOW,LOW,LOW,2026-06-02,,true
12094,LOW,LOW,LOW,2026-06-02,,true
12096,LOW,LOW,LOW,2026-06-02,,true
12101,LOW,LOW,LOW,2026-06-02,,true
12105,LOW,LOW,LOW,2026-06-02,,true
12109,LOW,LOW,LOW,2026-06-02,,true
12117,LOW,LOW,LOW,2026-06-02,,true
12121,LOW,LOW,LOW,2026-06-02,,true
12122,LOW,LOW,LOW,2026-06-02,,true
12123,LOW,LOW,LOW,2026-06-02,,true
12132,LOW,LOW,LOW,2026-06-02,,true
12134,LOW,LOW,LOW,2026-06-02,,true
12141,LOW,LOW,LOW,2026-06-02,,true
12143,LOW,LOW,LOW,2026-06-02,,true
12144,LOW,LOW,LOW,2026-06-02,,true
12145,LOW,LOW,LOW,2026-06-02,,true
12152,LOW,LOW,LOW,2026-06-02,,true
12154,LOW,LOW,LOW,2026-06-02,,true
12159,LOW,LOW,LOW,2026-06-02,,true
12162,LOW,LOW,LOW,2026-06-02,,true
12163,LOW,LOW,LOW,2026-06-02,,true
12165,LOW,LOW,LOW,2026-06-02,,true
12167,LOW,LOW,LOW,2026-06-02,,true
12173,LOW,LOW,LOW,2026-06-02,,true
12183,LOW,LOW,LOW,2026-06-02,,true
12187,LOW,LOW,LOW,2026-06-02,,true
12189,LOW,LOW,LOW,2026-06-02,,true
12190,LOW,LOW,LOW,2026-06-02,,true
12194,LOW,LOW,LOW,2026-06-02,,true
12197,LOW,LOW,LOW,2026-06-02,,true
12198,LOW,LOW,LOW,2026-06-02,,true
12199,LOW,LOW,LOW,2026-06-02,,true
12202,LOW,LOW,LOW,2026-06-02,,true
12210,LOW,LOW,LOW,2026-06-02,,true
12212,LOW,LOW,LOW,2026-06-02,,true
12215,LOW,HIGH,LOW,2026-06-02,,true
12218,LOW,HIGH,LOW,2026-06-02,,true
12221,LOW,HIGH,LOW,2026-06-02,,true
12223,LOW,HIGH,LOW,2026-06-02,,true
12224,LOW,HIGH,LOW,2026-06-02,,true
12226,LOW,HIGH,LOW,2026-06-02,,true
12228,LOW,HIGH,LOW,2026-06-02,,true
12231,LOW,HIGH,LOW,2026-06-02,,true
12232,LOW,HIGH,LOW,2026-06-02,,true
12234,LOW,HIGH,LOW,2026-06-02,,true
12237,LOW,HIGH,LOW,2026-06-02,,true
12243,LOW,HIGH,LOW,2026-06-02,,true
12244,LOW,HIGH,LOW,2026-06-02,,true
12248,LOW,HIGH,LOW,2026-06-02,,true
12250,LOW,HIGH,LOW,2026-06-02,,true
12259,LOW,HIGH,LOW,2026-06-02,,true
12263,LOW,HIGH,LOW,2026-06-02,,true
12268,LOW,HIGH,LOW,2026-06-02,,true
12270,LOW,HIGH,LOW,2026-06-02,,true
12271,LOW,HIGH,LOW,2026-06-02,,true
12282,LOW,LOW,LOW,2026-06-02,,true
12285,LOW,LOW,LOW,2026-06-02,,true
12295,LOW,LOW,LOW,2026-06-02,,true
12305,LOW,LOW,LOW,2026-06-02,,true
12311,LOW,LOW,LOW,2026-06-02,,true
12315,LOW,LOW,LOW,2026-06-02,,true
12322,LOW,LOW,LOW,2026-06-02,,true
12326,LOW,LOW,LOW,2026-06-02,,true
12330,LOW,LOW,LOW,2026-06-02,,true
12331,LOW,LOW,LOW,2026-06-02,,true
12332,LOW,LOW,LOW,2026-06-02,,true
12334,LOW,LOW,LOW,2026-06-02,,true
12339,LOW,LOW,LOW,2026-06-02,,true
12344,LOW,HIGH,LOW,2026-06-02,,true
12348,LOW,HIGH,LOW,2026-06-02,,true
12349,LOW,HIGH,LOW,2026-06-02,,true
12350,LOW,HIGH,LOW,2026-06-02,,true
12351,LOW,HIGH,LOW,2026-06-02,,true
12355,LOW,HIGH,LOW,2026-06-02,,true
12359,LOW,HIGH,LOW,2026-06-02,,true
12360,LOW,HIGH,LOW,2026-06-02,,true
12371,LOW,HIGH,LOW,2026-06-02,,true
12381,LOW,HIGH,LOW,2026-06-02,,true
12384,LOW,HIGH,LOW,2026-06-02,,true
12388,LOW,HIGH,LOW,2026-06-02,,true
12389,LOW,HIGH,LOW,2026-06-02,,true
12391,LOW,HIGH,LOW,2026-06-02,,true
12397,LOW,HIGH,LOW,2026-06-02,,true
12401,LOW,LOW,LOW,2026-06-02,,true
12412,LOW,LOW,LOW,2026-06-02,,true
12413,LOW,LOW,LOW,2026-06-02,,true
12418,LOW,LOW,LOW,2026-06-02,,true
12423,LOW,LOW,LOW,2026-06-02,,true
12429,LOW,LOW,LOW,2026-06-02,,true
12434,LOW,LOW,LOW,2026-06-02,,true
12442,LOW,LOW,LOW,2026-06-02,,true
12444,LOW,LOW,LOW,2026-06-02,,true
12450,LOW,LOW,LOW,2026-06-02,,true
12456,LOW,LOW,LOW,2026-06-02,,true
12459,LOW,LOW,LOW,2026-06-02,,true
12469,LOW,HIGH,LOW,2026-06-02,,true
12470,LOW,HIGH,LOW,2026-06-02,,true
12472,LOW,HIGH,LOW,2026-06-02,,true
12480,LOW,HIGH,LOW,2026-06-02,,true
12495,LOW,HIGH,LOW,2026-06-02,,true
12500,LOW,HIGH,LOW,2026-06-02,,true
12501,LOW,HIGH,LOW,2026-06-02,,true
12504,LOW,HIGH,LOW,2026-06-02,,true
12509,LOW,HIGH,LOW,2026-06-02,,true
12516,LOW,HIGH,LOW,2026-06-02,,true
12519,LOW,HIGH,LOW,2026-06-02,,true
12521,LOW,HIGH,LOW,2026-06-02,,true
12522,LOW,HIGH,LOW,2026-06-02,,true
12529,LOW,LOW,LOW,2026-06-02,,true
12532,LOW,LOW,LOW,2026-06-02,,true
12533,LOW,LOW,LOW,2026-06-02,,true
12534,LOW,LOW,LOW,2026-06-02,,true
12541,LOW,LOW,LOW,2026-06-02,,true
12542,LOW,LOW,LOW,2026-06-02,,true
12546,LOW,LOW,LOW,2026-06-02,,true
12547,LOW,LOW,LOW,2026-06-02,,true
12548,LOW,LOW,LOW,2026-06-02,,true
12552,LOW,LOW,LOW,2026-06-02,,true
12554,LOW,LOW,LOW,2026-06-02,,true
12555,LOW,LOW,LOW,2026-06-02,,true
12557,LOW,LOW,LOW,2026-06-02,,true
12558,LOW,LOW,LOW,2026-06-02,,true
12559,LOW,LOW,LOW,2026-06-02,,true
12561,LOW,LOW,LOW,2026-06-02,,true
12565,LOW,LOW,LOW,2026-06-02,,true
12570,LOW,LOW,LOW,2026-06-02,,true
12579,LOW,LOW,LOW,2026-06-02,,true
12586,LOW,LOW,LOW,2026-06-02,,true
12590,LOW,LOW,LOW,2026-06-02,,true
12592,LOW,LOW,LOW,2026-06-02,,true
12593,LOW,HIGH,LOW,2026-06-02,,true
12594,LOW,HIGH,LOW,2026-06-02,,true
12599,LOW,HIGH,LOW,2026-06-02,,true
12606,LOW,HIGH,LOW,2026-06-02,,true
12624,LOW,HIGH,LOW,2026-06-02,,true
12628,LOW,HIGH,LOW,2026-06-02,,true
12630,LOW,HIGH,LOW,2026-06-02,,true
12631,LOW,HIGH,LOW,2026-06-02,,true
12632,LOW,HIGH,LOW,2026-06-02,,true
12634,LOW,HIGH,LOW,2026-06-02,,true
12639,LOW,HIGH,LOW,2026-06-02,,true
12647,LOW,HIGH,LOW,2026-06-02,,true
12650,LOW,HIGH,LOW,2026-06-02,,true
12651,LOW,HIGH,LOW,2026-06-02,,true
12652,LOW,HIGH,LOW,2026-06-02,,true
12653,LOW,LOW,LOW,2026-06-02,,true
12659,LOW,LOW,LOW,2026-06-02,,true
12662,LOW,LOW,LOW,2026-06-02,,true
12664,LOW,LOW,LOW,2026-06-02,,true
12666,LOW,LOW,LOW,2026-06-02,,true
12681,LOW,LOW,LOW,2026-06-02,,true
12682,LOW,LOW,LOW,2026-06-02,,true
12683,LOW,LOW,LOW,2026-06-02,,true
12684,LOW,LOW,LOW,2026-06-02,,true
12689,LOW,LOW,LOW,2026-06-02,,true
12690,LOW,LOW,LOW,2026-06-02,,true
12699,LOW,LOW,LOW,2026-06-02,,true
12700,LOW,LOW,LOW,2026-06-02,,true
12701,LOW,LOW,LOW,2026-06-02,,true
12706,LOW,LOW,LOW,2026-06-02,,true
12707,LOW,LOW,LOW,2026-06-02,,true
12708,LOW,LOW,LOW,2026-06-02,,true
12711,LOW,LOW,LOW,2026-06-02,,true
12712,LOW,LOW,LOW,2026-06-02,,true
12714,LOW,LOW,LOW,2026-06-02,,true
12722,LOW,LOW,LOW,2026-06-02,,true
12723,LOW,LOW,LOW,2026-06-02,,true
12725,LOW,LOW,LOW,2026-06-02,,true
12734,LOW,LOW,LOW,2026-06-02,,true
12736,LOW,LOW,LOW,2026-06-02,,true
12744,LOW,LOW,LOW,2026-06-02,,true
12746,LOW,LOW,LOW,2026-06-02,,true
12750,LOW,LOW,LOW,2026-06-02,,true
12752,LOW,LOW,LOW,2026-06-02,,true
12753,LOW,LOW,LOW,2026-06-02,,true
12756,LOW,LOW,LOW,2026-06-02,,true
12757,LOW,LOW,LOW,2026-06-02,,true
12764,LOW,LOW,LOW,2026-06-02,,true
12766,LOW,HIGH,LOW,2026-06-02,,true
12767,LOW,HIGH,LOW,2026-06-02,,true
12770,LOW,HIGH,LOW,2026-06-02,,true
12776,LOW,HIGH,LOW,2026-06-02,,true
12778,LOW,HIGH,LOW,2026-06-02,,true
12783,LOW,HIGH,LOW,2026-06-02,,true
12788,LOW,HIGH,LOW,2026-06-02,,true
12804,LOW,HIGH,LOW,2026-06-02,,true
12805,LOW,HIGH,LOW,2026-06-02,,true
12809,LOW,HIGH,LOW,2026-06-02,,true
12812,LOW,HIGH,LOW,2026-06-02,,true
12827,LOW,LOW,LOW,2026-06-02,,true
12829,LOW,LOW,LOW,2026-06-02,,true
12830,LOW,LOW,LOW,2026-06-02,,true
12832,LOW,LOW,LOW,2026-06-02,,true
12845,LOW,LOW,LOW,2026-06-02,,true
12849,LOW,LOW,LOW,2026-06-02,,true
12854,LOW,LOW,LOW,2026-06-02,,true
12855,LOW,LOW,LOW,2026-06-02,,true
12856,LOW,LOW,LOW,2026-06-02,,true
12861,LOW,LOW,LOW,2026-06-02,,true
12862,LOW,LOW,LOW,2026-06-02,,true
12864,LOW,LOW,LOW,2026-06-02,,true
12868,LOW,LOW,LOW,2026-06-02,,true
12880,LOW,LOW,LOW,2026-06-02,,true
12892,LOW,LOW,LOW,2026-06-02,,true
12894,LOW,LOW,LOW,2026-06-02,,true
12895,LOW,LOW,LOW,2026-06-02,,true
12896,LOW,LOW,LOW,2026-06-02,,true
12899,LOW,LOW,LOW,2026-06-02,,true
12903,LOW,LOW,LOW,2026-06-02,,true
12904,LOW,LOW,LOW,2026-06-02,,true
12905,LOW,LOW,LOW,2026-06-02,,true
12906,LOW,LOW,LOW,2026-06-02,,true
12913,LOW,LOW,LOW,2026-06-02,,true
12920,LOW,LOW,LOW,2026-06-02,,true
12922,LOW,LOW,LOW,2026-06-02,,true
12923,LOW,LOW,LOW,2026-06-02,,true
12930,LOW,LOW,LOW,2026-06-02,,true
12934,LOW,LOW,LOW,2026-06-02,,true
12936,LOW,HIGH,LOW,2026-06-02,,true
12937,LOW,HIGH,LOW,2026-06-02,,true
12945,LOW,HIGH,LOW,2026-06-02,,true
12958,LOW,HIGH,LOW,2026-06-02,,true
12967,LOW,HIGH,LOW,2026-06-02,,true
12969,LOW,HIGH,LOW,2026-06-02,,true
12971,LOW,HIGH,LOW,2026-06-02,,true
12975,LOW,HIGH,LOW,2026-06-02,,true
12980,LOW,HIGH,LOW,2026-06-02,,true
12983,LOW,HIGH,LOW,2026-06-02,,true
12985,LOW,HIGH,LOW,2026-06-02,,true
12988,LOW,HIGH,LOW,2026-06-02,,true
12991,LOW,HIGH,LOW,2026-06-02,,true
12995,LOW,LOW,LOW,2026-06-02,,true
13001,LOW,HIGH,LOW,2026-06-02,,true
13003,LOW,HIGH,LOW,2026-06-02,,true
13014,LOW,HIGH,LOW,2026-06-02,,true
13015,LOW,HIGH,LOW,2026-06-02,,true
13022,LOW,HIGH,LOW,2026-06-02,,true
13023,LOW,HIGH,LOW,2026-06-02,,true
13027,LOW,HIGH,LOW,2026-06-02,,true
13031,LOW,HIGH,LOW,2026-06-02,,true
13035,LOW,HIGH,LOW,2026-06-02,,true
13039,LOW,LOW,LOW,2026-06-02,,true
13041,LOW,LOW,LOW,2026-06-02,,true
13049,LOW,LOW,LOW,2026-06-02,,true
13051,LOW,LOW,LOW,2026-06-02,,true
13054,LOW,LOW,LOW,2026-06-02,,true
13060,LOW,LOW,LOW,2026-06-02,,true
13063,LOW,LOW,LOW,2026-06-02,,true
13067,LOW,LOW,LOW,2026-06-02,,true
13069,LOW,LOW,LOW,2026-06-02,,true
13075,LOW,LOW,LOW,2026-06-02,,true
13084,LOW,LOW,LOW,2026-06-02,,true
13095,LOW,LOW,LOW,2026-06-02,,true
13097,LOW,LOW,LOW,2026-06-02,,true
13101,LOW,LOW,LOW,2026-06-02,,true
13104,LOW,LOW,LOW,2026-06-02,,true
13106,LOW,LOW,LOW,2026-06-02,,true
13107,LOW,LOW,LOW,2026-06-02,,true
13111,LOW,LOW,LOW,2026-06-02,,true
13112,LOW,LOW,LOW,2026-06-02,,true
13113,LOW,LOW,LOW,2026-06-02,,true
13115,LOW,LOW,LOW,2026-06-02,,true
13122,LOW,LOW,LOW,2026-06-02,,true
13125,LOW,LOW,LOW,2026-06-02,,true
13126,LOW,LOW,LOW,2026-06-02,,true
13131,LOW,LOW,LOW,2026-06-02,,true
13135,LOW,LOW,LOW,2026-06-02,,true
13136,LOW,LOW,LOW,2026-06-02,,true
13139,LOW,LOW,LOW,2026-06-02,,true
13142,LOW,LOW,LOW,2026-06-02,,true
13146,LOW,LOW,LOW,2026-06-02,,true
13154,LOW,LOW,LOW,2026-06-02,,true
13168,LOW,LOW,LOW,2026-06-02,,true
13169,LOW,LOW,LOW,2026-06-02,,true
13184,LOW,LOW,LOW,2026-06-02,,true
13188,LOW,LOW,LOW,2026-06-02,,true
13190,LOW,LOW,LOW,2026-06-02,,true
13191,LOW,LOW,LOW,2026-06-02,,true
13197,LOW,LOW,LOW,2026-06-02,,true
13199,LOW,LOW,LOW,2026-06-02,,true
13200,LOW,LOW,LOW,2026-06-02,,true
13203,LOW,LOW,LOW,2026-06-02,,true
13207,LOW,LOW,LOW,2026-06-02,,true
13209,LOW,LOW,LOW,2026-06-02,,true
13217,LOW,LOW,LOW,2026-06-02,,true
13218,LOW,LOW,LOW,2026-06-02,,true
13219,LOW,LOW,LOW,2026-06-02,,true
13227,LOW,LOW,LOW,2026-06-02,,true
13234,LOW,LOW,LOW,2026-06-02,,true
13235,LOW,LOW,LOW,2026-06-02,,true
13236,LOW,LOW,LOW,2026-06-02,,true
13245,LOW,LOW,LOW,2026-06-02,,true
13251,LOW,LOW,LOW,2026-06-02,,true
13252,LOW,LOW,LOW,2026-06-02,,true
13256,LOW,LOW,LOW,2026-06-02,,true
13264,LOW,LOW,LOW,2026-06-02,,true
13265,LOW,LOW,LOW,2026-06-02,,true
13266,LOW,LOW,LOW,2026-06-02,,true
13269,LOW,LOW,LOW,2026-06-02,,true
13270,LOW,LOW,LOW,2026-06-02,,true
13272,LOW,LOW,LOW,2026-06-02,,true
13275,LOW,LOW,LOW,2026-06-02,,true
13276,LOW,LOW,LOW,2026-06-02,,true
13277,LOW,LOW,LOW,2026-06-02,,true
13279,LOW,LOW,LOW,2026-06-02,,true
13282,LOW,LOW,LOW,2026-06-02,,true
13289,LOW,LOW,LOW,2026-06-02,,true
13291,LOW,LOW,LOW,2026-06-02,,true
13293,LOW,LOW,LOW,2026-06-02,,true
13296,LOW,LOW,LOW,2026-06-02,,true
13300,LOW,LOW,LOW,2026-06-02,,true
13308,LOW,LOW,LOW,2026-06-02,,true
13310,LOW,LOW,LOW,2026-06-02,,true
13319,LOW,LOW,LOW,2026-06-02,,true
13327,LOW,LOW,LOW,2026-06-02,,true
13333,LOW,LOW,LOW,2026-06-02,,true
13335,LOW,LOW,LOW,2026-06-02,,true
13339,LOW,LOW,LOW,2026-06-02,,true
13340,LOW,LOW,LOW,2026-06-02,,true
13341,LOW,LOW,LOW,2026-06-02,,true
13346,LOW,LOW,LOW,2026-06-02,,true
13354,LOW,LOW,LOW,2026-06-02,,true
13355,LOW,LOW,LOW,2026-06-02,,true
13356,LOW,LOW,LOW,2026-06-02,,true
13363,LOW,LOW,LOW,2026-06-02,,true
13366,LOW,LOW,LOW,2026-06-02,,true
13371,LOW,LOW,LOW,2026-06-02,,true
13372,LOW,LOW,LOW,2026-06-02,,true
13376,LOW,LOW,LOW,2026-06-02,,true
13379,LOW,LOW,LOW,2026-06-02,,true
13390,LOW,LOW,LOW,2026-06-02,,true
13395,LOW,LOW,LOW,2026-06-02,,true
13396,LOW,LOW,LOW,2026-06-02,,true
13398,LOW,LOW,LOW,2026-06-02,,true
13408,LOW,LOW,LOW,2026-06-02,,true
13413,LOW,LOW,LOW,2026-06-02,,true
13418,LOW,LOW,LOW,2026-06-02,,true
13420,LOW,LOW,LOW,2026-06-02,,true
13423,LOW,LOW,LOW,2026-06-02,,true
13424,LOW,LOW,LOW,2026-06-02,,true
13426,LOW,LOW,LOW,2026-06-02,,true
13432,LOW,LOW,LOW,2026-06-02,,true
13434,LOW,LOW,LOW,2026-06-02,,true
13437,LOW,LOW,LOW,2026-06-02,,true
13440,LOW,LOW,LOW,2026-06-02,,true
13443,LOW,LOW,LOW,2026-06-02,,true
13445,LOW,LOW,LOW,2026-06-02,,true
13446,LOW,LOW,LOW,2026-06-02,,true
13449,LOW,LOW,LOW,2026-06-02,,true
13456,LOW,LOW,LOW,2026-06-02,,true
13458,LOW,LOW,LOW,2026-06-02,,true
13462,LOW,HIGH,LOW,2026-06-02,,true
13464,LOW,HIGH,LOW,2026-06-02,,true
13472,LOW,HIGH,LOW,2026-06-02,,true
13473,LOW,HIGH,LOW,2026-06-02,,true
13476,LOW,HIGH,LOW,2026-06-02,,true
13477,LOW,HIGH,LOW,2026-06-02,,true
13478,LOW,HIGH,LOW,2026-06-02,,true
13483,LOW,HIGH,LOW,2026-06-02,,true
13486,LOW,HIGH,LOW,2026-06-02,,true
13491,LOW,HIGH,LOW,2026-06-02,,true
13512,LOW,HIGH,LOW,2026-06-02,,true
13515,LOW,HIGH,LOW,2026-06-02,,true
13519,LOW,LOW,LOW,2026-06-02,,true
13522,LOW,LOW,LOW,2026-06-02,,true
13529,LOW,LOW,LOW,2026-06-02,,true
13533,LOW,LOW,LOW,2026-06-02,,true
13536,LOW,LOW,LOW,2026-06-02,,true
13538,LOW,LOW,LOW,2026-06-02,,true
13540,LOW,LOW,LOW,2026-06-02,,true
13542,LOW,LOW,LOW,2026-06-02,,true
13544,LOW,LOW,LOW,2026-06-02,,true
13546,LOW,LOW,LOW,2026-06-02,,true
13554,LOW,LOW,LOW,2026-06-02,,true
13560,LOW,LOW,LOW,2026-06-02,,true
13563,LOW,LOW,LOW,2026-06-02,,true
13574,LOW,LOW,LOW,2026-06-02,,true
13575,LOW,LOW,LOW,2026-06-02,,true
13576,LOW,LOW,LOW,2026-06-02,,true
13579,LOW,LOW,LOW,2026-06-02,,true
13582,LOW,LOW,LOW,2026-06-02,,true
13589,LOW,LOW,LOW,2026-06-02,,true
13593,LOW,LOW,LOW,2026-06-02,,true
13601,LOW,LOW,LOW,2026-06-02,,true
13603,LOW,LOW,LOW,2026-06-02,,true
13610,LOW,LOW,LOW,2026-06-02,,true
13612,LOW,LOW,LOW,2026-06-02,,true
13613,LOW,LOW,LOW,2026-06-02,,true
13617,LOW,LOW,LOW,2026-06-02,,true
13618,LOW,LOW,LOW,2026-06-02,,true
13619,LOW,LOW,LOW,2026-06-02,,true
13626,LOW,LOW,LOW,2026-06-02,,true
13627,LOW,LOW,LOW,2026-06-02,,true
13628,LOW,LOW,LOW,2026-06-02,,true
13630,LOW,LOW,LOW,2026-06-02,,true
13648,LOW,LOW,LOW,2026-06-02,,true
13649,LOW,LOW,LOW,2026-06-02,,true
13650,LOW,LOW,LOW,2026-06-02,,true
13655,LOW,LOW,LOW,2026-06-02,,true
13658,LOW,LOW,LOW,2026-06-02,,true
13662,LOW,LOW,LOW,2026-06-02,,true
13668,LOW,LOW,LOW,2026-06-02,,true
13671,LOW,LOW,LOW,2026-06-02,,true
13672,LOW,LOW,LOW,2026-06-02,,true
13675,LOW,LOW,LOW,2026-06-02,,true
13677,LOW,LOW,LOW,2026-06-02,,true
13678,LOW,LOW,LOW,2026-06-02,,true
13680,LOW,LOW,LOW,2026-06-02,,true
13681,LOW,LOW,LOW,2026-06-02,,true
13682,LOW,LOW,LOW,2026-06-02,,true
13689,LOW,LOW,LOW,2026-06-02,,true
13690,LOW,HIGH,LOW,2026-06-02,,true
13703,LOW,HIGH,LOW,2026-06-02,,true
13704,LOW,HIGH,LOW,2026-06-02,,true
13716,LOW,HIGH,LOW,2026-06-02,,true
13723,LOW,HIGH,LOW,2026-06-02,,true
13725,LOW,HIGH,LOW,2026-06-02,,true
13737,LOW,HIGH,LOW,2026-06-02,,true
13740,LOW,HIGH,LOW,2026-06-02,,true
13747,LOW,HIGH,LOW,2026-06-02,,true
13749,LOW,HIGH,LOW,2026-06-02,,true
13750,LOW,LOW,LOW,2026-06-02,,true
13751,LOW,HIGH,LOW,2026-06-02,,true
13756,LOW,HIGH,LOW,2026-06-02,,true
13759,LOW,HIGH,LOW,2026-06-02,,true
13769,LOW,HIGH,LOW,2026-06-02,,true
13772,LOW,HIGH,LOW,2026-06-02,,true
13779,LOW,HIGH,LOW,2026-06-02,,true
13780,LOW,HIGH,LOW,2026-06-02,,true
13783,LOW,HIGH,LOW,2026-06-02,,true
13786,LOW,HIGH,LOW,2026-06-02,,true
13791,LOW,HIGH,LOW,2026-06-02,,true
13797,LOW,HIGH,LOW,2026-06-02,,true
13799,LOW,HIGH,LOW,2026-06-02,,true
13803,LOW,HIGH,LOW,2026-06-02,,true
13805,LOW,HIGH,LOW,2026-06-02,,true
13809,LOW,HIGH,LOW,2026-06-02,,true
13812,LOW,HIGH,LOW,2026-06-02,,true
13818,LOW,HIGH,LOW,2026-06-02,,true
13821,LOW,HIGH,LOW,2026-06-02,,true
13822,LOW,HIGH,LOW,2026-06-02,,true
13827,LOW,HIGH,LOW,2026-06-02,,true
13834,LOW,HIGH,LOW,2026-06-02,,true
13841,LOW,HIGH,LOW,2026-06-02,,true
13842,LOW,HIGH,LOW,2026-06-02,,true
13843,LOW,HIGH,LOW,2026-06-02,,true
13845,LOW,HIGH,LOW,2026-06-02,,true
13847,LOW,LOW,LOW,2026-06-02,,true
13848,LOW,LOW,LOW,2026-06-02,,true
13852,LOW,LOW,LOW,2026-06-02,,true
13855,LOW,LOW,LOW,2026-06-02,,true
13860,LOW,LOW,LOW,2026-06-02,,true
13861,LOW,LOW,LOW,2026-06-02,,true
13863,LOW,LOW,LOW,2026-06-02,,true
13867,LOW,LOW,LOW,2026-06-02,,true
13869,LOW,LOW,LOW,2026-06-02,,true
13872,LOW,LOW,LOW,2026-06-02,,true
13877,LOW,LOW,LOW,2026-06-02,,true
13890,LOW,LOW,LOW,2026-06-02,,true
13892,LOW,LOW,LOW,2026-06-02,,true
13897,LOW,LOW,LOW,2026-06-02,,true
13899,LOW,LOW,LOW,2026-06-02,,true
13907,LOW,LOW,LOW,2026-06-02,,true
13911,LOW,LOW,LOW,2026-06-02,,true
13916,LOW,LOW,LOW,2026-06-02,,true
13919,LOW,LOW,LOW,2026-06-02,,true
13921,LOW,LOW,LOW,2026-06-02,,true
13923,LOW,LOW,LOW,2026-06-02,,true
13933,LOW,LOW,LOW,2026-06-02,,true
13934,LOW,LOW,LOW,2026-06-02,,true
13939,LOW,LOW,LOW,2026-06-02,,true
13940,LOW,LOW,LOW,2026-06-02,,true
13942,LOW,LOW,LOW,2026-06-02,,true
13943,LOW,LOW,LOW,2026-06-02,,true
13944,LOW,LOW,LOW,2026-06-02,,true
13954,LOW,LOW,LOW,2026-06-02,,true
13960,LOW,LOW,LOW,2026-06-02,,true
13963,LOW,LOW,LOW,2026-06-02,,true
13967,LOW,LOW,LOW,2026-06-02,,true
13968,LOW,LOW,LOW,2026-06-02,,true
13976,LOW,LOW,LOW,2026-06-02,,true
13983,LOW,LOW,LOW,2026-06-02,,true
13984,LOW,LOW,LOW,2026-06-02,,true
13989,LOW,LOW,LOW,2026-06-02,,true
13996,LOW,LOW,LOW,2026-06-02,,true
14004,LOW,HIGH,LOW,2026-06-02,,true
14006,LOW,HIGH,LOW,2026-06-02,,true
14008,LOW,HIGH,LOW,2026-06-02,,true
14020,LOW,HIGH,LOW,2026-06-02,,true
14022,LOW,HIGH,LOW,2026-06-02,,true
14023,LOW,HIGH,LOW,2026-06-02,,true
14024,LOW,HIGH,LOW,2026-06-02,,true
14028,LOW,HIGH,LOW,2026-06-02,,true
14032,LOW,HIGH,LOW,2026-06-02,,true
14042,LOW,HIGH,LOW,2026-06-02,,true
14048,LOW,HIGH,LOW,2026-06-02,,true
14051,LOW,HIGH,LOW,2026-06-02,,true
14054,LOW,HIGH,LOW,2026-06-02,,true
14058,LOW,HIGH,LOW,2026-06-02,,true
14061,LOW,HIGH,LOW,2026-06-02,,true
14063,LOW,LOW,LOW,2026-06-02,,true
14065,LOW,LOW,LOW,2026-06-02,,true
14068,LOW,LOW,LOW,2026-06-02,,true
14078,LOW,LOW,LOW,2026-06-02,,true
14083,LOW,LOW,LOW,2026-06-02,,true
14085,LOW,LOW,LOW,2026-06-02,,true
14086,LOW,LOW,LOW,2026-06-02,,true
14104,LOW,LOW,LOW,2026-06-02,,true
14111,LOW,LOW,LOW,2026-06-02,,true
14114,LOW,LOW,LOW,2026-06-02,,true
14115,LOW,LOW,LOW,2026-06-02,,true
14119,LOW,LOW,LOW,2026-06-02,,true
14121,LOW,LOW,LOW,2026-06-02,,true
14124,LOW,LOW,LOW,2026-06-02,,true
14125,LOW,LOW,LOW,2026-06-02,,true
14126,LOW,LOW,LOW,2026-06-02,,true
14132,LOW,HIGH,LOW,2026-06-02,,true
14133,LOW,HIGH,LOW,2026-06-02,,true
14134,LOW,HIGH,LOW,2026-06-02,,true
14156,LOW,HIGH,LOW,2026-06-02,,true
14160,LOW,HIGH,LOW,2026-06-02,,true
14163,LOW,HIGH,LOW,2026-06-02,,true
14166,LOW,HIGH,LOW,2026-06-02,,true
14169,LOW,HIGH,LOW,2026-06-02,,true
14174,LOW,HIGH,LOW,2026-06-02,,true
14177,LOW,HIGH,LOW,2026-06-02,,true
14183,LOW,HIGH,LOW,2026-06-02,,true
14185,LOW,HIGH,LOW,2026-06-02,,true
14188,LOW,HIGH,LOW,2026-06-02,,true
14189,LOW,LOW,LOW,2026-06-02,,true
14190,LOW,LOW,LOW,2026-06-02,,true
14196,LOW,LOW,LOW,2026-06-02,,true
14202,LOW,LOW,LOW,2026-06-02,,true
14205,LOW,LOW,LOW,2026-06-02,,true
14208,LOW,LOW,LOW,2026-06-02,,true
14210,LOW,LOW,LOW,2026-06-02,,true
14213,LOW,LOW,LOW,2026-06-02,,true
14217,LOW,LOW,LOW,2026-06-02,,true
14218,LOW,LOW,LOW,2026-06-02,,true
14228,LOW,LOW,LOW,2026-06-02,,true
14234,LOW,LOW,LOW,2026-06-02,,true
14236,LOW,LOW,LOW,2026-06-02,,true
14246,LOW,LOW,LOW,2026-06-02,,true
14248,LOW,LOW,LOW,2026-06-02,,true
14254,LOW,LOW,LOW,2026-06-02,,true
14258,LOW,LOW,LOW,2026-06-02,,true
14259,LOW,LOW,LOW,2026-06-02,,true
14270,LOW,HIGH,LOW,2026-06-02,,true
14271,LOW,HIGH,LOW,2026-06-02,,true
14275,LOW,HIGH,LOW,2026-06-02,,true
14280,LOW,HIGH,LOW,2026-06-02,,true
14281,LOW,HIGH,LOW,2026-06-02,,true
14289,LOW,HIGH,LOW,2026-06-02,,true
14293,LOW,HIGH,LOW,2026-06-02,,true
14294,LOW,HIGH,LOW,2026-06-02,,true
14301,LOW,HIGH,LOW,2026-06-02,,true
14303,LOW,HIGH,LOW,2026-06-02,,true
14304,LOW,HIGH,LOW,2026-06-02,,true
14306,LOW,HIGH,LOW,2026-06-02,,true
14310,LOW,HIGH,LOW,2026-06-02,,true
14314,LOW,HIGH,LOW,2026-06-02,,true
14325,LOW,HIGH,LOW,2026-06-02,,true
14342,LOW,HIGH,LOW,2026-06-02,,true
14350,LOW,HIGH,LOW,2026-06-02,,true
14358,LOW,HIGH,LOW,2026-06-02,,true
14360,LOW,HIGH,LOW,2026-06-02,,true
14361,LOW,HIGH,LOW,2026-06-02,,true
14366,LOW,HIGH,LOW,2026-06-02,,true
14370,LOW,HIGH,LOW,2026-06-02,,true
14375,LOW,HIGH,LOW,2026-06-02,,true
14379,LOW,HIGH,LOW,2026-06-02,,true
14380,LOW,HIGH,LOW,2026-06-02,,true
14383,LOW,HIGH,LOW,2026-06-02,,true
14390,LOW,LOW,LOW,2026-06-02,,true
14391,LOW,LOW,LOW,2026-06-02,,true
14394,LOW,LOW,LOW,2026-06-02,,true
14401,LOW,LOW,LOW,2026-06-02,,true
14406,LOW,LOW,LOW,2026-06-02,,true
14431,LOW,LOW,LOW,2026-06-02,,true
14444,LOW,LOW,LOW,2026-06-02,,true
14446,LOW,LOW,LOW,2026-06-02,,true
14453,LOW,LOW,LOW,2026-06-02,,true
14457,LOW,LOW,LOW,2026-06-02,,true
14463,LOW,LOW,LOW,2026-06-02,,true
14465,LOW,LOW,LOW,2026-06-02,,true
14467,LOW,LOW,LOW,2026-06-02,,true
14472,LOW,LOW,LOW,2026-06-02,,true
14476,LOW,LOW,LOW,2026-06-02,,true
14482,LOW,LOW,LOW,2026-06-02,,true
14483,LOW,LOW,LOW,2026-06-02,,true
14486,LOW,LOW,LOW,2026-06-02,,true
14488,LOW,LOW,LOW,2026-06-02,,true
14497,LOW,LOW,LOW,2026-06-02,,true
14499,LOW,LOW,LOW,2026-06-02,,true
14501,LOW,LOW,LOW,2026-06-02,,true
14512,LOW,LOW,LOW,2026-06-02,,true
14521,LOW,LOW,LOW,2026-06-02,,true
14527,LOW,LOW,LOW,2026-06-02,,true
14528,LOW,LOW,LOW,2026-06-02,,true
14530,LOW,LOW,LOW,2026-06-02,,true
14531,LOW,LOW,LOW,2026-06-02,,true
14534,LOW,LOW,LOW,2026-06-02,,true
14539,LOW,LOW,LOW,2026-06-02,,true
14540,LOW,LOW,LOW,2026-06-02,,true
14547,LOW,LOW,LOW,2026-06-02,,true
14548,LOW,LOW,LOW,2026-06-02,,true
14552,LOW,LOW,LOW,2026-06-02,,true
14566,LOW,LOW,LOW,2026-06-02,,true
14567,LOW,LOW,LOW,2026-06-02,,true
14568,LOW,LOW,LOW,2026-06-02,,true
14573,LOW,LOW,LOW,2026-06-02,,true
14577,LOW,LOW,LOW,2026-06-02,,true
14584,LOW,LOW,LOW,2026-06-02,,true
14591,LOW,LOW,LOW,2026-06-02,,true
14597,LOW,LOW,LOW,2026-06-02,,true
14599,LOW,LOW,LOW,2026-06-02,,true
14610,LOW,LOW,LOW,2026-06-02,,true
14614,LOW,LOW,LOW,2026-06-02,,true
14621,LOW,LOW,LOW,2026-06-02,,true
14632,LOW,LOW,LOW,2026-06-02,,true
14633,LOW,LOW,LOW,2026-06-02,,true
14640,LOW,HIGH,LOW,2026-06-02,,true
14648,LOW,HIGH,LOW,2026-06-02,,true
14651,LOW,HIGH,LOW,2026-06-02,,true
14659,LOW,HIGH,HIGH,2026-06-02,,true
14660,LOW,HIGH,HIGH,2026-06-02,,true
14661,LOW,HIGH,HIGH,2026-06-02,,true
14672,LOW,HIGH,HIGH,2026-06-02,,true
14677,LOW,HIGH,HIGH,2026-06-02,,true
14681,LOW,HIGH,HIGH,2026-06-02,,true
14688,HIGH,LOW,HIGH,2026-06-02,,true
14691,HIGH,LOW,HIGH,2026-06-02,,true
14693,HIGH,LOW,HIGH,2026-06-02,,true
14694,HIGH,LOW,HIGH,2026-06-02,,true
14696,HIGH,LOW,HIGH,2026-06-02,,true
14710,LOW,LOW,LOW,2026-06-02,,true
14711,LOW,LOW,LOW,2026-06-02,,true
14716,LOW,LOW,LOW,2026-06-02,,true
14720,LOW,LOW,LOW,2026-06-02,,true
14730,LOW,LOW,LOW,2026-06-02,,true
14738,LOW,LOW,LOW,2026-06-02,,true
14743,LOW,LOW,LOW,2026-06-02,,true
14744,LOW,LOW,LOW,2026-06-02,,true
14750,LOW,LOW,LOW,2026-06-02,,true
14753,LOW,LOW,LOW,2026-06-02,,true
14759,LOW,LOW,LOW,2026-06-02,,true
14761,LOW,LOW,LOW,2026-06-02,,true
14768,LOW,HIGH,LOW,2026-06-02,,true
14783,LOW,HIGH,LOW,2026-06-02,,true
14789,LOW,HIGH,LOW,2026-06-02,,true
14803,LOW,HIGH,LOW,2026-06-02,,true
14807,LOW,HIGH,LOW,2026-06-02,,true
14809,LOW,HIGH,LOW,2026-06-02,,true
14810,LOW,HIGH,LOW,2026-06-02,,true
14811,LOW,HIGH,LOW,2026-06-02,,true
14813,LOW,HIGH,LOW,2026-06-02,,true
14816,LOW,HIGH,HIGH,2026-06-02,,true
14819,LOW,HIGH,HIGH,2026-06-02,,true
14820,LOW,HIGH,HIGH,2026-06-02,,true
14821,LOW,HIGH,HIGH,2026-06-02,,true
14824,LOW,HIGH,HIGH,2026-06-02,,true
14825,LOW,HIGH,HIGH,2026-06-02,,true
14832,LOW,LOW,LOW,2026-06-02,,true
14834,LOW,LOW,LOW,2026-06-02,,true
14844,LOW,LOW,LOW,2026-06-02,,true
14850,LOW,LOW,LOW,2026-06-02,,true
14855,LOW,LOW,LOW,2026-06-02,,true
14856,LOW,LOW,LOW,2026-06-02,,true
14858,LOW,LOW,LOW,2026-06-02,,true
14861,LOW,LOW,LOW,2026-06-02,,true
14863,LOW,LOW,LOW,2026-06-02,,true
14865,LOW,LOW,LOW,2026-06-02,,true
14869,LOW,LOW,LOW,2026-06-02,,true
14873,LOW,LOW,LOW,2026-06-02,,true
14875,LOW,LOW,LOW,2026-06-02,,true
14888,LOW,LOW,LOW,2026-06-02,,true
14889,LOW,LOW,LOW,2026-06-02,,true
14891,LOW,LOW,LOW,2026-06-02,,true
14896,LOW,LOW,LOW,2026-06-02,,true
14899,LOW,LOW,LOW,2026-06-02,,true
14901,LOW,LOW,LOW,2026-06-02,,true
14907,LOW,LOW,LOW,2026-06-02,,true
14910,LOW,LOW,LOW,2026-06-02,,true
14911,LOW,LOW,LOW,2026-06-02,,true
14912,LOW,LOW,LOW,2026-06-02,,true
14914,LOW,LOW,LOW,2026-06-02,,true
14915,LOW,LOW,LOW,2026-06-02,,true
14917,LOW,LOW,LOW,2026-06-02,,true
14928,LOW,LOW,LOW,2026-06-02,,true
14930,LOW,LOW,LOW,2026-06-02,,true
14931,LOW,LOW,LOW,2026-06-02,,true
14937,LOW,LOW,LOW,2026-06-02,,true
14941,LOW,LOW,LOW,2026-06-02,,true
14943,LOW,LOW,LOW,2026-06-02,,true
14944,LOW,LOW,LOW,2026-06-02,,true
14950,LOW,LOW,LOW,2026-06-02,,true
14953,LOW,LOW,LOW,2026-06-02,,true
14958,LOW,LOW,LOW,2026-06-02,,true
14961,LOW,LOW,LOW,2026-06-02,,true
14965,LOW,LOW,LOW,2026-06-02,,true
14967,LOW,LOW,LOW,2026-06-02,,true
14968,LOW,LOW,LOW,2026-06-02,,true
14970,LOW,LOW,LOW,2026-06-02,,true
14971,LOW,LOW,LOW,2026-06-02,,true
14972,LOW,LOW,LOW,2026-06-02,,true
14976,LOW,LOW,LOW,2026-06-02,,true
14982,LOW,LOW,LOW,2026-06-02,,true
14986,LOW,LOW,LOW,2026-06-02,,true
14994,LOW,LOW,LOW,2026-06-02,,true
14995,LOW,LOW,LOW,2026-06-02,,true
14998,LOW,LOW,LOW,2026-06-02,,true
15008,LOW,LOW,LOW,2026-06-02,,true
15019,LOW,HIGH,LOW,2026-06-02,,true
15024,LOW,HIGH,LOW,2026-06-02,,true
15026,LOW,HIGH,LOW,2026-06-02,,true
15028,LOW,HIGH,LOW,2026-06-02,,true
15029,LOW,HIGH,LOW,2026-06-02,,true
15033,LOW,HIGH,LOW,2026-06-02,,true
15037,LOW,HIGH,LOW,2026-06-02,,true
15039,LOW,HIGH,LOW,2026-06-02,,true
15048,LOW,HIGH,LOW,2026-06-02,,true
15052,LOW,HIGH,LOW,2026-06-02,,true
15056,LOW,HIGH,LOW,2026-06-02,,true
15066,LOW,HIGH,LOW,2026-06-02,,true
15072,LOW,HIGH,LOW,2026-06-02,,true
15080,LOW,LOW,LOW,2026-06-02,,true
15081,LOW,LOW,LOW,2026-06-02,,true
15085,LOW,LOW,LOW,2026-06-02,,true
15089,LOW,LOW,LOW,2026-06-02,,true
15090,LOW,LOW,LOW,2026-06-02,,true
15101,LOW,LOW,LOW,2026-06-02,,true
15102,LOW,LOW,LOW,2026-06-02,,true
15103,LOW,LOW,LOW,2026-06-02,,true
15105,LOW,LOW,LOW,2026-06-02,,true
15108,LOW,LOW,LOW,2026-06-02,,true
15109,LOW,LOW,LOW,2026-06-02,,true
15112,LOW,LOW,LOW,2026-06-02,,true
15115,LOW,LOW,LOW,2026-06-02,,true
15117,LOW,LOW,LOW,2026-06-02,,true
15121,LOW,LOW,LOW,2026-06-02,,true
15122,LOW,LOW,LOW,2026-06-02,,true
15124,LOW,LOW,LOW,2026-06-02,,true
15126,LOW,LOW,LOW,2026-06-02,,true
15127,LOW,LOW,LOW,2026-06-02,,true
15132,LOW,LOW,LOW,2026-06-02,,true
15135,LOW,LOW,LOW,2026-06-02,,true
15138,LOW,LOW,LOW,2026-06-02,,true
15140,LOW,LOW,LOW,2026-06-02,,true
15144,LOW,LOW,LOW,2026-06-02,,true
15147,LOW,LOW,LOW,2026-06-02,,true
15156,LOW,LOW,LOW,2026-06-02,,true
15163,LOW,LOW,LOW,2026-06-02,,true
15164,LOW,LOW,LOW,2026-06-02,,true
15166,LOW,LOW,LOW,2026-06-02,,true
15170,LOW,LOW,LOW,2026-06-02,,true
15171,LOW,LOW,LOW,2026-06-02,,true
15175,LOW,LOW,LOW,2026-06-02,,true
15179,LOW,LOW,LOW,2026-06-02,,true
15180,LOW,LOW,LOW,2026-06-02,,true
15182,LOW,LOW,LOW,2026-06-02,,true
15186,LOW,LOW,LOW,2026-06-02,,true
15193,LOW,LOW,LOW,2026-06-02,,true
15204,LOW,LOW,LOW,2026-06-02,,true
15208,LOW,LOW,LOW,2026-06-02,,true
15211,LOW,LOW,LOW,2026-06-02,,true
15212,LOW,LOW,LOW,2026-06-02,,true
15221,LOW,LOW,LOW,2026-06-02,,true
15222,LOW,LOW,LOW,2026-06-02,,true
15228,LOW,LOW,LOW,2026-06-02,,true
15236,LOW,LOW,LOW,2026-06-02,,true
15237,LOW,LOW,LOW,2026-06-02,,true
15247,LOW,LOW,LOW,2026-06-02,,true
15249,LOW,LOW,LOW,2026-06-02,,true
15250,LOW,LOW,LOW,2026-06-02,,true
15252,LOW,LOW,LOW,2026-06-02,,true
15253,LOW,LOW,LOW,2026-06-02,,true
15255,LOW,LOW,LOW,2026-06-02,,true
15256,LOW,LOW,LOW,2026-06-02,,true
15262,LOW,LOW,LOW,2026-06-02,,true
15269,LOW,LOW,LOW,2026-06-02,,true
15275,LOW,LOW,LOW,2026-06-02,,true
15282,LOW,LOW,LOW,2026-06-02,,true
15284,LOW,LOW,LOW,2026-06-02,,true
15286,LOW,LOW,LOW,2026-06-02,,true
15290,LOW,LOW,LOW,2026-06-02,,true
15293,LOW,LOW,LOW,2026-06-02,,true
15296,LOW,LOW,LOW,2026-06-02,,true
15301,LOW,LOW,LOW,2026-06-02,,true
15309,LOW,HIGH,LOW,2026-06-02,,true
15311,LOW,HIGH,LOW,2026-06-02,,true
15315,LOW,HIGH,LOW,2026-06-02,,true
15316,LOW,HIGH,LOW,2026-06-02,,true
15320,LOW,HIGH,LOW,2026-06-02,,true
15322,LOW,HIGH,LOW,2026-06-02,,true
15327,LOW,HIGH,LOW,2026-06-02,,true
15330,LOW,HIGH,LOW,2026-06-02,,true
15336,LOW,HIGH,LOW,2026-06-02,,true
15345,LOW,HIGH,LOW,2026-06-02,,true
15347,LOW,HIGH,LOW,2026-06-02,,true
15350,LOW,HIGH,LOW,2026-06-02,,true
15356,LOW,HIGH,LOW,2026-06-02,,true
15359,LOW,HIGH,LOW,2026-06-02,,true
15361,LOW,HIGH,LOW,2026-06-02,,true
15365,LOW,LOW,LOW,2026-06-02,,true
15367,LOW,LOW,LOW,2026-06-02,,true
15370,LOW,LOW,LOW,2026-06-02,,true
15374,LOW,LOW,LOW,2026-06-02,,true
15392,LOW,LOW,LOW,2026-06-02,,true
15393,LOW,LOW,LOW,2026-06-02,,true
15400,LOW,LOW,LOW,2026-06-02,,true
15409,LOW,LOW,LOW,2026-06-02,,true
15410,LOW,LOW,LOW,2026-06-02,,true
15417,LOW,LOW,LOW,2026-06-02,,true
15418,LOW,LOW,LOW,2026-06-02,,true
15420,LOW,LOW,LOW,2026-06-02,,true
15422,LOW,LOW,LOW,2026-06-02,,true
15423,LOW,LOW,LOW,2026-06-02,,true
15429,LOW,LOW,LOW,2026-06-02,,true
15432,LOW,LOW,LOW,2026-06-02,,true
15434,LOW,LOW,LOW,2026-06-02,,true
15435,LOW,LOW,LOW,2026-06-02,,true
15439,LOW,LOW,LOW,2026-06-02,,true
15447,LOW,LOW,LOW,2026-06-02,,true
15448,LOW,LOW,LOW,2026-06-02,,true
15458,LOW,LOW,LOW,2026-06-02,,true
15477,LOW,LOW,LOW,2026-06-02,,true
15480,LOW,LOW,LOW,2026-06-02,,true
15486,LOW,LOW,LOW,2026-06-02,,true
15492,LOW,LOW,LOW,2026-06-02,,true
15494,LOW,LOW,LOW,2026-06-02,,true
15497,LOW,LOW,LOW,2026-06-02,,true
15498,LOW,LOW,LOW,2026-06-02,,true
15501,LOW,LOW,LOW,2026-06-02,,true
15505,LOW,LOW,LOW,2026-06-02,,true
15506,LOW,LOW,LOW,2026-06-02,,true
15516,LOW,LOW,LOW,2026-06-02,,true
15523,LOW,HIGH,LOW,2026-06-02,,true
15525,LOW,HIGH,LOW,2026-06-02,,true
15533,LOW,HIGH,LOW,2026-06-02,,true
15544,LOW,HIGH,LOW,2026-06-02,,true
15545,LOW,HIGH,LOW,2026-06-02,,true
15549,LOW,HIGH,LOW,2026-06-02,,true
15551,LOW,HIGH,LOW,2026-06-02,,true
15553,LOW,HIGH,LOW,2026-06-02,,true
15554,LOW,HIGH,LOW,2026-06-02,,true
15555,LOW,HIGH,LOW,2026-06-02,,true
15559,LOW,HIGH,LOW,2026-06-02,,true
15568,LOW,HIGH,LOW,2026-06-02,,true
15569,LOW,HIGH,LOW,2026-06-02,,true
15577,LOW,HIGH,LOW,2026-06-02,,true
15588,LOW,LOW,LOW,2026-06-02,,true
15592,LOW,LOW,LOW,2026-06-02,,true
15599,LOW,LOW,LOW,2026-06-02,,true
15600,LOW,LOW,LOW,2026-06-02,,true
15601,LOW,LOW,LOW,2026-06-02,,true
15627,LOW,LOW,LOW,2026-06-02,,true
15629,LOW,LOW,LOW,2026-06-02,,true
15630,LOW,LOW,LOW,2026-06-02,,true
15639,LOW,LOW,LOW,2026-06-02,,true
15645,LOW,LOW,LOW,2026-06-02,,true
15649,LOW,LOW,LOW,2026-06-02,,true
15651,LOW,LOW,LOW,2026-06-02,,true
15655,LOW,LOW,LOW,2026-06-02,,true
15656,LOW,LOW,LOW,2026-06-02,,true
15658,LOW,LOW,LOW,2026-06-02,,true
15659,LOW,LOW,LOW,2026-06-02,,true
15661,LOW,LOW,LOW,2026-06-02,,true
15662,LOW,LOW,LOW,2026-06-02,,true
15665,LOW,LOW,LOW,2026-06-02,,true
15666,LOW,LOW,LOW,2026-06-02,,true
15668,LOW,LOW,LOW,2026-06-02,,true
15669,LOW,LOW,LOW,2026-06-02,,true
15678,LOW,LOW,LOW,2026-06-02,,true
15684,LOW,LOW,LOW,2026-06-02,,true
15685,LOW,LOW,LOW,2026-06-02,,true
15691,LOW,LOW,LOW,2026-06-02,,true
15692,LOW,LOW,LOW,2026-06-02,,true
15699,LOW,LOW,LOW,2026-06-02,,true
15704,LOW,LOW,LOW,2026-06-02,,true
15707,LOW,LOW,LOW,2026-06-02,,true
15713,LOW,LOW,LOW,2026-06-02,,true
15716,LOW,LOW,LOW,2026-06-02,,true
15725,LOW,LOW,LOW,2026-06-02,,true
15726,LOW,LOW,LOW,2026-06-02,,true
15728,LOW,LOW,LOW,2026-06-02,,true
15732,LOW,LOW,LOW,2026-06-02,,true
15733,LOW,LOW,LOW,2026-06-02,,true
15740,LOW,LOW,LOW,2026-06-02,,true
15741,LOW,LOW,LOW,2026-06-02,,true
15743,LOW,LOW,LOW,2026-06-02,,true
15744,LOW,LOW,LOW,2026-06-02,,true
15748,LOW,LOW,LOW,2026-06-02,,true
15753,LOW,LOW,LOW,2026-06-02,,true
15755,LOW,LOW,LOW,2026-06-02,,true
15759,LOW,LOW,LOW,2026-06-02,,true
15762,LOW,LOW,LOW,2026-06-02,,true
15764,LOW,LOW,LOW,2026-06-02,,true
15770,LOW,HIGH,LOW,2026-06-02,,true
15772,LOW,HIGH,LOW,2026-06-02,,true
15777,LOW,HIGH,LOW,2026-06-02,,true
15781,LOW,HIGH,LOW,2026-06-02,,true
15791,LOW,HIGH,LOW,2026-06-02,,true
15796,LOW,HIGH,LOW,2026-06-02,,true
15802,LOW,HIGH,LOW,2026-06-02,,true
15803,LOW,HIGH,LOW,2026-06-02,,true
15816,LOW,HIGH,LOW,2026-06-02,,true
15817,LOW,HIGH,LOW,2026-06-02,,true
15825,LOW,HIGH,LOW,2026-06-02,,true
15828,LOW,HIGH,LOW,2026-06-02,,true
15830,LOW,HIGH,LOW,2026-06-02,,true
15842,LOW,HIGH,LOW,2026-06-02,,true
15849,LOW,HIGH,LOW,2026-06-02,,true
15851,LOW,HIGH,LOW,2026-06-02,,true
15852,LOW,HIGH,LOW,2026-06-02,,true
15854,LOW,HIGH,LOW,2026-06-02,,true
15869,LOW,HIGH,LOW,2026-06-02,,true
15872,LOW,LOW,LOW,2026-06-02,,true
15873,LOW,LOW,LOW,2026-06-02,,true
15877,LOW,LOW,LOW,2026-06-02,,true
15882,LOW,LOW,LOW,2026-06-02,,true
15886,LOW,LOW,LOW,2026-06-02,,true
15891,LOW,LOW,LOW,2026-06-02,,true
15892,LOW,LOW,LOW,2026-06-02,,true
15893,LOW,LOW,LOW,2026-06-02,,true
15894,LOW,LOW,LOW,2026-06-02,,true
15912,LOW,LOW,LOW,2026-06-02,,true
15913,LOW,LOW,LOW,2026-06-02,,true
15918,LOW,LOW,LOW,2026-06-02,,true
15920,LOW,LOW,LOW,2026-06-02,,true
15926,LOW,LOW,LOW,2026-06-02,,true
15930,LOW,LOW,LOW,2026-06-02,,true
15931,LOW,LOW,LOW,2026-06-02,,true
15934,LOW,LOW,LOW,2026-06-02,,true
15936,LOW,LOW,LOW,2026-06-02,,true
15947,LOW,LOW,LOW,2026-06-02,,true
15952,LOW,LOW,LOW,2026-06-02,,true
15958,LOW,LOW,LOW,2026-06-02,,true
15964,LOW,LOW,LOW,2026-06-02,,true
15965,LOW,LOW,LOW,2026-06-02,,true
15967,LOW,LOW,LOW,2026-06-02,,true
15974,LOW,LOW,LOW,2026-06-02,,true
15977,LOW,LOW,LOW,2026-06-02,,true
15984,LOW,LOW,LOW,2026-06-02,,true
15986,LOW,LOW,LOW,2026-06-02,,true
15992,LOW,LOW,LOW,2026-06-02,,true
15993,LOW,LOW,LOW,2026-06-02,,true
15994,LOW,LOW,LOW,2026-06-02,,true
16001,LOW,LOW,LOW,2026-06-02,,true
16002,LOW,LOW,LOW,2026-06-02,,true
16010,LOW,LOW,LOW,2026-06-02,,true
16012,LOW,LOW,LOW,2026-06-02,,true
16013,LOW,LOW,LOW,2026-06-02,,true
16018,LOW,LOW,LOW,2026-06-02,,true
16025,LOW,LOW,LOW,2026-06-02,,true
16027,LOW,LOW,LOW,2026-06-02,,true
16045,LOW,LOW,LOW,2026-06-02,,true
16046,LOW,LOW,LOW,2026-06-02,,true
16047,LOW,LOW,LOW,2026-06-02,,true
16057,LOW,LOW,LOW,2026-06-02,,true
16060,LOW,LOW,LOW,2026-06-02,,true
16061,LOW,LOW,LOW,2026-06-02,,true
16062,LOW,LOW,LOW,2026-06-02,,true
16071,LOW,LOW,LOW,2026-06-02,,true
16075,LOW,LOW,LOW,2026-06-02,,true
16077,LOW,LOW,LOW,2026-06-02,,true
16081,LOW,LOW,LOW,2026-06-02,,true
16087,LOW,HIGH,LOW,2026-06-02,,true
16091,LOW,HIGH,LOW,2026-06-02,,true
16092,LOW,HIGH,LOW,2026-06-02,,true
16097,LOW,HIGH,LOW,2026-06-02,,true
16098,LOW,HIGH,LOW,2026-06-02,,true
16103,LOW,HIGH,LOW,2026-06-02,,true
16108,LOW,HIGH,LOW,2026-06-02,,true
16110,LOW,HIGH,LOW,2026-06-02,,true
16112,LOW,HIGH,LOW,2026-06-02,,true
16115,LOW,HIGH,LOW,2026-06-02,,true
16118,LOW,HIGH,LOW,2026-06-02,,true
16119,LOW,HIGH,LOW,2026-06-02,,true
16121,LOW,HIGH,LOW,2026-06-02,,true
16123,LOW,HIGH,LOW,2026-06-02,,true
16125,LOW,LOW,LOW,2026-06-02,,true
16128,LOW,LOW,LOW,2026-06-02,,true
16131,LOW,LOW,LOW,2026-06-02,,true
16132,LOW,LOW,LOW,2026-06-02,,true
16134,LOW,LOW,LOW,2026-06-02,,true
16135,LOW,LOW,LOW,2026-06-02,,true
16137,LOW,LOW,LOW,2026-06-02,,true
16147,LOW,LOW,LOW,2026-06-02,,true
16148,LOW,LOW,LOW,2026-06-02,,true
16151,LOW,LOW,LOW,2026-06-02,,true
16155,LOW,LOW,LOW,2026-06-02,,true
16156,LOW,LOW,LOW,2026-06-02,,true
16158,LOW,LOW,LOW,2026-06-02,,true
16161,LOW,LOW,LOW,2026-06-02,,true
16163,LOW,LOW,LOW,2026-06-02,,true
16166,LOW,LOW,LOW,2026-06-02,,true
16167,LOW,LOW,LOW,2026-06-02,,true
16169,LOW,LOW,LOW,2026-06-02,,true
16172,LOW,LOW,LOW,2026-06-02,,true
16180,LOW,LOW,LOW,2026-06-02,,true
16185,LOW,LOW,LOW,2026-06-02,,true
16191,LOW,HIGH,LOW,2026-06-02,,true
16194,LOW,HIGH,LOW,2026-06-02,,true
16195,LOW,HIGH,LOW,2026-06-02,,true
16198,LOW,HIGH,LOW,2026-06-02,,true
16207,LOW,HIGH,LOW,2026-06-02,,true
16212,LOW,HIGH,LOW,2026-06-02,,true
16213,LOW,HIGH,LOW,2026-06-02,,true
16216,LOW,HIGH,LOW,2026-06-02,,true
16229,LOW,HIGH,LOW,2026-06-02,,true
16230,LOW,HIGH,LOW,2026-06-02,,true
16243,LOW,HIGH,LOW,2026-06-02,,true
16244,LOW,HIGH,LOW,2026-06-02,,true
16246,LOW,HIGH,LOW,2026-06-02,,true
16247,LOW,HIGH,LOW,2026-06-02,,true
16249,LOW,LOW,LOW,2026-06-02,,true
16251,LOW,LOW,LOW,2026-06-02,,true
16253,LOW,LOW,LOW,2026-06-02,,true
16254,LOW,LOW,LOW,2026-06-02,,true
16260,LOW,LOW,LOW,2026-06-02,,true
16263,LOW,LOW,LOW,2026-06-02,,true
16275,LOW,LOW,LOW,2026-06-02,,true
16276,LOW,LOW,LOW,2026-06-02,,true
16290,LOW,LOW,LOW,2026-06-02,,true
16292,LOW,LOW,LOW,2026-06-02,,true
16293,LOW,LOW,LOW,2026-06-02,,true
16294,LOW,LOW,LOW,2026-06-02,,true
16295,LOW,LOW,LOW,2026-06-02,,true
16301,LOW,LOW,LOW,2026-06-02,,true
16302,LOW,LOW,LOW,2026-06-02,,true
16311,LOW,LOW,LOW,2026-06-02,,true
16312,LOW,LOW,LOW,2026-06-02,,true
16314,LOW,HIGH,LOW,2026-06-02,,true
16328,LOW,HIGH,LOW,2026-06-02,,true
16338,LOW,HIGH,LOW,2026-06-02,,true
16339,LOW,HIGH,LOW,2026-06-02,,true
16345,LOW,HIGH,LOW,2026-06-02,,true
16347,LOW,HIGH,LOW,2026-06-02,,true
16349,LOW,HIGH,LOW,2026-06-02,,true
16350,LOW,HIGH,LOW,2026-06-02,,true
16356,LOW,HIGH,LOW,2026-06-02,,true
16357,LOW,HIGH,LOW,2026-06-02,,true
16365,LOW,HIGH,LOW,2026-06-02,,true
16372,LOW,HIGH,LOW,2026-06-02,,true
16384,LOW,LOW,LOW,2026-06-02,,true
16388,LOW,LOW,LOW,2026-06-02,,true
16391,LOW,LOW,LOW,2026-06-02,,true
16392,LOW,LOW,LOW,2026-06-02,,true
16394,LOW,LOW,LOW,2026-06-02,,true
16397,LOW,LOW,LOW,2026-06-02,,true
16400,LOW,LOW,LOW,2026-06-02,,true
16403,LOW,LOW,LOW,2026-06-02,,true
16405,LOW,LOW,LOW,2026-06-02,,true
16407,LOW,LOW,LOW,2026-06-02,,true
16409,LOW,LOW,LOW,2026-06-02,,true
16410,LOW,LOW,LOW,2026-06-02,,true
16411,LOW,LOW,LOW,2026-06-02,,true
16417,LOW,LOW,LOW,2026-06-02,,true
16419,LOW,LOW,LOW,2026-06-02,,true
16420,LOW,LOW,LOW,2026-06-02,,true
16429,LOW,LOW,LOW,2026-06-02,,true
16437,LOW,LOW,LOW,2026-06-02,,true
16442,LOW,HIGH,LOW,2026-06-02,,true
16447,LOW,HIGH,LOW,2026-06-02,,true
16451,LOW,HIGH,LOW,2026-06-02,,true
16452,LOW,HIGH,LOW,2026-06-02,,true
16453,LOW,HIGH,LOW,2026-06-02,,true
16458,LOW,HIGH,LOW,2026-06-02,,true
16460,LOW,HIGH,LOW,2026-06-02,,true
16464,LOW,HIGH,LOW,2026-06-02,,true
16471,LOW,HIGH,LOW,2026-06-02,,true
16472,LOW,HIGH,LOW,2026-06-02,,true
16476,LOW,HIGH,LOW,2026-06-02,,true
16479,LOW,HIGH,LOW,2026-06-02,,true
16484,LOW,HIGH,LOW,2026-06-02,,true
16486,LOW,HIGH,LOW,2026-06-02,,true
16489,LOW,HIGH,LOW,2026-06-02,,true
16492,LOW,HIGH,LOW,2026-06-02,,true
16500,LOW,LOW,LOW,2026-06-02,,true
16506,LOW,LOW,LOW,2026-06-02,,true
16509,LOW,LOW,LOW,2026-06-02,,true
16512,LOW,LOW,LOW,2026-06-02,,true
16514,LOW,LOW,LOW,2026-06-02,,true
16517,LOW,LOW,LOW,2026-06-02,,true
16518,LOW,LOW,LOW,2026-06-02,,true
16519,LOW,LOW,LOW,2026-06-02,,true
16526,LOW,LOW,LOW,2026-06-02,,true
16530,LOW,LOW,LOW,2026-06-02,,true
16535,LOW,LOW,LOW,2026-06-02,,true
16545,LOW,LOW,LOW,2026-06-02,,true
16558,LOW,LOW,LOW,2026-06-02,,true
16565,LOW,LOW,LOW,2026-06-02,,true
16566,LOW,LOW,LOW,2026-06-02,,true
16569,LOW,LOW,LOW,2026-06-02,,true
16574,LOW,LOW,LOW,2026-06-02,,true
16586,LOW,LOW,LOW,2026-06-02,,true
16594,LOW,HIGH,LOW,2026-06-02,,true
16603,LOW,HIGH,LOW,2026-06-02,,true
16608,LOW,HIGH,LOW,2026-06-02,,true
16614,LOW,HIGH,LOW,2026-06-02,,true
16615,LOW,HIGH,LOW,2026-06-02,,true
16637,LOW,LOW,LOW,2026-06-02,,true
16638,LOW,LOW,LOW,2026-06-02,,true
16639,LOW,LOW,LOW,2026-06-02,,true
16640,LOW,LOW,LOW,2026-06-02,,true
16645,LOW,LOW,LOW,2026-06-02,,true
16656,LOW,LOW,LOW,2026-06-02,,true
16659,LOW,LOW,LOW,2026-06-02,,true
16660,LOW,LOW,LOW,2026-06-02,,true
16662,LOW,LOW,LOW,2026-06-02,,true
16669,LOW,LOW,LOW,2026-06-02,,true
16672,LOW,LOW,LOW,2026-06-02,,true
16676,LOW,LOW,LOW,2026-06-02,,true
16678,LOW,LOW,LOW,2026-06-02,,true
16680,LOW,LOW,LOW,2026-06-02,,true
16682,LOW,LOW,LOW,2026-06-02,,true
16684,LOW,LOW,LOW,2026-06-02,,true
16689,LOW,LOW,LOW,2026-06-02,,true
16692,LOW,LOW,LOW,2026-06-02,,true
16698,LOW,LOW,LOW,2026-06-02,,true
16699,LOW,LOW,LOW,2026-06-02,,true
16703,LOW,LOW,LOW,2026-06-02,,true
16710,LOW,LOW,LOW,2026-06-02,,true
16712,LOW,LOW,LOW,2026-06-02,,true
16714,LOW,LOW,LOW,2026-06-02,,true
16718,LOW,LOW,LOW,2026-06-02,,true
16721,LOW,LOW,LOW,2026-06-02,,true
16724,LOW,LOW,LOW,2026-06-02,,true
16735,LOW,LOW,LOW,2026-06-02,,true
16740,LOW,LOW,LOW,2026-06-02,,true
16760,LOW,HIGH,LOW,2026-06-02,,true
16762,LOW,HIGH,LOW,2026-06-02,,true
16768,LOW,HIGH,LOW,2026-06-02,,true
16769,LOW,HIGH,LOW,2026-06-02,,true
16791,LOW,HIGH,LOW,2026-06-02,,true
16795,LOW,HIGH,LOW,2026-06-02,,true
16798,LOW,HIGH,LOW,2026-06-02,,true
16799,LOW,HIGH,LOW,2026-06-02,,true
16800,LOW,HIGH,LOW,2026-06-02,,true
16806,LOW,LOW,LOW,2026-06-02,,true
16807,LOW,LOW,LOW,2026-06-02,,true
16813,LOW,LOW,LOW,2026-06-02,,true
16824,LOW,LOW,LOW,2026-06-02,,true
16825,LOW,LOW,LOW,2026-06-02,,true
16831,LOW,LOW,LOW,2026-06-02,,true
16832,LOW,LOW,LOW,2026-06-02,,true
16834,LOW,LOW,LOW,2026-06-02,,true
16840,LOW,LOW,LOW,2026-06-02,,true
16844,LOW,LOW,LOW,2026-06-02,,true
16845,LOW,LOW,LOW,2026-06-02,,true
16846,LOW,LOW,LOW,2026-06-02,,true
16847,LOW,LOW,LOW,2026-06-02,,true
16851,LOW,LOW,LOW,2026-06-02,,true
16854,LOW,LOW,LOW,2026-06-02,,true
16867,LOW,HIGH,LOW,2026-06-02,,true
16872,LOW,HIGH,LOW,2026-06-02,,true
16874,LOW,HIGH,LOW,2026-06-02,,true
16875,LOW,HIGH,LOW,2026-06-02,,true
16876,LOW,HIGH,LOW,2026-06-02,,true
16880,LOW,HIGH,LOW,2026-06-02,,true
16885,LOW,HIGH,LOW,2026-06-02,,true
16886,LOW,HIGH,LOW,2026-06-02,,true
16894,LOW,HIGH,LOW,2026-06-02,,true
16898,LOW,HIGH,LOW,2026-06-02,,true
16902,LOW,HIGH,LOW,2026-06-02,,true
16903,LOW,HIGH,LOW,2026-06-02,,true
16904,LOW,HIGH,LOW,2026-06-02,,true
16910,LOW,HIGH,LOW,2026-06-02,,true
16914,LOW,HIGH,LOW,2026-06-02,,true
16916,LOW,HIGH,LOW,2026-06-02,,true
16918,LOW,HIGH,LOW,2026-06-02,,true
16921,LOW,HIGH,LOW,2026-06-02,,true
16926,LOW,LOW,LOW,2026-06-02,,true
16934,LOW,LOW,LOW,2026-06-02,,true
16936,LOW,LOW,LOW,2026-06-02,,true
16944,LOW,LOW,LOW,2026-06-02,,true
16948,LOW,LOW,LOW,2026-06-02,,true
16955,LOW,LOW,LOW,2026-06-02,,true
16958,LOW,LOW,LOW,2026-06-02,,true
16959,LOW,LOW,LOW,2026-06-02,,true
16961,LOW,LOW,LOW,2026-06-02,,true
16963,LOW,LOW,LOW,2026-06-02,,true
16964,LOW,LOW,LOW,2026-06-02,,true
16969,LOW,LOW,LOW,2026-06-02,,true
16974,LOW,LOW,LOW,2026-06-02,,true
16984,LOW,LOW,LOW,2026-06-02,,true
16985,LOW,LOW,LOW,2026-06-02,,true
16988,LOW,LOW,LOW,2026-06-02,,true
16989,LOW,LOW,LOW,2026-06-02,,true
16997,LOW,LOW,LOW,2026-06-02,,true
17005,LOW,LOW,LOW,2026-06-02,,true
17007,LOW,LOW,LOW,2026-06-02,,true
17015,LOW,LOW,LOW,2026-06-02,,true
17017,LOW,LOW,LOW,2026-06-02,,true
17020,LOW,LOW,LOW,2026-06-02,,true
17025,LOW,LOW,LOW,2026-06-02,,true
17027,LOW,LOW,LOW,2026-06-02,,true
17029,LOW,LOW,LOW,2026-06-02,,true
17031,LOW,LOW,LOW,2026-06-02,,true
17036,LOW,LOW,LOW,2026-06-02,,true
17037,LOW,LOW,LOW,2026-06-02,,true
17038,LOW,LOW,LOW,2026-06-02,,true
17040,LOW,LOW,LOW,2026-06-02,,true
17045,LOW,LOW,LOW,2026-06-02,,true
17048,LOW,LOW,LOW,2026-06-02,,true
17050,LOW,LOW,LOW,2026-06-02,,true
17053,LOW,LOW,LOW,2026-06-02,,true
17054,LOW,LOW,LOW,2026-06-02,,true
17065,LOW,LOW,LOW,2026-06-02,,true
17071,LOW,LOW,LOW,2026-06-02,,true
17075,LOW,LOW,LOW,2026-06-02,,true
17076,LOW,LOW,LOW,2026-06-02,,true
17083,LOW,LOW,LOW,2026-06-02,,true
17089,LOW,LOW,LOW,2026-06-02,,true
17097,LOW,LOW,LOW,2026-06-02,,true
17103,LOW,LOW,LOW,2026-06-02,,true
17113,LOW,LOW,LOW,2026-06-02,,true
17114,LOW,LOW,LOW,2026-06-02,,true
17124,LOW,LOW,LOW,2026-06-02,,true
17125,LOW,LOW,LOW,2026-06-02,,true
17126,LOW,LOW,LOW,2026-06-02,,true
17130,LOW,LOW,LOW,2026-06-02,,true
17133,LOW,LOW,LOW,2026-06-02,,true
17134,LOW,LOW,LOW,2026-06-02,,true
17147,LOW,LOW,LOW,2026-06-02,,true
17149,LOW,LOW,LOW,2026-06-02,,true
17150,LOW,LOW,LOW,2026-06-02,,true
17152,LOW,LOW,LOW,2026-06-02,,true
17153,LOW,LOW,LOW,2026-06-02,,true
17154,LOW,LOW,LOW,2026-06-02,,true
17156,LOW,LOW,LOW,2026-06-02,,true
17168,LOW,LOW,LOW,2026-06-02,,true
17176,LOW,LOW,LOW,2026-06-02,,true
17181,LOW,LOW,LOW,2026-06-02,,true
17182,LOW,LOW,LOW,2026-06-02,,true
17183,LOW,LOW,LOW,2026-06-02,,true
17193,LOW,LOW,LOW,2026-06-02,,true
17195,LOW,LOW,LOW,2026-06-02,,true
17200,LOW,LOW,LOW,2026-06-02,,true
17202,LOW,LOW,LOW,2026-06-02,,true
17208,LOW,LOW,LOW,2026-06-02,,true
17233,LOW,LOW,LOW,2026-06-02,,true
17235,LOW,LOW,LOW,2026-06-02,,true
17236,LOW,LOW,LOW,2026-06-02,,true
17240,LOW,LOW,LOW,2026-06-02,,true
17241,LOW,LOW,LOW,2026-06-02,,true
17244,LOW,LOW,LOW,2026-06-02,,true
17252,LOW,LOW,LOW,2026-06-02,,true
17253,LOW,LOW,LOW,2026-06-02,,true
17254,LOW,LOW,LOW,2026-06-02,,true
17261,LOW,LOW,LOW,2026-06-02,,true
17263,LOW,LOW,LOW,2026-06-02,,true
2,LOW,LOW,LOW,2026-06-02,,true
8,LOW,LOW,LOW,2026-06-02,,true
9,LOW,LOW,LOW,2026-06-02,,true
10,LOW,LOW,LOW,2026-06-02,,true
15,LOW,LOW,LOW,2026-06-02,,true
24,LOW,LOW,LOW,2026-06-02,,true
25,LOW,LOW,LOW,2026-06-02,,true
28,LOW,LOW,LOW,2026-06-02,,true
31,LOW,LOW,LOW,2026-06-02,,true
53,LOW,LOW,LOW,2026-06-02,,true
57,LOW,LOW,LOW,2026-06-02,,true
66,LOW,LOW,LOW,2026-06-02,,true
73,LOW,LOW,LOW,2026-06-02,,true
77,LOW,LOW,LOW,2026-06-02,,true
82,LOW,LOW,LOW,2026-06-02,,true
84,LOW,LOW,LOW,2026-06-02,,true
89,LOW,LOW,LOW,2026-06-02,,true
91,LOW,LOW,LOW,2026-06-02,,true
94,LOW,LOW,LOW,2026-06-02,,true
97,LOW,LOW,LOW,2026-06-02,,true
102,LOW,LOW,LOW,2026-06-02,,true
105,LOW,LOW,LOW,2026-06-02,,true
107,LOW,LOW,LOW,2026-06-02,,true
111,LOW,LOW,LOW,2026-06-02,,true
112,LOW,LOW,LOW,2026-06-02,,true
118,LOW,LOW,LOW,2026-06-02,,true
120,LOW,LOW,LOW,2026-06-02,,true
125,LOW,LOW,LOW,2026-06-02,,true
126,LOW,LOW,LOW,2026-06-02,,true
131,LOW,LOW,LOW,2026-06-02,,true
140,LOW,LOW,LOW,2026-06-02,,true
142,LOW,LOW,LOW,2026-06-02,,true
146,LOW,LOW,LOW,2026-06-02,,true
149,LOW,LOW,LOW,2026-06-02,,true
150,LOW,LOW,LOW,2026-06-02,,true
157,LOW,LOW,LOW,2026-06-02,,true
160,LOW,LOW,LOW,2026-06-02,,true
163,LOW,LOW,LOW,2026-06-02,,true
166,LOW,LOW,LOW,2026-06-02,,true
170,LOW,LOW,LOW,2026-06-02,,true
172,LOW,LOW,LOW,2026-06-02,,true
175,LOW,LOW,LOW,2026-06-02,,true
184,LOW,LOW,LOW,2026-06-02,,true
189,LOW,LOW,LOW,2026-06-02,,true
195,LOW,LOW,LOW,2026-06-02,,true
196,LOW,LOW,LOW,2026-06-02,,true
202,LOW,LOW,LOW,2026-06-02,,true
205,LOW,LOW,LOW,2026-06-02,,true
206,LOW,LOW,LOW,2026-06-02,,true
208,LOW,LOW,LOW,2026-06-02,,true
210,LOW,LOW,LOW,2026-06-02,,true
216,LOW,LOW,LOW,2026-06-02,,true
217,LOW,LOW,LOW,2026-06-02,,true
218,LOW,LOW,LOW,2026-06-02,,true
222,LOW,LOW,LOW,2026-06-02,,true
227,LOW,LOW,LOW,2026-06-02,,true
228,LOW,LOW,LOW,2026-06-02,,true
229,LOW,LOW,LOW,2026-06-02,,true
230,LOW,LOW,LOW,2026-06-02,,true
231,LOW,LOW,LOW,2026-06-02,,true
236,LOW,LOW,LOW,2026-06-02,,true
238,LOW,LOW,LOW,2026-06-02,,true
241,LOW,LOW,LOW,2026-06-02,,true
249,LOW,LOW,LOW,2026-06-02,,true
254,LOW,LOW,LOW,2026-06-02,,true
264,LOW,LOW,LOW,2026-06-02,,true
267,LOW,LOW,LOW,2026-06-02,,true
278,LOW,LOW,LOW,2026-06-02,,true
281,LOW,LOW,LOW,2026-06-02,,true
287,LOW,LOW,LOW,2026-06-02,,true
297,LOW,LOW,LOW,2026-06-02,,true
304,LOW,LOW,LOW,2026-06-02,,true
306,LOW,LOW,LOW,2026-06-02,,true
308,LOW,LOW,LOW,2026-06-02,,true
313,LOW,LOW,LOW,2026-06-02,,true
314,LOW,LOW,LOW,2026-06-02,,true
325,LOW,HIGH,LOW,2026-06-02,,true
331,LOW,HIGH,LOW,2026-06-02,,true
334,LOW,HIGH,LOW,2026-06-02,,true
336,LOW,HIGH,LOW,2026-06-02,,true
340,LOW,HIGH,LOW,2026-06-02,,true
345,LOW,HIGH,LOW,2026-06-02,,true
346,LOW,HIGH,LOW,2026-06-02,,true
347,LOW,HIGH,LOW,2026-06-02,,true
352,LOW,HIGH,LOW,2026-06-02,,true
353,LOW,HIGH,LOW,2026-06-02,,true
356,LOW,HIGH,LOW,2026-06-02,,true
357,LOW,HIGH,LOW,2026-06-02,,true
359,LOW,HIGH,LOW,2026-06-02,,true
364,LOW,HIGH,LOW,2026-06-02,,true
369,LOW,HIGH,LOW,2026-06-02,,true
372,LOW,HIGH,LOW,2026-06-02,,true
374,LOW,HIGH,LOW,2026-06-02,,true
375,LOW,HIGH,LOW,2026-06-02,,true
377,LOW,LOW,LOW,2026-06-02,,true
383,LOW,LOW,LOW,2026-06-02,,true
392,LOW,LOW,LOW,2026-06-02,,true
402,LOW,LOW,LOW,2026-06-02,,true
406,LOW,LOW,LOW,2026-06-02,,true
407,LOW,LOW,LOW,2026-06-02,,true
412,LOW,LOW,LOW,2026-06-02,,true
422,LOW,LOW,LOW,2026-06-02,,true
427,LOW,LOW,LOW,2026-06-02,,true
436,LOW,LOW,LOW,2026-06-02,,true
437,LOW,LOW,LOW,2026-06-02,,true
444,LOW,LOW,LOW,2026-06-02,,true
454,LOW,LOW,LOW,2026-06-02,,true
456,LOW,LOW,LOW,2026-06-02,,true
458,LOW,LOW,LOW,2026-06-02,,true
460,LOW,LOW,LOW,2026-06-02,,true
462,LOW,LOW,LOW,2026-06-02,,true
465,LOW,LOW,LOW,2026-06-02,,true
471,LOW,LOW,LOW,2026-06-02,,true
472,LOW,LOW,LOW,2026-06-02,,true
473,LOW,LOW,LOW,2026-06-02,,true
481,LOW,LOW,LOW,2026-06-02,,true
482,LOW,LOW,LOW,2026-06-02,,true
484,LOW,LOW,LOW,2026-06-02,,true
485,LOW,LOW,LOW,2026-06-02,,true
489,LOW,LOW,LOW,2026-06-02,,true
492,LOW,LOW,LOW,2026-06-02,,true
493,LOW,LOW,LOW,2026-06-02,,true
499,LOW,LOW,LOW,2026-06-02,,true
501,LOW,LOW,LOW,2026-06-02,,true
507,LOW,LOW,LOW,2026-06-02,,true
515,LOW,LOW,LOW,2026-06-02,,true
517,LOW,LOW,LOW,2026-06-02,,true
519,LOW,LOW,LOW,2026-06-02,,true
525,LOW,LOW,LOW,2026-06-02,,true
533,LOW,LOW,LOW,2026-06-02,,true
537,LOW,LOW,LOW,2026-06-02,,true
540,LOW,LOW,LOW,2026-06-02,,true
548,LOW,LOW,LOW,2026-06-02,,true
566,LOW,LOW,LOW,2026-06-02,,true
570,LOW,LOW,LOW,2026-06-02,,true
571,LOW,LOW,LOW,2026-06-02,,true
572,LOW,LOW,LOW,2026-06-02,,true
576,LOW,LOW,LOW,2026-06-02,,true
588,LOW,LOW,LOW,2026-06-02,,true
589,LOW,LOW,LOW,2026-06-02,,true
591,LOW,LOW,LOW,2026-06-02,,true
600,LOW,LOW,LOW,2026-06-02,,true
602,LOW,LOW,LOW,2026-06-02,,true
609,LOW,LOW,LOW,2026-06-02,,true
616,LOW,LOW,LOW,2026-06-02,,true
627,LOW,LOW,LOW,2026-06-02,,true
629,LOW,LOW,LOW,2026-06-02,,true
635,LOW,LOW,LOW,2026-06-02,,true
658,LOW,LOW,LOW,2026-06-02,,true
659,LOW,LOW,LOW,2026-06-02,,true
669,LOW,LOW,LOW,2026-06-02,,true
676,LOW,LOW,LOW,2026-06-02,,true
682,LOW,LOW,LOW,2026-06-02,,true
685,LOW,LOW,LOW,2026-06-02,,true
686,LOW,LOW,LOW,2026-06-02,,true
687,LOW,LOW,LOW,2026-06-02,,true
693,LOW,LOW,LOW,2026-06-02,,true
694,LOW,LOW,LOW,2026-06-02,,true
695,LOW,LOW,LOW,2026-06-02,,true
697,LOW,LOW,LOW,2026-06-02,,true
698,LOW,LOW,LOW,2026-06-02,,true
705,LOW,HIGH,LOW,2026-06-02,,true
711,LOW,HIGH,LOW,2026-06-02,,true
713,LOW,HIGH,LOW,2026-06-02,,true
716,LOW,HIGH,LOW,2026-06-02,,true
717,LOW,HIGH,LOW,2026-06-02,,true
722,LOW,HIGH,LOW,2026-06-02,,true
723,LOW,HIGH,LOW,2026-06-02,,true
724,LOW,HIGH,LOW,2026-06-02,,true
726,LOW,HIGH,LOW,2026-06-02,,true
739,LOW,HIGH,LOW,2026-06-02,,true
743,LOW,HIGH,LOW,2026-06-02,,true
748,LOW,HIGH,LOW,2026-06-02,,true
749,LOW,HIGH,LOW,2026-06-02,,true
752,LOW,HIGH,LOW,2026-06-02,,true
754,LOW,HIGH,LOW,2026-06-02,,true
757,LOW,HIGH,LOW,2026-06-02,,true
760,LOW,LOW,LOW,2026-06-02,,true
761,LOW,LOW,LOW,2026-06-02,,true
766,LOW,LOW,LOW,2026-06-02,,true
768,LOW,LOW,LOW,2026-06-02,,true
771,LOW,LOW,LOW,2026-06-02,,true
779,LOW,LOW,LOW,2026-06-02,,true
783,LOW,LOW,LOW,2026-06-02,,true
784,LOW,LOW,LOW,2026-06-02,,true
787,LOW,LOW,LOW,2026-06-02,,true
793,LOW,LOW,LOW,2026-06-02,,true
798,LOW,LOW,LOW,2026-06-02,,true
801,LOW,LOW,LOW,2026-06-02,,true
804,LOW,LOW,LOW,2026-06-02,,true
806,LOW,LOW,LOW,2026-06-02,,true
809,LOW,LOW,LOW,2026-06-02,,true
810,LOW,LOW,LOW,2026-06-02,,true
819,LOW,LOW,LOW,2026-06-02,,true
825,LOW,LOW,LOW,2026-06-02,,true
838,LOW,LOW,LOW,2026-06-02,,true
840,LOW,LOW,LOW,2026-06-02,,true
843,LOW,LOW,LOW,2026-06-02,,true
848,LOW,LOW,LOW,2026-06-02,,true
852,LOW,LOW,LOW,2026-06-02,,true
854,LOW,LOW,LOW,2026-06-02,,true
855,LOW,LOW,LOW,2026-06-02,,true
874,LOW,LOW,LOW,2026-06-02,,true
879,LOW,LOW,LOW,2026-06-02,,true
882,LOW,LOW,LOW,2026-06-02,,true
884,LOW,LOW,LOW,2026-06-02,,true
885,LOW,LOW,LOW,2026-06-02,,true
887,LOW,LOW,LOW,2026-06-02,,true
892,LOW,LOW,LOW,2026-06-02,,true
894,LOW,LOW,LOW,2026-06-02,,true
902,LOW,HIGH,LOW,2026-06-02,,true
904,LOW,HIGH,LOW,2026-06-02,,true
910,LOW,HIGH,LOW,2026-06-02,,true
911,LOW,HIGH,LOW,2026-06-02,,true
912,LOW,HIGH,LOW,2026-06-02,,true
917,LOW,HIGH,LOW,2026-06-02,,true
918,LOW,HIGH,LOW,2026-06-02,,true
920,LOW,HIGH,LOW,2026-06-02,,true
938,LOW,HIGH,LOW,2026-06-02,,true
941,LOW,HIGH,LOW,2026-06-02,,true
943,LOW,HIGH,LOW,2026-06-02,,true
950,LOW,HIGH,LOW,2026-06-02,,true
953,LOW,HIGH,LOW,2026-06-02,,true
954,LOW,HIGH,LOW,2026-06-02,,true
973,LOW,LOW,LOW,2026-06-02,,true
975,LOW,LOW,LOW,2026-06-02,,true
983,LOW,LOW,LOW,2026-06-02,,true
989,LOW,LOW,LOW,2026-06-02,,true
991,LOW,LOW,LOW,2026-06-02,,true
997,LOW,LOW,LOW,2026-06-02,,true
998,LOW,LOW,LOW,2026-06-02,,true
1001,LOW,LOW,LOW,2026-06-02,,true
1003,LOW,LOW,LOW,2026-06-02,,true
1006,LOW,LOW,LOW,2026-06-02,,true
1007,LOW,LOW,LOW,2026-06-02,,true
1008,LOW,LOW,LOW,2026-06-02,,true
1013,LOW,LOW,LOW,2026-06-02,,true
1014,LOW,LOW,LOW,2026-06-02,,true
1021,LOW,LOW,LOW,2026-06-02,,true
1028,LOW,HIGH,LOW,2026-06-02,,true
1030,LOW,HIGH,LOW,2026-06-02,,true
1031,LOW,HIGH,LOW,2026-06-02,,true
1035,LOW,HIGH,LOW,2026-06-02,,true
1036,LOW,HIGH,LOW,2026-06-02,,true
1037,LOW,HIGH,LOW,2026-06-02,,true
1039,LOW,HIGH,LOW,2026-06-02,,true
1042,LOW,HIGH,LOW,2026-06-02,,true
1062,LOW,HIGH,LOW,2026-06-02,,true
1063,LOW,HIGH,LOW,2026-06-02,,true
1067,LOW,HIGH,LOW,2026-06-02,,true
1069,LOW,HIGH,LOW,2026-06-02,,true
1074,LOW,HIGH,LOW,2026-06-02,,true
1079,LOW,HIGH,LOW,2026-06-02,,true
1081,LOW,HIGH,LOW,2026-06-02,,true
1089,LOW,HIGH,LOW,2026-06-02,,true
1091,LOW,HIGH,LOW,2026-06-02,,true
1094,LOW,HIGH,LOW,2026-06-02,,true
1101,LOW,HIGH,LOW,2026-06-02,,true
1102,LOW,HIGH,LOW,2026-06-02,,true
1111,LOW,HIGH,LOW,2026-06-02,,true
1116,LOW,HIGH,LOW,2026-06-02,,true
1119,LOW,HIGH,LOW,2026-06-02,,true
1130,LOW,LOW,LOW,2026-06-02,,true
1135,LOW,LOW,LOW,2026-06-02,,true
1136,LOW,LOW,LOW,2026-06-02,,true
1144,LOW,LOW,LOW,2026-06-02,,true
1150,LOW,LOW,LOW,2026-06-02,,true
1153,LOW,LOW,LOW,2026-06-02,,true
1157,LOW,LOW,LOW,2026-06-02,,true
1161,LOW,LOW,LOW,2026-06-02,,true
1164,LOW,LOW,LOW,2026-06-02,,true
1176,LOW,LOW,LOW,2026-06-02,,true
1177,LOW,LOW,LOW,2026-06-02,,true
1179,LOW,LOW,LOW,2026-06-02,,true
1181,LOW,LOW,LOW,2026-06-02,,true
1186,LOW,LOW,LOW,2026-06-02,,true
1188,LOW,LOW,LOW,2026-06-02,,true
1197,LOW,LOW,LOW,2026-06-02,,true
1199,LOW,LOW,LOW,2026-06-02,,true
1205,LOW,LOW,LOW,2026-06-02,,true
1208,LOW,LOW,LOW,2026-06-02,,true
1210,LOW,LOW,LOW,2026-06-02,,true
1212,LOW,LOW,LOW,2026-06-02,,true
1215,LOW,LOW,LOW,2026-06-02,,true
1218,LOW,LOW,LOW,2026-06-02,,true
1222,LOW,LOW,LOW,2026-06-02,,true
1223,LOW,LOW,LOW,2026-06-02,,true
1224,LOW,LOW,LOW,2026-06-02,,true
1226,LOW,LOW,LOW,2026-06-02,,true
1231,LOW,LOW,LOW,2026-06-02,,true
1236,LOW,LOW,LOW,2026-06-02,,true
1239,LOW,LOW,LOW,2026-06-02,,true
1240,LOW,LOW,LOW,2026-06-02,,true
1243,LOW,LOW,LOW,2026-06-02,,true
1246,LOW,LOW,LOW,2026-06-02,,true
1249,LOW,LOW,LOW,2026-06-02,,true
1253,LOW,LOW,LOW,2026-06-02,,true
1254,LOW,LOW,LOW,2026-06-02,,true
1257,LOW,LOW,LOW,2026-06-02,,true
1260,LOW,LOW,LOW,2026-06-02,,true
1263,LOW,LOW,LOW,2026-06-02,,true
1267,LOW,LOW,LOW,2026-06-02,,true
1270,LOW,LOW,LOW,2026-06-02,,true
1273,LOW,LOW,LOW,2026-06-02,,true
1277,LOW,LOW,LOW,2026-06-02,,true
1280,LOW,LOW,LOW,2026-06-02,,true
1296,LOW,LOW,LOW,2026-06-02,,true
1312,LOW,LOW,LOW,2026-06-02,,true
1314,LOW,LOW,LOW,2026-06-02,,true
1316,LOW,LOW,LOW,2026-06-02,,true
1317,LOW,LOW,LOW,2026-06-02,,true
1325,LOW,LOW,LOW,2026-06-02,,true
1326,LOW,LOW,LOW,2026-06-02,,true
1331,LOW,LOW,LOW,2026-06-02,,true
1332,LOW,LOW,LOW,2026-06-02,,true
1333,LOW,LOW,LOW,2026-06-02,,true
1339,LOW,LOW,LOW,2026-06-02,,true
1340,LOW,LOW,LOW,2026-06-02,,true
1344,LOW,LOW,LOW,2026-06-02,,true
1347,LOW,LOW,LOW,2026-06-02,,true
1352,LOW,LOW,LOW,2026-06-02,,true
1355,LOW,LOW,LOW,2026-06-02,,true
1366,LOW,LOW,LOW,2026-06-02,,true
1369,LOW,HIGH,LOW,2026-06-02,,true
1372,LOW,HIGH,LOW,2026-06-02,,true
1373,LOW,HIGH,LOW,2026-06-02,,true
1378,LOW,HIGH,LOW,2026-06-02,,true
1381,LOW,HIGH,LOW,2026-06-02,,true
1382,LOW,HIGH,LOW,2026-06-02,,true
1387,LOW,HIGH,LOW,2026-06-02,,true
1390,LOW,HIGH,LOW,2026-06-02,,true
1393,LOW,HIGH,LOW,2026-06-02,,true
1395,LOW,HIGH,LOW,2026-06-02,,true
1402,LOW,HIGH,LOW,2026-06-02,,true
1412,LOW,HIGH,LOW,2026-06-02,,true
1414,LOW,HIGH,LOW,2026-06-02,,true
1416,LOW,HIGH,LOW,2026-06-02,,true
1428,LOW,LOW,LOW,2026-06-02,,true
1431,LOW,LOW,LOW,2026-06-02,,true
1433,LOW,LOW,LOW,2026-06-02,,true
1438,LOW,LOW,LOW,2026-06-02,,true
1447,LOW,LOW,LOW,2026-06-02,,true
1449,LOW,LOW,LOW,2026-06-02,,true
1461,LOW,LOW,LOW,2026-06-02,,true
1464,LOW,LOW,LOW,2026-06-02,,true
1469,LOW,LOW,LOW,2026-06-02,,true
1471,LOW,LOW,LOW,2026-06-02,,true
1484,LOW,LOW,LOW,2026-06-02,,true
1486,LOW,LOW,LOW,2026-06-02,,true
1492,LOW,LOW,LOW,2026-06-02,,true
1494,LOW,LOW,LOW,2026-06-02,,true
1500,LOW,LOW,LOW,2026-06-02,,true
1501,LOW,LOW,LOW,2026-06-02,,true
1510,LOW,LOW,LOW,2026-06-02,,true
1516,LOW,LOW,LOW,2026-06-02,,true
1524,LOW,LOW,LOW,2026-06-02,,true
1526,LOW,LOW,LOW,2026-06-02,,true
1530,LOW,LOW,LOW,2026-06-02,,true
1535,LOW,LOW,LOW,2026-06-02,,true
1540,LOW,LOW,LOW,2026-06-02,,true
1543,LOW,LOW,LOW,2026-06-02,,true
1547,LOW,LOW,LOW,2026-06-02,,true
1549,LOW,HIGH,LOW,2026-06-02,,true
1562,LOW,HIGH,LOW,2026-06-02,,true
1565,LOW,HIGH,LOW,2026-06-02,,true
1569,LOW,HIGH,LOW,2026-06-02,,true
1570,LOW,HIGH,LOW,2026-06-02,,true
1571,LOW,HIGH,LOW,2026-06-02,,true
1575,LOW,HIGH,LOW,2026-06-02,,true
1578,LOW,HIGH,LOW,2026-06-02,,true
1590,LOW,LOW,LOW,2026-06-02,,true
1592,LOW,LOW,LOW,2026-06-02,,true
1593,LOW,LOW,LOW,2026-06-02,,true
1594,LOW,LOW,LOW,2026-06-02,,true
1600,LOW,LOW,LOW,2026-06-02,,true
1601,LOW,LOW,LOW,2026-06-02,,true
1603,LOW,LOW,LOW,2026-06-02,,true
1604,LOW,LOW,LOW,2026-06-02,,true
1609,LOW,LOW,LOW,2026-06-02,,true
1615,LOW,LOW,LOW,2026-06-02,,true
1624,LOW,LOW,LOW,2026-06-02,,true
1626,LOW,LOW,LOW,2026-06-02,,true
1627,LOW,LOW,LOW,2026-06-02,,true
1632,LOW,LOW,LOW,2026-06-02,,true
1634,LOW,LOW,LOW,2026-06-02,,true
1635,LOW,LOW,LOW,2026-06-02,,true
1637,LOW,LOW,LOW,2026-06-02,,true
1638,LOW,LOW,LOW,2026-06-02,,true
1640,LOW,LOW,LOW,2026-06-02,,true
1653,LOW,LOW,LOW,2026-06-02,,true
1654,LOW,HIGH,LOW,2026-06-02,,true
1663,LOW,HIGH,LOW,2026-06-02,,true
1667,LOW,HIGH,LOW,2026-06-02,,true
1670,LOW,HIGH,LOW,2026-06-02,,true
1676,LOW,HIGH,LOW,2026-06-02,,true
1677,LOW,HIGH,LOW,2026-06-02,,true
1681,LOW,HIGH,LOW,2026-06-02,,true
1689,LOW,HIGH,LOW,2026-06-02,,true
1693,LOW,HIGH,LOW,2026-06-02,,true
1700,LOW,HIGH,LOW,2026-06-02,,true
1707,LOW,HIGH,LOW,2026-06-02,,true
1709,LOW,HIGH,LOW,2026-06-02,,true
1712,LOW,HIGH,LOW,2026-06-02,,true
1715,LOW,LOW,LOW,2026-06-02,,true
1720,LOW,LOW,LOW,2026-06-02,,true
1729,LOW,LOW,LOW,2026-06-02,,true
1730,LOW,LOW,LOW,2026-06-02,,true
1737,LOW,LOW,LOW,2026-06-02,,true
1738,LOW,LOW,LOW,2026-06-02,,true
1741,LOW,LOW,LOW,2026-06-02,,true
1742,LOW,LOW,LOW,2026-06-02,,true
1750,LOW,LOW,LOW,2026-06-02,,true
1751,LOW,LOW,LOW,2026-06-02,,true
1752,LOW,LOW,LOW,2026-06-02,,true
1755,LOW,LOW,LOW,2026-06-02,,true
1759,LOW,LOW,LOW,2026-06-02,,true
1763,LOW,LOW,LOW,2026-06-02,,true
1781,LOW,LOW,LOW,2026-06-02,,true
1784,LOW,LOW,LOW,2026-06-02,,true
1785,LOW,LOW,LOW,2026-06-02,,true
1787,LOW,LOW,LOW,2026-06-02,,true
1789,LOW,LOW,LOW,2026-06-02,,true
1808,LOW,LOW,LOW,2026-06-02,,true
1815,LOW,LOW,LOW,2026-06-02,,true
1821,LOW,LOW,LOW,2026-06-02,,true
1825,LOW,LOW,LOW,2026-06-02,,true
1835,LOW,LOW,LOW,2026-06-02,,true
1841,LOW,LOW,LOW,2026-06-02,,true
1845,LOW,LOW,LOW,2026-06-02,,true
1853,LOW,LOW,LOW,2026-06-02,,true
1858,LOW,LOW,LOW,2026-06-02,,true
1859,LOW,LOW,LOW,2026-06-02,,true
1861,LOW,LOW,LOW,2026-06-02,,true
1862,LOW,LOW,LOW,2026-06-02,,true
1875,LOW,LOW,LOW,2026-06-02,,true
1877,LOW,LOW,LOW,2026-06-02,,true
1879,LOW,LOW,LOW,2026-06-02,,true
1880,LOW,LOW,LOW,2026-06-02,,true
1881,LOW,LOW,LOW,2026-06-02,,true
1882,LOW,LOW,LOW,2026-06-02,,true
1883,LOW,LOW,LOW,2026-06-02,,true
1889,LOW,LOW,LOW,2026-06-02,,true
1895,LOW,LOW,LOW,2026-06-02,,true
1904,LOW,LOW,LOW,2026-06-02,,true
1910,LOW,LOW,LOW,2026-06-02,,true
1934,LOW,LOW,LOW,2026-06-02,,true
1935,LOW,LOW,LOW,2026-06-02,,true
1937,LOW,LOW,LOW,2026-06-02,,true
1942,LOW,LOW,LOW,2026-06-02,,true
1949,LOW,LOW,LOW,2026-06-02,,true
1951,LOW,LOW,LOW,2026-06-02,,true
1952,LOW,LOW,LOW,2026-06-02,,true
1953,LOW,LOW,LOW,2026-06-02,,true
1954,LOW,LOW,LOW,2026-06-02,,true
1958,LOW,LOW,LOW,2026-06-02,,true
1966,LOW,LOW,LOW,2026-06-02,,true
1969,LOW,LOW,LOW,2026-06-02,,true
1972,LOW,LOW,LOW,2026-06-02,,true
1974,LOW,LOW,LOW,2026-06-02,,true
1977,LOW,LOW,LOW,2026-06-02,,true
1984,LOW,LOW,LOW,2026-06-02,,true
1986,LOW,LOW,LOW,2026-06-02,,true
1987,LOW,LOW,LOW,2026-06-02,,true
2000,LOW,LOW,LOW,2026-06-02,,true
2001,LOW,LOW,LOW,2026-06-02,,true
2003,LOW,LOW,LOW,2026-06-02,,true
2008,LOW,LOW,LOW,2026-06-02,,true
2013,LOW,LOW,LOW,2026-06-02,,true
2026,LOW,LOW,LOW,2026-06-02,,true
2028,LOW,LOW,LOW,2026-06-02,,true
2033,LOW,LOW,LOW,2026-06-02,,true
2035,LOW,LOW,LOW,2026-06-02,,true
2039,LOW,LOW,LOW,2026-06-02,,true
2041,LOW,LOW,LOW,2026-06-02,,true
2042,LOW,LOW,LOW,2026-06-02,,true
2045,LOW,LOW,LOW,2026-06-02,,true
2054,LOW,LOW,LOW,2026-06-02,,true
2059,LOW,LOW,LOW,2026-06-02,,true
2069,LOW,LOW,LOW,2026-06-02,,true
2075,LOW,LOW,LOW,2026-06-02,,true
2076,LOW,LOW,LOW,2026-06-02,,true
2077,LOW,LOW,LOW,2026-06-02,,true
2078,LOW,LOW,LOW,2026-06-02,,true
2080,LOW,LOW,LOW,2026-06-02,,true
2086,LOW,LOW,LOW,2026-06-02,,true
2102,LOW,LOW,LOW,2026-06-02,,true
2106,LOW,LOW,LOW,2026-06-02,,true
2109,LOW,LOW,LOW,2026-06-02,,true
2111,LOW,LOW,LOW,2026-06-02,,true
2112,LOW,LOW,LOW,2026-06-02,,true
2116,LOW,LOW,LOW,2026-06-02,,true
2118,LOW,LOW,LOW,2026-06-02,,true
2137,LOW,LOW,LOW,2026-06-02,,true
2138,LOW,LOW,LOW,2026-06-02,,true
2144,LOW,LOW,LOW,2026-06-02,,true
2149,LOW,LOW,LOW,2026-06-02,,true
2171,LOW,LOW,LOW,2026-06-02,,true
2173,LOW,LOW,LOW,2026-06-02,,true
2174,LOW,LOW,LOW,2026-06-02,,true
2177,LOW,LOW,LOW,2026-06-02,,true
2182,LOW,LOW,LOW,2026-06-02,,true
2183,LOW,LOW,LOW,2026-06-02,,true
2187,LOW,LOW,LOW,2026-06-02,,true
2191,LOW,LOW,LOW,2026-06-02,,true
2195,LOW,LOW,LOW,2026-06-02,,true
2200,LOW,LOW,LOW,2026-06-02,,true
2211,LOW,LOW,LOW,2026-06-02,,true
2215,LOW,LOW,LOW,2026-06-02,,true
2219,LOW,LOW,LOW,2026-06-02,,true
2227,LOW,LOW,LOW,2026-06-02,,true
2230,LOW,LOW,LOW,2026-06-02,,true
2239,LOW,LOW,LOW,2026-06-02,,true
2249,LOW,HIGH,LOW,2026-06-02,,true
2256,LOW,HIGH,LOW,2026-06-02,,true
2257,LOW,HIGH,LOW,2026-06-02,,true
2262,LOW,HIGH,LOW,2026-06-02,,true
2265,LOW,HIGH,LOW,2026-06-02,,true
2282,LOW,HIGH,LOW,2026-06-02,,true
2284,LOW,HIGH,LOW,2026-06-02,,true
2285,LOW,HIGH,LOW,2026-06-02,,true
2292,LOW,HIGH,LOW,2026-06-02,,true
2293,LOW,HIGH,LOW,2026-06-02,,true
2294,LOW,HIGH,LOW,2026-06-02,,true
2295,LOW,HIGH,LOW,2026-06-02,,true
2299,LOW,HIGH,LOW,2026-06-02,,true
2301,LOW,HIGH,LOW,2026-06-02,,true
2306,LOW,LOW,LOW,2026-06-02,,true
2309,LOW,LOW,LOW,2026-06-02,,true
2314,LOW,LOW,LOW,2026-06-02,,true
2333,LOW,LOW,LOW,2026-06-02,,true
2334,LOW,LOW,LOW,2026-06-02,,true
2336,LOW,LOW,LOW,2026-06-02,,true
2348,LOW,LOW,LOW,2026-06-02,,true
2350,LOW,LOW,LOW,2026-06-02,,true
2352,LOW,LOW,LOW,2026-06-02,,true
2353,LOW,LOW,LOW,2026-06-02,,true
2363,LOW,LOW,LOW,2026-06-02,,true
2364,LOW,LOW,LOW,2026-06-02,,true
2366,LOW,LOW,LOW,2026-06-02,,true
2373,LOW,LOW,LOW,2026-06-02,,true
2375,LOW,LOW,LOW,2026-06-02,,true
2377,LOW,LOW,LOW,2026-06-02,,true
2387,LOW,LOW,LOW,2026-06-02,,true
2388,LOW,LOW,LOW,2026-06-02,,true
2391,LOW,LOW,LOW,2026-06-02,,true
2392,LOW,LOW,LOW,2026-06-02,,true
2407,LOW,LOW,LOW,2026-06-02,,true
2411,LOW,LOW,LOW,2026-06-02,,true
2412,LOW,LOW,LOW,2026-06-02,,true
2413,LOW,LOW,LOW,2026-06-02,,true
2416,LOW,LOW,LOW,2026-06-02,,true
2418,LOW,LOW,LOW,2026-06-02,,true
2424,LOW,LOW,LOW,2026-06-02,,true
2426,LOW,LOW,LOW,2026-06-02,,true
2428,LOW,LOW,LOW,2026-06-02,,true
2435,LOW,LOW,LOW,2026-06-02,,true
2437,LOW,LOW,LOW,2026-06-02,,true
2440,LOW,LOW,LOW,2026-06-02,,true
2441,LOW,LOW,LOW,2026-06-02,,true
2451,LOW,LOW,LOW,2026-06-02,,true
2462,LOW,LOW,LOW,2026-06-02,,true
2464,LOW,LOW,LOW,2026-06-02,,true
2467,LOW,LOW,LOW,2026-06-02,,true
2470,LOW,LOW,LOW,2026-06-02,,true
2475,LOW,LOW,LOW,2026-06-02,,true
2487,LOW,LOW,LOW,2026-06-02,,true
2493,LOW,LOW,LOW,2026-06-02,,true
2498,LOW,LOW,LOW,2026-06-02,,true
2499,LOW,LOW,LOW,2026-06-02,,true
2511,LOW,LOW,LOW,2026-06-02,,true
2514,LOW,LOW,LOW,2026-06-02,,true
2518,LOW,LOW,LOW,2026-06-02,,true
2519,LOW,LOW,LOW,2026-06-02,,true
2520,LOW,LOW,LOW,2026-06-02,,true
2528,LOW,LOW,LOW,2026-06-02,,true
2529,LOW,LOW,LOW,2026-06-02,,true
2537,LOW,LOW,LOW,2026-06-02,,true
2542,LOW,HIGH,LOW,2026-06-02,,true
2545,LOW,HIGH,LOW,2026-06-02,,true
2549,LOW,HIGH,LOW,2026-06-02,,true
2551,LOW,HIGH,LOW,2026-06-02,,true
2553,LOW,HIGH,LOW,2026-06-02,,true
2555,LOW,HIGH,LOW,2026-06-02,,true
2557,LOW,HIGH,LOW,2026-06-02,,true
2566,LOW,HIGH,LOW,2026-06-02,,true
2570,LOW,HIGH,LOW,2026-06-02,,true
2573,LOW,HIGH,LOW,2026-06-02,,true
2574,LOW,HIGH,LOW,2026-06-02,,true
2581,LOW,HIGH,LOW,2026-06-02,,true
2585,LOW,HIGH,LOW,2026-06-02,,true
2589,LOW,HIGH,LOW,2026-06-02,,true
2592,LOW,HIGH,LOW,2026-06-02,,true
2595,LOW,HIGH,LOW,2026-06-02,,true
2596,LOW,HIGH,LOW,2026-06-02,,true
2599,LOW,HIGH,LOW,2026-06-02,,true
2601,LOW,LOW,LOW,2026-06-02,,true
2603,LOW,LOW,LOW,2026-06-02,,true
2604,LOW,LOW,LOW,2026-06-02,,true
2606,LOW,LOW,LOW,2026-06-02,,true
2608,LOW,LOW,LOW,2026-06-02,,true
2613,LOW,LOW,LOW,2026-06-02,,true
2616,LOW,LOW,LOW,2026-06-02,,true
2626,LOW,LOW,LOW,2026-06-02,,true
2627,LOW,LOW,LOW,2026-06-02,,true
2636,LOW,LOW,LOW,2026-06-02,,true
2639,LOW,LOW,LOW,2026-06-02,,true
2641,LOW,LOW,LOW,2026-06-02,,true
2646,LOW,LOW,LOW,2026-06-02,,true
2651,LOW,LOW,LOW,2026-06-02,,true
2652,LOW,LOW,LOW,2026-06-02,,true
2654,LOW,LOW,LOW,2026-06-02,,true
2655,LOW,LOW,LOW,2026-06-02,,true
2660,LOW,LOW,LOW,2026-06-02,,true
2668,LOW,LOW,LOW,2026-06-02,,true
2677,LOW,LOW,LOW,2026-06-02,,true
2678,LOW,LOW,LOW,2026-06-02,,true
2680,LOW,LOW,LOW,2026-06-02,,true
2682,LOW,LOW,LOW,2026-06-02,,true
2683,LOW,LOW,LOW,2026-06-02,,true
2685,LOW,LOW,LOW,2026-06-02,,true
2690,LOW,LOW,LOW,2026-06-02,,true
2699,LOW,LOW,LOW,2026-06-02,,true
2700,LOW,LOW,LOW,2026-06-02,,true
2701,LOW,LOW,LOW,2026-06-02,,true
2703,LOW,LOW,LOW,2026-06-02,,true
2709,LOW,LOW,LOW,2026-06-02,,true
2711,LOW,LOW,LOW,2026-06-02,,true
2713,LOW,LOW,LOW,2026-06-02,,true
2716,LOW,LOW,LOW,2026-06-02,,true
2722,LOW,LOW,LOW,2026-06-02,,true
2727,LOW,LOW,LOW,2026-06-02,,true
2731,LOW,LOW,LOW,2026-06-02,,true
2732,LOW,LOW,LOW,2026-06-02,,true
2735,LOW,LOW,LOW,2026-06-02,,true
2740,LOW,LOW,LOW,2026-06-02,,true
2743,LOW,LOW,LOW,2026-06-02,,true
2749,LOW,LOW,LOW,2026-06-02,,true
2751,LOW,LOW,LOW,2026-06-02,,true
2753,LOW,LOW,LOW,2026-06-02,,true
2767,LOW,LOW,LOW,2026-06-02,,true
2780,LOW,LOW,LOW,2026-06-02,,true
2793,LOW,LOW,LOW,2026-06-02,,true
2794,LOW,LOW,LOW,2026-06-02,,true
2800,LOW,LOW,LOW,2026-06-02,,true
2808,LOW,LOW,LOW,2026-06-02,,true
2812,LOW,LOW,LOW,2026-06-02,,true
2819,LOW,LOW,LOW,2026-06-02,,true
2820,LOW,LOW,LOW,2026-06-02,,true
2822,LOW,LOW,LOW,2026-06-02,,true
2827,LOW,LOW,LOW,2026-06-02,,true
2837,LOW,LOW,LOW,2026-06-02,,true
2840,LOW,LOW,LOW,2026-06-02,,true
2844,LOW,LOW,LOW,2026-06-02,,true
2852,LOW,LOW,LOW,2026-06-02,,true
2858,LOW,LOW,LOW,2026-06-02,,true
2861,LOW,LOW,LOW,2026-06-02,,true
2863,LOW,LOW,LOW,2026-06-02,,true
2866,LOW,LOW,LOW,2026-06-02,,true
2869,LOW,LOW,LOW,2026-06-02,,true
2870,LOW,LOW,LOW,2026-06-02,,true
2873,LOW,LOW,LOW,2026-06-02,,true
2878,LOW,LOW,LOW,2026-06-02,,true
2879,LOW,LOW,LOW,2026-06-02,,true
2884,LOW,LOW,LOW,2026-06-02,,true
2891,LOW,LOW,LOW,2026-06-02,,true
2893,LOW,LOW,LOW,2026-06-02,,true
2894,LOW,LOW,LOW,2026-06-02,,true
2899,LOW,LOW,LOW,2026-06-02,,true
2900,LOW,LOW,LOW,2026-06-02,,true
2902,LOW,LOW,LOW,2026-06-02,,true
2907,LOW,LOW,LOW,2026-06-02,,true
2911,LOW,LOW,LOW,2026-06-02,,true
2918,LOW,LOW,LOW,2026-06-02,,true
2925,LOW,LOW,LOW,2026-06-02,,true
2931,LOW,LOW,LOW,2026-06-02,,true
2932,LOW,LOW,LOW,2026-06-02,,true
2936,LOW,LOW,LOW,2026-06-02,,true
2940,LOW,LOW,LOW,2026-06-02,,true
2942,LOW,LOW,LOW,2026-06-02,,true
2944,LOW,LOW,LOW,2026-06-02,,true
2950,LOW,LOW,LOW,2026-06-02,,true
2951,LOW,LOW,LOW,2026-06-02,,true
2954,LOW,LOW,LOW,2026-06-02,,true
2960,LOW,LOW,LOW,2026-06-02,,true
2966,LOW,LOW,LOW,2026-06-02,,true
2975,LOW,LOW,LOW,2026-06-02,,true
2988,LOW,LOW,LOW,2026-06-02,,true
2991,LOW,LOW,LOW,2026-06-02,,true
2997,LOW,LOW,LOW,2026-06-02,,true
2998,LOW,LOW,LOW,2026-06-02,,true
3006,LOW,LOW,LOW,2026-06-02,,true
3012,LOW,HIGH,LOW,2026-06-02,,true
3020,LOW,HIGH,LOW,2026-06-02,,true
3024,LOW,HIGH,LOW,2026-06-02,,true
3031,LOW,HIGH,LOW,2026-06-02,,true
3033,LOW,HIGH,LOW,2026-06-02,,true
3048,LOW,HIGH,LOW,2026-06-02,,true
3050,LOW,HIGH,LOW,2026-06-02,,true
3069,LOW,LOW,LOW,2026-06-02,,true
3071,LOW,LOW,LOW,2026-06-02,,true
3080,LOW,LOW,LOW,2026-06-02,,true
3086,LOW,LOW,LOW,2026-06-02,,true
3092,LOW,LOW,LOW,2026-06-02,,true
3093,LOW,LOW,LOW,2026-06-02,,true
3094,LOW,LOW,LOW,2026-06-02,,true
3095,LOW,LOW,LOW,2026-06-02,,true
3098,LOW,LOW,LOW,2026-06-02,,true
3100,LOW,LOW,LOW,2026-06-02,,true
3105,LOW,LOW,LOW,2026-06-02,,true
3107,LOW,LOW,LOW,2026-06-02,,true
3110,LOW,LOW,LOW,2026-06-02,,true
3116,LOW,LOW,LOW,2026-06-02,,true
3120,LOW,LOW,LOW,2026-06-02,,true
3121,LOW,LOW,LOW,2026-06-02,,true
3129,LOW,LOW,LOW,2026-06-02,,true
3135,LOW,LOW,LOW,2026-06-02,,true
3141,LOW,LOW,LOW,2026-06-02,,true
3144,LOW,LOW,LOW,2026-06-02,,true
3147,LOW,LOW,LOW,2026-06-02,,true
3148,LOW,LOW,LOW,2026-06-02,,true
3150,LOW,LOW,LOW,2026-06-02,,true
3156,LOW,LOW,LOW,2026-06-02,,true
3157,LOW,LOW,LOW,2026-06-02,,true
3159,LOW,LOW,LOW,2026-06-02,,true
3163,LOW,LOW,LOW,2026-06-02,,true
3164,LOW,LOW,LOW,2026-06-02,,true
3167,LOW,LOW,LOW,2026-06-02,,true
3168,LOW,LOW,LOW,2026-06-02,,true
3172,LOW,LOW,LOW,2026-06-02,,true
3175,LOW,LOW,LOW,2026-06-02,,true
3178,LOW,LOW,LOW,2026-06-02,,true
3183,LOW,LOW,LOW,2026-06-02,,true
3184,LOW,LOW,LOW,2026-06-02,,true
3185,LOW,LOW,LOW,2026-06-02,,true
3188,LOW,LOW,LOW,2026-06-02,,true
3190,LOW,LOW,LOW,2026-06-02,,true
3203,LOW,LOW,LOW,2026-06-02,,true
3209,LOW,LOW,LOW,2026-06-02,,true
3217,LOW,LOW,LOW,2026-06-02,,true
3219,LOW,LOW,LOW,2026-06-02,,true
3221,LOW,LOW,LOW,2026-06-02,,true
3222,LOW,LOW,LOW,2026-06-02,,true
3226,LOW,LOW,LOW,2026-06-02,,true
3235,LOW,LOW,LOW,2026-06-02,,true
3238,LOW,LOW,LOW,2026-06-02,,true
3245,LOW,LOW,LOW,2026-06-02,,true
3252,LOW,LOW,LOW,2026-06-02,,true
3257,LOW,LOW,LOW,2026-06-02,,true
3258,LOW,LOW,LOW,2026-06-02,,true
3261,LOW,LOW,LOW,2026-06-02,,true
3265,LOW,LOW,LOW,2026-06-02,,true
3266,LOW,LOW,LOW,2026-06-02,,true
3270,LOW,LOW,LOW,2026-06-02,,true
3279,LOW,LOW,LOW,2026-06-02,,true
3282,LOW,LOW,LOW,2026-06-02,,true
3285,LOW,LOW,LOW,2026-06-02,,true
3286,LOW,LOW,LOW,2026-06-02,,true
3287,LOW,LOW,LOW,2026-06-02,,true
3291,LOW,LOW,LOW,2026-06-02,,true
3292,LOW,LOW,LOW,2026-06-02,,true
3293,LOW,LOW,LOW,2026-06-02,,true
3296,LOW,LOW,LOW,2026-06-02,,true
3301,LOW,LOW,LOW,2026-06-02,,true
3305,LOW,LOW,LOW,2026-06-02,,true
3309,LOW,LOW,LOW,2026-06-02,,true
3313,LOW,LOW,LOW,2026-06-02,,true
3315,LOW,LOW,LOW,2026-06-02,,true
3318,LOW,LOW,LOW,2026-06-02,,true
3321,LOW,LOW,LOW,2026-06-02,,true
3333,LOW,HIGH,LOW,2026-06-02,,true
3334,LOW,HIGH,LOW,2026-06-02,,true
3341,LOW,HIGH,LOW,2026-06-02,,true
3343,LOW,HIGH,LOW,2026-06-02,,true
3349,LOW,HIGH,LOW,2026-06-02,,true
3350,LOW,HIGH,LOW,2026-06-02,,true
3358,LOW,HIGH,LOW,2026-06-02,,true
3373,LOW,HIGH,LOW,2026-06-02,,true
3374,LOW,HIGH,LOW,2026-06-02,,true
3376,LOW,HIGH,LOW,2026-06-02,,true
3377,LOW,HIGH,LOW,2026-06-02,,true
3379,LOW,HIGH,LOW,2026-06-02,,true
3381,LOW,HIGH,LOW,2026-06-02,,true
3388,LOW,LOW,LOW,2026-06-02,,true
3389,LOW,LOW,LOW,2026-06-02,,true
3392,LOW,LOW,LOW,2026-06-02,,true
3393,LOW,LOW,LOW,2026-06-02,,true
3395,LOW,LOW,LOW,2026-06-02,,true
3403,LOW,LOW,LOW,2026-06-02,,true
3407,LOW,LOW,LOW,2026-06-02,,true
3414,LOW,LOW,LOW,2026-06-02,,true
3419,LOW,LOW,LOW,2026-06-02,,true
3428,LOW,LOW,LOW,2026-06-02,,true
3430,LOW,LOW,LOW,2026-06-02,,true
3446,LOW,LOW,LOW,2026-06-02,,true
3447,LOW,LOW,LOW,2026-06-02,,true
3456,LOW,HIGH,LOW,2026-06-02,,true
3460,LOW,HIGH,LOW,2026-06-02,,true
3462,LOW,HIGH,LOW,2026-06-02,,true
3465,LOW,HIGH,LOW,2026-06-02,,true
3468,LOW,HIGH,LOW,2026-06-02,,true
3472,LOW,HIGH,LOW,2026-06-02,,true
3475,LOW,HIGH,LOW,2026-06-02,,true
3476,LOW,HIGH,LOW,2026-06-02,,true
3482,LOW,HIGH,LOW,2026-06-02,,true
3491,LOW,HIGH,LOW,2026-06-02,,true
3495,LOW,HIGH,LOW,2026-06-02,,true
3503,LOW,HIGH,LOW,2026-06-02,,true
3505,LOW,HIGH,LOW,2026-06-02,,true
3506,LOW,HIGH,LOW,2026-06-02,,true
3510,LOW,HIGH,LOW,2026-06-02,,true
3518,LOW,LOW,LOW,2026-06-02,,true
3522,LOW,LOW,LOW,2026-06-02,,true
3525,LOW,LOW,LOW,2026-06-02,,true
3530,LOW,LOW,LOW,2026-06-02,,true
3532,LOW,LOW,LOW,2026-06-02,,true
3533,LOW,LOW,LOW,2026-06-02,,true
3534,LOW,LOW,LOW,2026-06-02,,true
3535,LOW,LOW,LOW,2026-06-02,,true
3537,LOW,LOW,LOW,2026-06-02,,true
3541,LOW,LOW,LOW,2026-06-02,,true
3543,LOW,LOW,LOW,2026-06-02,,true
3549,LOW,LOW,LOW,2026-06-02,,true
3550,LOW,LOW,LOW,2026-06-02,,true
3553,LOW,LOW,LOW,2026-06-02,,true
3556,LOW,LOW,LOW,2026-06-02,,true
3558,LOW,LOW,LOW,2026-06-02,,true
3563,LOW,LOW,LOW,2026-06-02,,true
3567,LOW,LOW,LOW,2026-06-02,,true
3577,LOW,LOW,LOW,2026-06-02,,true
3582,LOW,HIGH,LOW,2026-06-02,,true
3585,LOW,HIGH,LOW,2026-06-02,,true
3588,LOW,HIGH,LOW,2026-06-02,,true
3592,LOW,HIGH,LOW,2026-06-02,,true
3597,LOW,HIGH,LOW,2026-06-02,,true
3599,LOW,HIGH,LOW,2026-06-02,,true
3601,LOW,HIGH,LOW,2026-06-02,,true
3603,LOW,HIGH,LOW,2026-06-02,,true
3604,LOW,HIGH,LOW,2026-06-02,,true
3613,LOW,HIGH,LOW,2026-06-02,,true
3618,LOW,HIGH,LOW,2026-06-02,,true
3629,LOW,HIGH,LOW,2026-06-02,,true
3633,LOW,HIGH,LOW,2026-06-02,,true
3634,LOW,HIGH,LOW,2026-06-02,,true
3639,LOW,LOW,LOW,2026-06-02,,true
3640,LOW,LOW,LOW,2026-06-02,,true
3641,LOW,LOW,LOW,2026-06-02,,true
3646,LOW,LOW,LOW,2026-06-02,,true
3649,LOW,LOW,LOW,2026-06-02,,true
3652,LOW,LOW,LOW,2026-06-02,,true
3653,LOW,LOW,LOW,2026-06-02,,true
3657,LOW,LOW,LOW,2026-06-02,,true
3659,LOW,LOW,LOW,2026-06-02,,true
3666,LOW,LOW,LOW,2026-06-02,,true
3667,LOW,LOW,LOW,2026-06-02,,true
3668,LOW,LOW,LOW,2026-06-02,,true
3674,LOW,LOW,LOW,2026-06-02,,true
3684,LOW,LOW,LOW,2026-06-02,,true
3687,LOW,LOW,LOW,2026-06-02,,true
3688,LOW,LOW,LOW,2026-06-02,,true
3689,LOW,LOW,LOW,2026-06-02,,true
3693,LOW,LOW,LOW,2026-06-02,,true
3696,LOW,LOW,LOW,2026-06-02,,true
3702,LOW,LOW,LOW,2026-06-02,,true
3707,LOW,LOW,LOW,2026-06-02,,true
3711,LOW,LOW,LOW,2026-06-02,,true
3715,LOW,LOW,LOW,2026-06-02,,true
3717,LOW,LOW,LOW,2026-06-02,,true
3720,LOW,LOW,LOW,2026-06-02,,true
3724,LOW,LOW,LOW,2026-06-02,,true
3725,LOW,LOW,LOW,2026-06-02,,true
3736,LOW,LOW,LOW,2026-06-02,,true
3740,LOW,LOW,LOW,2026-06-02,,true
3741,LOW,LOW,LOW,2026-06-02,,true
3748,LOW,LOW,LOW,2026-06-02,,true
3752,LOW,LOW,LOW,2026-06-02,,true
3753,LOW,LOW,LOW,2026-06-02,,true
3755,LOW,LOW,LOW,2026-06-02,,true
3761,LOW,LOW,LOW,2026-06-02,,true
3765,LOW,LOW,LOW,2026-06-02,,true
3767,LOW,LOW,LOW,2026-06-02,,true
3772,LOW,LOW,LOW,2026-06-02,,true
3777,LOW,LOW,LOW,2026-06-02,,true
3792,LOW,LOW,LOW,2026-06-02,,true
3794,LOW,LOW,LOW,2026-06-02,,true
3796,LOW,LOW,LOW,2026-06-02,,true
3797,LOW,LOW,LOW,2026-06-02,,true
3800,LOW,LOW,LOW,2026-06-02,,true
3805,LOW,LOW,LOW,2026-06-02,,true
3808,LOW,LOW,LOW,2026-06-02,,true
3820,LOW,LOW,LOW,2026-06-02,,true
3829,LOW,LOW,LOW,2026-06-02,,true
3848,LOW,LOW,LOW,2026-06-02,,true
3851,LOW,LOW,LOW,2026-06-02,,true
3858,LOW,LOW,LOW,2026-06-02,,true
3860,LOW,LOW,LOW,2026-06-02,,true
3861,LOW,LOW,LOW,2026-06-02,,true
3865,LOW,LOW,LOW,2026-06-02,,true
3870,LOW,LOW,LOW,2026-06-02,,true
3875,LOW,LOW,LOW,2026-06-02,,true
3879,LOW,LOW,LOW,2026-06-02,,true
3884,LOW,LOW,LOW,2026-06-02,,true
3889,LOW,LOW,LOW,2026-06-02,,true
3890,LOW,LOW,LOW,2026-06-02,,true
3894,LOW,LOW,LOW,2026-06-02,,true
3895,LOW,LOW,LOW,2026-06-02,,true
3897,LOW,LOW,LOW,2026-06-02,,true
3898,LOW,LOW,LOW,2026-06-02,,true
3912,LOW,LOW,LOW,2026-06-02,,true
3913,LOW,LOW,LOW,2026-06-02,,true
3917,LOW,LOW,LOW,2026-06-02,,true
3919,LOW,LOW,LOW,2026-06-02,,true
3925,LOW,LOW,LOW,2026-06-02,,true
3941,LOW,LOW,LOW,2026-06-02,,true
3942,LOW,LOW,LOW,2026-06-02,,true
3943,LOW,LOW,LOW,2026-06-02,,true
3952,LOW,LOW,LOW,2026-06-02,,true
3953,LOW,LOW,LOW,2026-06-02,,true
3961,LOW,LOW,LOW,2026-06-02,,true
3962,LOW,LOW,LOW,2026-06-02,,true
3963,LOW,LOW,LOW,2026-06-02,,true
3973,LOW,LOW,LOW,2026-06-02,,true
3976,LOW,LOW,LOW,2026-06-02,,true
3978,LOW,LOW,LOW,2026-06-02,,true
3979,LOW,LOW,LOW,2026-06-02,,true
3984,LOW,LOW,LOW,2026-06-02,,true
3989,LOW,LOW,LOW,2026-06-02,,true
3993,LOW,LOW,LOW,2026-06-02,,true
3997,LOW,LOW,LOW,2026-06-02,,true
3999,LOW,LOW,LOW,2026-06-02,,true
4000,LOW,LOW,LOW,2026-06-02,,true
4002,LOW,LOW,LOW,2026-06-02,,true
4006,LOW,LOW,LOW,2026-06-02,,true
4011,LOW,LOW,LOW,2026-06-02,,true
4015,LOW,LOW,LOW,2026-06-02,,true
4024,LOW,LOW,LOW,2026-06-02,,true
4025,LOW,HIGH,LOW,2026-06-02,,true
4026,LOW,HIGH,LOW,2026-06-02,,true
4030,LOW,HIGH,LOW,2026-06-02,,true
4031,LOW,HIGH,LOW,2026-06-02,,true
4043,LOW,HIGH,LOW,2026-06-02,,true
4044,LOW,HIGH,LOW,2026-06-02,,true
4047,LOW,HIGH,LOW,2026-06-02,,true
4048,LOW,HIGH,LOW,2026-06-02,,true
4050,LOW,HIGH,LOW,2026-06-02,,true
4055,LOW,HIGH,LOW,2026-06-02,,true
4064,LOW,LOW,LOW,2026-06-02,,true
4067,LOW,LOW,LOW,2026-06-02,,true
4069,LOW,LOW,LOW,2026-06-02,,true
4070,LOW,LOW,LOW,2026-06-02,,true
4073,LOW,LOW,LOW,2026-06-02,,true
4076,LOW,LOW,LOW,2026-06-02,,true
4078,LOW,LOW,LOW,2026-06-02,,true
4083,LOW,LOW,LOW,2026-06-02,,true
4085,LOW,LOW,LOW,2026-06-02,,true
4087,LOW,LOW,LOW,2026-06-02,,true
4093,LOW,LOW,LOW,2026-06-02,,true
4094,LOW,LOW,LOW,2026-06-02,,true
4095,LOW,LOW,LOW,2026-06-02,,true
4096,LOW,LOW,LOW,2026-06-02,,true
4103,LOW,LOW,LOW,2026-06-02,,true
4109,LOW,LOW,LOW,2026-06-02,,true
4110,LOW,LOW,LOW,2026-06-02,,true
4115,LOW,LOW,LOW,2026-06-02,,true
4119,LOW,LOW,LOW,2026-06-02,,true
4123,LOW,LOW,LOW,2026-06-02,,true
4128,LOW,LOW,LOW,2026-06-02,,true
4130,LOW,LOW,LOW,2026-06-02,,true
4137,LOW,LOW,LOW,2026-06-02,,true
4140,LOW,LOW,LOW,2026-06-02,,true
4152,LOW,LOW,LOW,2026-06-02,,true
4159,LOW,LOW,LOW,2026-06-02,,true
4162,LOW,LOW,LOW,2026-06-02,,true
4167,LOW,LOW,LOW,2026-06-02,,true
4176,LOW,LOW,LOW,2026-06-02,,true
4177,LOW,LOW,LOW,2026-06-02,,true
4187,LOW,LOW,LOW,2026-06-02,,true
4190,LOW,LOW,LOW,2026-06-02,,true
4193,LOW,LOW,LOW,2026-06-02,,true
4197,LOW,LOW,LOW,2026-06-02,,true
4198,LOW,LOW,LOW,2026-06-02,,true
4199,LOW,LOW,LOW,2026-06-02,,true
4200,LOW,LOW,LOW,2026-06-02,,true
4202,LOW,LOW,LOW,2026-06-02,,true
4209,LOW,LOW,LOW,2026-06-02,,true
4213,LOW,LOW,LOW,2026-06-02,,true
4219,LOW,LOW,LOW,2026-06-02,,true
4224,LOW,LOW,LOW,2026-06-02,,true
4227,LOW,LOW,LOW,2026-06-02,,true
4228,LOW,LOW,LOW,2026-06-02,,true
4230,LOW,LOW,LOW,2026-06-02,,true
4231,LOW,LOW,LOW,2026-06-02,,true
4242,LOW,LOW,LOW,2026-06-02,,true
4243,LOW,LOW,LOW,2026-06-02,,true
4245,LOW,LOW,LOW,2026-06-02,,true
4246,LOW,HIGH,LOW,2026-06-02,,true
4249,LOW,HIGH,LOW,2026-06-02,,true
4252,LOW,HIGH,LOW,2026-06-02,,true
4254,LOW,HIGH,LOW,2026-06-02,,true
4257,LOW,HIGH,LOW,2026-06-02,,true
4264,LOW,HIGH,LOW,2026-06-02,,true
4267,LOW,HIGH,LOW,2026-06-02,,true
4268,LOW,HIGH,LOW,2026-06-02,,true
4271,LOW,HIGH,LOW,2026-06-02,,true
4272,LOW,HIGH,LOW,2026-06-02,,true
4275,LOW,HIGH,LOW,2026-06-02,,true
4278,LOW,HIGH,LOW,2026-06-02,,true
4282,LOW,HIGH,LOW,2026-06-02,,true
4283,LOW,HIGH,LOW,2026-06-02,,true
4285,LOW,HIGH,LOW,2026-06-02,,true
4289,LOW,HIGH,LOW,2026-06-02,,true
4293,LOW,HIGH,LOW,2026-06-02,,true
4312,LOW,HIGH,LOW,2026-06-02,,true
4316,LOW,HIGH,LOW,2026-06-02,,true
4317,LOW,HIGH,LOW,2026-06-02,,true
4318,LOW,HIGH,LOW,2026-06-02,,true
4320,LOW,HIGH,LOW,2026-06-02,,true
4321,LOW,HIGH,LOW,2026-06-02,,true
4322,LOW,HIGH,LOW,2026-06-02,,true
4324,LOW,HIGH,LOW,2026-06-02,,true
4342,LOW,HIGH,LOW,2026-06-02,,true
4343,LOW,HIGH,LOW,2026-06-02,,true
4345,LOW,HIGH,LOW,2026-06-02,,true
4357,LOW,HIGH,LOW,2026-06-02,,true
4362,LOW,HIGH,LOW,2026-06-02,,true
4364,LOW,HIGH,LOW,2026-06-02,,true
4368,LOW,LOW,LOW,2026-06-02,,true
4372,LOW,LOW,LOW,2026-06-02,,true
4374,LOW,LOW,LOW,2026-06-02,,true
4379,LOW,LOW,LOW,2026-06-02,,true
4380,LOW,LOW,LOW,2026-06-02,,true
4382,LOW,LOW,LOW,2026-06-02,,true
4386,LOW,LOW,LOW,2026-06-02,,true
4392,LOW,LOW,LOW,2026-06-02,,true
4396,LOW,LOW,LOW,2026-06-02,,true
4405,LOW,LOW,LOW,2026-06-02,,true
4408,LOW,LOW,LOW,2026-06-02,,true
4412,LOW,LOW,LOW,2026-06-02,,true
4413,LOW,LOW,LOW,2026-06-02,,true
4418,LOW,LOW,LOW,2026-06-02,,true
4420,LOW,LOW,LOW,2026-06-02,,true
4427,LOW,LOW,LOW,2026-06-02,,true
4430,LOW,LOW,LOW,2026-06-02,,true
4438,LOW,LOW,LOW,2026-06-02,,true
4447,LOW,LOW,LOW,2026-06-02,,true
4452,LOW,LOW,LOW,2026-06-02,,true
4459,LOW,LOW,LOW,2026-06-02,,true
4461,LOW,LOW,LOW,2026-06-02,,true
4464,LOW,LOW,LOW,2026-06-02,,true
4470,LOW,LOW,LOW,2026-06-02,,true
4471,LOW,LOW,LOW,2026-06-02,,true
4474,LOW,LOW,LOW,2026-06-02,,true
4475,LOW,LOW,LOW,2026-06-02,,true
4479,LOW,LOW,LOW,2026-06-02,,true
4480,LOW,LOW,LOW,2026-06-02,,true
4482,LOW,LOW,LOW,2026-06-02,,true
4483,LOW,LOW,LOW,2026-06-02,,true
4484,LOW,LOW,LOW,2026-06-02,,true
4487,LOW,LOW,LOW,2026-06-02,,true
4488,LOW,LOW,LOW,2026-06-02,,true
4489,LOW,LOW,LOW,2026-06-02,,true
4490,LOW,LOW,LOW,2026-06-02,,true
4493,LOW,LOW,LOW,2026-06-02,,true
4494,LOW,LOW,LOW,2026-06-02,,true
4496,LOW,LOW,LOW,2026-06-02,,true
4501,LOW,LOW,LOW,2026-06-02,,true
4505,LOW,LOW,LOW,2026-06-02,,true
4507,LOW,LOW,LOW,2026-06-02,,true
4509,LOW,LOW,LOW,2026-06-02,,true
4512,LOW,LOW,LOW,2026-06-02,,true
4520,LOW,LOW,LOW,2026-06-02,,true
4521,LOW,LOW,LOW,2026-06-02,,true
4522,LOW,LOW,LOW,2026-06-02,,true
4530,LOW,LOW,LOW,2026-06-02,,true
4534,LOW,LOW,LOW,2026-06-02,,true
4539,LOW,LOW,LOW,2026-06-02,,true
4546,LOW,LOW,LOW,2026-06-02,,true
4554,LOW,LOW,LOW,2026-06-02,,true
4555,LOW,LOW,LOW,2026-06-02,,true
4559,LOW,HIGH,LOW,2026-06-02,,true
4560,LOW,HIGH,LOW,2026-06-02,,true
4563,LOW,HIGH,LOW,2026-06-02,,true
4564,LOW,HIGH,LOW,2026-06-02,,true
4580,LOW,HIGH,LOW,2026-06-02,,true
4586,LOW,HIGH,LOW,2026-06-02,,true
4589,LOW,HIGH,LOW,2026-06-02,,true
4590,LOW,HIGH,LOW,2026-06-02,,true
4592,LOW,HIGH,LOW,2026-06-02,,true
4595,LOW,HIGH,LOW,2026-06-02,,true
4597,LOW,HIGH,LOW,2026-06-02,,true
4599,LOW,HIGH,LOW,2026-06-02,,true
4600,LOW,HIGH,LOW,2026-06-02,,true
4605,LOW,HIGH,LOW,2026-06-02,,true
4611,LOW,HIGH,LOW,2026-06-02,,true
4612,LOW,HIGH,LOW,2026-06-02,,true
4617,LOW,HIGH,LOW,2026-06-02,,true
4620,LOW,LOW,LOW,2026-06-02,,true
4622,LOW,LOW,LOW,2026-06-02,,true
4630,LOW,LOW,LOW,2026-06-02,,true
4631,LOW,LOW,LOW,2026-06-02,,true
4632,LOW,LOW,LOW,2026-06-02,,true
4634,LOW,LOW,LOW,2026-06-02,,true
4644,LOW,LOW,LOW,2026-06-02,,true
4659,LOW,LOW,LOW,2026-06-02,,true
4660,LOW,LOW,LOW,2026-06-02,,true
4662,LOW,LOW,LOW,2026-06-02,,true
4663,LOW,LOW,LOW,2026-06-02,,true
4665,LOW,LOW,LOW,2026-06-02,,true
4670,LOW,LOW,LOW,2026-06-02,,true
4671,LOW,LOW,LOW,2026-06-02,,true
4674,LOW,LOW,LOW,2026-06-02,,true
4679,LOW,LOW,LOW,2026-06-02,,true
4685,LOW,LOW,LOW,2026-06-02,,true
4695,LOW,LOW,LOW,2026-06-02,,true
4700,LOW,LOW,LOW,2026-06-02,,true
4703,LOW,LOW,LOW,2026-06-02,,true
4705,LOW,LOW,LOW,2026-06-02,,true
4710,LOW,LOW,LOW,2026-06-02,,true
4711,LOW,LOW,LOW,2026-06-02,,true
4714,LOW,LOW,LOW,2026-06-02,,true
4718,LOW,LOW,LOW,2026-06-02,,true
4720,LOW,LOW,LOW,2026-06-02,,true
4728,LOW,LOW,LOW,2026-06-02,,true
4731,LOW,LOW,LOW,2026-06-02,,true
4733,LOW,LOW,LOW,2026-06-02,,true
4734,LOW,LOW,LOW,2026-06-02,,true
4736,LOW,LOW,LOW,2026-06-02,,true
4738,LOW,LOW,LOW,2026-06-02,,true
4739,LOW,LOW,LOW,2026-06-02,,true
4741,LOW,LOW,LOW,2026-06-02,,true
4744,LOW,LOW,LOW,2026-06-02,,true
4745,LOW,LOW,LOW,2026-06-02,,true
4748,LOW,LOW,LOW,2026-06-02,,true
4751,LOW,LOW,LOW,2026-06-02,,true
4752,LOW,LOW,LOW,2026-06-02,,true
4755,LOW,LOW,LOW,2026-06-02,,true
4756,LOW,LOW,LOW,2026-06-02,,true
4758,LOW,LOW,LOW,2026-06-02,,true
4761,LOW,LOW,LOW,2026-06-02,,true
4763,LOW,LOW,LOW,2026-06-02,,true
4764,LOW,LOW,LOW,2026-06-02,,true
4776,LOW,LOW,LOW,2026-06-02,,true
4791,LOW,LOW,LOW,2026-06-02,,true
4794,LOW,LOW,LOW,2026-06-02,,true
4795,LOW,LOW,LOW,2026-06-02,,true
4799,LOW,LOW,LOW,2026-06-02,,true
4801,LOW,LOW,LOW,2026-06-02,,true
4811,LOW,LOW,LOW,2026-06-02,,true
4812,LOW,LOW,LOW,2026-06-02,,true
4820,LOW,LOW,LOW,2026-06-02,,true
4824,LOW,LOW,LOW,2026-06-02,,true
4827,LOW,LOW,LOW,2026-06-02,,true
4828,LOW,LOW,LOW,2026-06-02,,true
4831,LOW,LOW,LOW,2026-06-02,,true
4832,LOW,LOW,LOW,2026-06-02,,true
4836,LOW,LOW,LOW,2026-06-02,,true
4845,LOW,HIGH,LOW,2026-06-02,,true
4853,LOW,HIGH,LOW,2026-06-02,,true
4861,LOW,HIGH,LOW,2026-06-02,,true
4865,LOW,HIGH,LOW,2026-06-02,,true
4866,LOW,HIGH,LOW,2026-06-02,,true
4871,LOW,HIGH,LOW,2026-06-02,,true
4881,LOW,HIGH,LOW,2026-06-02,,true
4884,LOW,HIGH,LOW,2026-06-02,,true
4889,LOW,HIGH,LOW,2026-06-02,,true
4891,LOW,HIGH,LOW,2026-06-02,,true
4895,LOW,HIGH,LOW,2026-06-02,,true
4896,LOW,HIGH,LOW,2026-06-02,,true
4912,LOW,LOW,LOW,2026-06-02,,true
4917,LOW,LOW,LOW,2026-06-02,,true
4924,LOW,LOW,LOW,2026-06-02,,true
4926,LOW,LOW,LOW,2026-06-02,,true
4931,LOW,LOW,LOW,2026-06-02,,true
4936,LOW,LOW,LOW,2026-06-02,,true
4940,LOW,LOW,LOW,2026-06-02,,true
4943,LOW,LOW,LOW,2026-06-02,,true
4947,LOW,LOW,LOW,2026-06-02,,true
4953,LOW,LOW,LOW,2026-06-02,,true
4954,LOW,LOW,LOW,2026-06-02,,true
4960,LOW,LOW,LOW,2026-06-02,,true
4966,LOW,LOW,LOW,2026-06-02,,true
4968,LOW,HIGH,LOW,2026-06-02,,true
4972,LOW,HIGH,LOW,2026-06-02,,true
4974,LOW,HIGH,LOW,2026-06-02,,true
4975,LOW,HIGH,LOW,2026-06-02,,true
4981,LOW,HIGH,LOW,2026-06-02,,true
4985,LOW,HIGH,LOW,2026-06-02,,true
4988,LOW,HIGH,LOW,2026-06-02,,true
4993,LOW,HIGH,LOW,2026-06-02,,true
5001,LOW,HIGH,LOW,2026-06-02,,true
5002,LOW,HIGH,LOW,2026-06-02,,true
5006,LOW,HIGH,LOW,2026-06-02,,true
5018,LOW,HIGH,LOW,2026-06-02,,true
5019,LOW,HIGH,LOW,2026-06-02,,true
5021,LOW,HIGH,LOW,2026-06-02,,true
5022,LOW,HIGH,LOW,2026-06-02,,true
5023,LOW,HIGH,LOW,2026-06-02,,true
5024,LOW,HIGH,LOW,2026-06-02,,true
5027,LOW,LOW,LOW,2026-06-02,,true
5041,LOW,LOW,LOW,2026-06-02,,true
5047,LOW,LOW,LOW,2026-06-02,,true
5051,LOW,LOW,LOW,2026-06-02,,true
5056,LOW,LOW,LOW,2026-06-02,,true
5063,LOW,LOW,LOW,2026-06-02,,true
5064,LOW,LOW,LOW,2026-06-02,,true
5068,LOW,LOW,LOW,2026-06-02,,true
5076,LOW,LOW,LOW,2026-06-02,,true
5077,LOW,LOW,LOW,2026-06-02,,true
5079,LOW,LOW,LOW,2026-06-02,,true
5090,LOW,LOW,LOW,2026-06-02,,true
5092,LOW,LOW,LOW,2026-06-02,,true
5093,LOW,LOW,LOW,2026-06-02,,true
5094,LOW,LOW,LOW,2026-06-02,,true
5098,LOW,LOW,LOW,2026-06-02,,true
5101,LOW,LOW,LOW,2026-06-02,,true
5104,LOW,LOW,LOW,2026-06-02,,true
5108,LOW,LOW,LOW,2026-06-02,,true
5124,LOW,LOW,LOW,2026-06-02,,true
5125,LOW,LOW,LOW,2026-06-02,,true
5126,LOW,LOW,LOW,2026-06-02,,true
5129,LOW,LOW,LOW,2026-06-02,,true
5130,LOW,LOW,LOW,2026-06-02,,true
5138,LOW,LOW,LOW,2026-06-02,,true
5139,LOW,LOW,LOW,2026-06-02,,true
5140,LOW,LOW,LOW,2026-06-02,,true
5147,LOW,LOW,LOW,2026-06-02,,true
5150,LOW,LOW,LOW,2026-06-02,,true
5152,LOW,LOW,LOW,2026-06-02,,true
5155,LOW,LOW,LOW,2026-06-02,,true
5159,LOW,LOW,LOW,2026-06-02,,true
5170,LOW,HIGH,LOW,2026-06-02,,true
5171,LOW,HIGH,LOW,2026-06-02,,true
5177,LOW,HIGH,LOW,2026-06-02,,true
5178,LOW,HIGH,LOW,2026-06-02,,true
5188,LOW,HIGH,LOW,2026-06-02,,true
5195,LOW,HIGH,LOW,2026-06-02,,true
5196,LOW,HIGH,LOW,2026-06-02,,true
5201,LOW,HIGH,LOW,2026-06-02,,true
5202,LOW,HIGH,LOW,2026-06-02,,true
5205,LOW,LOW,LOW,2026-06-02,,true
5208,LOW,LOW,LOW,2026-06-02,,true
5209,LOW,LOW,LOW,2026-06-02,,true
5216,LOW,LOW,LOW,2026-06-02,,true
5217,LOW,LOW,LOW,2026-06-02,,true
5218,LOW,LOW,LOW,2026-06-02,,true
5224,LOW,LOW,LOW,2026-06-02,,true
5225,LOW,LOW,LOW,2026-06-02,,true
5237,LOW,LOW,LOW,2026-06-02,,true
5241,LOW,LOW,LOW,2026-06-02,,true
5244,LOW,LOW,LOW,2026-06-02,,true
5259,LOW,LOW,LOW,2026-06-02,,true
5261,LOW,LOW,LOW,2026-06-02,,true
5269,LOW,LOW,LOW,2026-06-02,,true
5271,LOW,LOW,LOW,2026-06-02,,true
5272,LOW,LOW,LOW,2026-06-02,,true
5275,LOW,LOW,LOW,2026-06-02,,true
5281,LOW,LOW,LOW,2026-06-02,,true
5282,LOW,LOW,LOW,2026-06-02,,true
5289,LOW,LOW,LOW,2026-06-02,,true
5290,LOW,LOW,LOW,2026-06-02,,true
5292,LOW,LOW,LOW,2026-06-02,,true
5306,LOW,LOW,LOW,2026-06-02,,true
5307,LOW,LOW,LOW,2026-06-02,,true
5309,LOW,LOW,LOW,2026-06-02,,true
5310,LOW,LOW,LOW,2026-06-02,,true
5311,LOW,LOW,LOW,2026-06-02,,true
5313,LOW,LOW,LOW,2026-06-02,,true
5314,LOW,LOW,LOW,2026-06-02,,true
5317,LOW,LOW,LOW,2026-06-02,,true
5318,LOW,LOW,LOW,2026-06-02,,true
5321,LOW,LOW,LOW,2026-06-02,,true
5322,LOW,LOW,LOW,2026-06-02,,true
5326,LOW,LOW,LOW,2026-06-02,,true
5327,LOW,LOW,LOW,2026-06-02,,true
5334,LOW,LOW,LOW,2026-06-02,,true
5337,LOW,LOW,LOW,2026-06-02,,true
5343,LOW,LOW,LOW,2026-06-02,,true
5349,LOW,LOW,LOW,2026-06-02,,true
5351,LOW,LOW,LOW,2026-06-02,,true
5359,LOW,LOW,LOW,2026-06-02,,true
5362,LOW,LOW,LOW,2026-06-02,,true
5381,LOW,LOW,LOW,2026-06-02,,true
5391,LOW,LOW,LOW,2026-06-02,,true
5395,LOW,LOW,LOW,2026-06-02,,true
5409,LOW,LOW,LOW,2026-06-02,,true
5413,LOW,LOW,LOW,2026-06-02,,true
5414,LOW,LOW,LOW,2026-06-02,,true
5421,LOW,LOW,LOW,2026-06-02,,true
5428,LOW,LOW,LOW,2026-06-02,,true
5430,LOW,LOW,LOW,2026-06-02,,true
5434,LOW,LOW,LOW,2026-06-02,,true
5444,LOW,LOW,LOW,2026-06-02,,true
5456,LOW,LOW,LOW,2026-06-02,,true
5458,LOW,LOW,LOW,2026-06-02,,true
5460,LOW,LOW,LOW,2026-06-02,,true
5463,LOW,LOW,LOW,2026-06-02,,true
5466,LOW,LOW,LOW,2026-06-02,,true
5470,LOW,LOW,LOW,2026-06-02,,true
5472,LOW,LOW,LOW,2026-06-02,,true
5474,LOW,LOW,LOW,2026-06-02,,true
5475,LOW,LOW,LOW,2026-06-02,,true
5479,LOW,LOW,LOW,2026-06-02,,true
5480,LOW,LOW,LOW,2026-06-02,,true
5481,LOW,LOW,LOW,2026-06-02,,true
5482,LOW,LOW,LOW,2026-06-02,,true
5484,LOW,LOW,LOW,2026-06-02,,true
5490,LOW,LOW,LOW,2026-06-02,,true
5492,LOW,LOW,LOW,2026-06-02,,true
5501,LOW,LOW,LOW,2026-06-02,,true
5504,LOW,LOW,LOW,2026-06-02,,true
5509,LOW,LOW,LOW,2026-06-02,,true
5512,LOW,HIGH,LOW,2026-06-02,,true
5513,LOW,HIGH,LOW,2026-06-02,,true
5517,LOW,HIGH,LOW,2026-06-02,,true
5523,LOW,HIGH,LOW,2026-06-02,,true
5528,LOW,HIGH,LOW,2026-06-02,,true
5529,LOW,HIGH,LOW,2026-06-02,,true
5531,LOW,HIGH,LOW,2026-06-02,,true
5532,LOW,HIGH,LOW,2026-06-02,,true
5543,LOW,HIGH,LOW,2026-06-02,,true
5544,LOW,HIGH,LOW,2026-06-02,,true
5549,LOW,HIGH,LOW,2026-06-02,,true
5550,LOW,HIGH,LOW,2026-06-02,,true
5557,LOW,HIGH,LOW,2026-06-02,,true
5560,LOW,HIGH,LOW,2026-06-02,,true
5567,LOW,HIGH,HIGH,2026-06-02,,true
5570,LOW,LOW,LOW,2026-06-02,,true
5572,LOW,LOW,LOW,2026-06-02,,true
5577,LOW,LOW,LOW,2026-06-02,,true
5584,LOW,LOW,LOW,2026-06-02,,true
5585,LOW,LOW,LOW,2026-06-02,,true
5588,LOW,LOW,LOW,2026-06-02,,true
5592,LOW,LOW,LOW,2026-06-02,,true
5598,LOW,LOW,LOW,2026-06-02,,true
5605,LOW,LOW,LOW,2026-06-02,,true
5606,LOW,LOW,LOW,2026-06-02,,true
5610,LOW,LOW,LOW,2026-06-02,,true
5612,LOW,LOW,LOW,2026-06-02,,true
5615,LOW,LOW,LOW,2026-06-02,,true
5618,LOW,LOW,LOW,2026-06-02,,true
5620,LOW,LOW,LOW,2026-06-02,,true
5621,LOW,LOW,LOW,2026-06-02,,true
5624,LOW,LOW,LOW,2026-06-02,,true
5631,LOW,LOW,LOW,2026-06-02,,true
5641,LOW,HIGH,LOW,2026-06-02,,true
5644,LOW,HIGH,LOW,2026-06-02,,true
5650,LOW,HIGH,LOW,2026-06-02,,true
5653,LOW,HIGH,LOW,2026-06-02,,true
5661,LOW,HIGH,LOW,2026-06-02,,true
5665,LOW,HIGH,LOW,2026-06-02,,true
5666,LOW,HIGH,LOW,2026-06-02,,true
5670,LOW,HIGH,LOW,2026-06-02,,true
5675,LOW,HIGH,LOW,2026-06-02,,true
5679,LOW,HIGH,LOW,2026-06-02,,true
5685,LOW,HIGH,HIGH,2026-06-02,,true
5695,LOW,HIGH,HIGH,2026-06-02,,true
5697,LOW,LOW,LOW,2026-06-02,,true
5705,LOW,LOW,LOW,2026-06-02,,true
5709,LOW,LOW,LOW,2026-06-02,,true
5712,LOW,LOW,LOW,2026-06-02,,true
5721,LOW,LOW,LOW,2026-06-02,,true
5724,LOW,LOW,LOW,2026-06-02,,true
5731,LOW,LOW,LOW,2026-06-02,,true
5733,LOW,LOW,LOW,2026-06-02,,true
5744,LOW,LOW,LOW,2026-06-02,,true
5745,LOW,LOW,LOW,2026-06-02,,true
5751,LOW,LOW,LOW,2026-06-02,,true
5755,LOW,LOW,LOW,2026-06-02,,true
5756,LOW,LOW,LOW,2026-06-02,,true
5757,LOW,LOW,LOW,2026-06-02,,true
5758,LOW,LOW,LOW,2026-06-02,,true
5760,LOW,LOW,LOW,2026-06-02,,true
5761,LOW,LOW,LOW,2026-06-02,,true
5765,LOW,LOW,LOW,2026-06-02,,true
5767,LOW,LOW,LOW,2026-06-02,,true
5775,LOW,LOW,LOW,2026-06-02,,true
5778,LOW,LOW,LOW,2026-06-02,,true
5782,LOW,LOW,LOW,2026-06-02,,true
5783,LOW,LOW,LOW,2026-06-02,,true
5785,LOW,LOW,LOW,2026-06-02,,true
5788,LOW,LOW,LOW,2026-06-02,,true
5796,LOW,LOW,LOW,2026-06-02,,true
5804,LOW,LOW,LOW,2026-06-02,,true
5814,LOW,LOW,LOW,2026-06-02,,true
5815,LOW,LOW,LOW,2026-06-02,,true
5816,LOW,LOW,LOW,2026-06-02,,true
5818,LOW,LOW,LOW,2026-06-02,,true
5823,LOW,LOW,LOW,2026-06-02,,true
5824,LOW,LOW,LOW,2026-06-02,,true
5825,LOW,LOW,LOW,2026-06-02,,true
5827,LOW,LOW,LOW,2026-06-02,,true
5830,LOW,LOW,LOW,2026-06-02,,true
5836,LOW,LOW,LOW,2026-06-02,,true
5840,LOW,LOW,LOW,2026-06-02,,true
5843,LOW,LOW,LOW,2026-06-02,,true
5845,LOW,LOW,LOW,2026-06-02,,true
5849,LOW,LOW,LOW,2026-06-02,,true
5856,LOW,LOW,LOW,2026-06-02,,true
5858,LOW,LOW,LOW,2026-06-02,,true
5859,LOW,LOW,LOW,2026-06-02,,true
5861,LOW,LOW,LOW,2026-06-02,,true
5863,LOW,LOW,LOW,2026-06-02,,true
5865,LOW,LOW,LOW,2026-06-02,,true
5873,LOW,LOW,LOW,2026-06-02,,true
5877,LOW,LOW,LOW,2026-06-02,,true
5878,LOW,LOW,LOW,2026-06-02,,true
5880,LOW,LOW,LOW,2026-06-02,,true
5884,LOW,LOW,LOW,2026-06-02,,true
5891,LOW,LOW,LOW,2026-06-02,,true
5894,LOW,LOW,LOW,2026-06-02,,true
5897,LOW,LOW,LOW,2026-06-02,,true
5900,LOW,LOW,LOW,2026-06-02,,true
5901,LOW,LOW,LOW,2026-06-02,,true
5912,LOW,LOW,LOW,2026-06-02,,true
5916,LOW,LOW,LOW,2026-06-02,,true
5920,LOW,LOW,LOW,2026-06-02,,true
5921,LOW,LOW,LOW,2026-06-02,,true
5926,LOW,LOW,LOW,2026-06-02,,true
5927,LOW,LOW,LOW,2026-06-02,,true
5929,LOW,LOW,LOW,2026-06-02,,true
5933,LOW,LOW,LOW,2026-06-02,,true
5944,LOW,LOW,LOW,2026-06-02,,true
5945,LOW,LOW,LOW,2026-06-02,,true
5946,LOW,LOW,LOW,2026-06-02,,true
5951,LOW,LOW,LOW,2026-06-02,,true
5955,LOW,LOW,LOW,2026-06-02,,true
5957,LOW,LOW,LOW,2026-06-02,,true
5959,LOW,LOW,LOW,2026-06-02,,true
5960,LOW,LOW,LOW,2026-06-02,,true
5968,LOW,LOW,LOW,2026-06-02,,true
5970,LOW,LOW,LOW,2026-06-02,,true
5976,LOW,LOW,LOW,2026-06-02,,true
5980,LOW,LOW,LOW,2026-06-02,,true
5983,LOW,LOW,LOW,2026-06-02,,true
5984,LOW,LOW,LOW,2026-06-02,,true
5986,LOW,LOW,LOW,2026-06-02,,true
5987,LOW,LOW,LOW,2026-06-02,,true
5997,LOW,LOW,LOW,2026-06-02,,true
5999,LOW,LOW,LOW,2026-06-02,,true
6001,LOW,LOW,LOW,2026-06-02,,true
6003,LOW,LOW,LOW,2026-06-02,,true
6005,LOW,LOW,LOW,2026-06-02,,true
6007,LOW,LOW,LOW,2026-06-02,,true
6008,LOW,LOW,LOW,2026-06-02,,true
6017,LOW,LOW,LOW,2026-06-02,,true
6021,LOW,LOW,LOW,2026-06-02,,true
6023,LOW,LOW,LOW,2026-06-02,,true
6024,LOW,LOW,LOW,2026-06-02,,true
6025,LOW,LOW,LOW,2026-06-02,,true
6028,LOW,LOW,LOW,2026-06-02,,true
6038,LOW,LOW,LOW,2026-06-02,,true
6043,LOW,LOW,LOW,2026-06-02,,true
6046,LOW,LOW,LOW,2026-06-02,,true
6051,LOW,LOW,LOW,2026-06-02,,true
6054,LOW,LOW,LOW,2026-06-02,,true
6056,LOW,HIGH,LOW,2026-06-02,,true
6058,LOW,HIGH,LOW,2026-06-02,,true
6067,LOW,HIGH,LOW,2026-06-02,,true
6068,LOW,HIGH,LOW,2026-06-02,,true
6076,LOW,HIGH,LOW,2026-06-02,,true
6086,LOW,HIGH,LOW,2026-06-02,,true
6091,LOW,HIGH,LOW,2026-06-02,,true
6097,LOW,HIGH,LOW,2026-06-02,,true
6107,LOW,HIGH,LOW,2026-06-02,,true
6110,LOW,HIGH,LOW,2026-06-02,,true
6114,LOW,HIGH,LOW,2026-06-02,,true
6117,LOW,LOW,LOW,2026-06-02,,true
6122,LOW,LOW,LOW,2026-06-02,,true
6123,LOW,LOW,LOW,2026-06-02,,true
6126,LOW,LOW,LOW,2026-06-02,,true
6127,LOW,LOW,LOW,2026-06-02,,true
6134,LOW,LOW,LOW,2026-06-02,,true
6142,LOW,LOW,LOW,2026-06-02,,true
6146,LOW,LOW,LOW,2026-06-02,,true
6149,LOW,LOW,LOW,2026-06-02,,true
6150,LOW,LOW,LOW,2026-06-02,,true
6151,LOW,LOW,LOW,2026-06-02,,true
6155,LOW,LOW,LOW,2026-06-02,,true
6156,LOW,LOW,LOW,2026-06-02,,true
6158,LOW,LOW,LOW,2026-06-02,,true
6165,LOW,LOW,LOW,2026-06-02,,true
6169,LOW,LOW,LOW,2026-06-02,,true
6172,LOW,LOW,LOW,2026-06-02,,true
6180,LOW,LOW,LOW,2026-06-02,,true
6181,LOW,LOW,LOW,2026-06-02,,true
6182,LOW,LOW,LOW,2026-06-02,,true
6183,LOW,LOW,LOW,2026-06-02,,true
6197,LOW,LOW,LOW,2026-06-02,,true
6214,LOW,LOW,LOW,2026-06-02,,true
6216,LOW,LOW,LOW,2026-06-02,,true
6217,LOW,LOW,LOW,2026-06-02,,true
6219,LOW,LOW,LOW,2026-06-02,,true
6220,LOW,LOW,LOW,2026-06-02,,true
6223,LOW,LOW,LOW,2026-06-02,,true
6228,LOW,LOW,LOW,2026-06-02,,true
6230,LOW,LOW,LOW,2026-06-02,,true
6231,LOW,LOW,LOW,2026-06-02,,true
6237,LOW,LOW,LOW,2026-06-02,,true
6244,LOW,LOW,LOW,2026-06-02,,true
6247,LOW,LOW,LOW,2026-06-02,,true
6251,LOW,LOW,LOW,2026-06-02,,true
6252,LOW,LOW,LOW,2026-06-02,,true
6253,LOW,LOW,LOW,2026-06-02,,true
6260,LOW,LOW,LOW,2026-06-02,,true
6262,LOW,LOW,LOW,2026-06-02,,true
6264,LOW,LOW,LOW,2026-06-02,,true
6279,LOW,LOW,LOW,2026-06-02,,true
6285,LOW,LOW,LOW,2026-06-02,,true
6297,LOW,LOW,LOW,2026-06-02,,true
6301,LOW,LOW,LOW,2026-06-02,,true
6307,LOW,LOW,LOW,2026-06-02,,true
6312,LOW,LOW,LOW,2026-06-02,,true
6313,LOW,LOW,LOW,2026-06-02,,true
6316,LOW,LOW,LOW,2026-06-02,,true
6319,LOW,LOW,LOW,2026-06-02,,true
6324,LOW,LOW,LOW,2026-06-02,,true
6326,LOW,LOW,LOW,2026-06-02,,true
6327,LOW,LOW,LOW,2026-06-02,,true
6341,LOW,LOW,LOW,2026-06-02,,true
6342,LOW,LOW,LOW,2026-06-02,,true
6350,LOW,LOW,LOW,2026-06-02,,true
6357,LOW,HIGH,LOW,2026-06-02,,true
6362,LOW,HIGH,LOW,2026-06-02,,true
6364,LOW,HIGH,LOW,2026-06-02,,true
6368,LOW,HIGH,LOW,2026-06-02,,true
6369,LOW,HIGH,LOW,2026-06-02,,true
6370,LOW,HIGH,LOW,2026-06-02,,true
6375,LOW,HIGH,LOW,2026-06-02,,true
6376,LOW,HIGH,LOW,2026-06-02,,true
6382,LOW,HIGH,LOW,2026-06-02,,true
6391,LOW,HIGH,LOW,2026-06-02,,true
6393,LOW,HIGH,LOW,2026-06-02,,true
6400,LOW,HIGH,LOW,2026-06-02,,true
6401,LOW,HIGH,LOW,2026-06-02,,true
6403,LOW,HIGH,LOW,2026-06-02,,true
6404,LOW,HIGH,LOW,2026-06-02,,true
6408,LOW,HIGH,LOW,2026-06-02,,true
6409,LOW,HIGH,LOW,2026-06-02,,true
6412,LOW,LOW,LOW,2026-06-02,,true
6414,LOW,LOW,LOW,2026-06-02,,true
6421,LOW,LOW,LOW,2026-06-02,,true
6422,LOW,LOW,LOW,2026-06-02,,true
6423,LOW,LOW,LOW,2026-06-02,,true
6424,LOW,LOW,LOW,2026-06-02,,true
6426,LOW,LOW,LOW,2026-06-02,,true
6431,LOW,LOW,LOW,2026-06-02,,true
6437,LOW,LOW,LOW,2026-06-02,,true
6440,LOW,LOW,LOW,2026-06-02,,true
6443,LOW,LOW,LOW,2026-06-02,,true
6450,LOW,LOW,LOW,2026-06-02,,true
6452,LOW,LOW,LOW,2026-06-02,,true
6453,LOW,LOW,LOW,2026-06-02,,true
6462,LOW,LOW,LOW,2026-06-02,,true
6472,LOW,LOW,LOW,2026-06-02,,true
6475,LOW,LOW,LOW,2026-06-02,,true
6482,LOW,LOW,LOW,2026-06-02,,true
6484,LOW,LOW,LOW,2026-06-02,,true
6486,LOW,LOW,LOW,2026-06-02,,true
6487,LOW,LOW,LOW,2026-06-02,,true
6488,LOW,LOW,LOW,2026-06-02,,true
6496,LOW,LOW,LOW,2026-06-02,,true
6498,LOW,LOW,LOW,2026-06-02,,true
6501,LOW,LOW,LOW,2026-06-02,,true
6515,LOW,LOW,LOW,2026-06-02,,true
6518,LOW,LOW,LOW,2026-06-02,,true
6522,LOW,LOW,LOW,2026-06-02,,true
6525,LOW,LOW,LOW,2026-06-02,,true
6532,LOW,LOW,LOW,2026-06-02,,true
6538,LOW,LOW,LOW,2026-06-02,,true
6539,LOW,LOW,LOW,2026-06-02,,true
6545,LOW,LOW,LOW,2026-06-02,,true
6546,LOW,LOW,LOW,2026-06-02,,true
6548,LOW,LOW,LOW,2026-06-02,,true
6549,LOW,LOW,LOW,2026-06-02,,true
6551,LOW,LOW,LOW,2026-06-02,,true
6553,LOW,LOW,LOW,2026-06-02,,true
6554,LOW,LOW,LOW,2026-06-02,,true
6561,LOW,LOW,LOW,2026-06-02,,true
6563,LOW,LOW,LOW,2026-06-02,,true
6570,LOW,LOW,LOW,2026-06-02,,true
6572,LOW,LOW,LOW,2026-06-02,,true
6575,LOW,LOW,LOW,2026-06-02,,true
6579,LOW,LOW,LOW,2026-06-02,,true
6583,LOW,LOW,LOW,2026-06-02,,true
6586,LOW,LOW,LOW,2026-06-02,,true
6587,LOW,LOW,LOW,2026-06-02,,true
6589,LOW,LOW,LOW,2026-06-02,,true
6592,LOW,LOW,LOW,2026-06-02,,true
6596,LOW,LOW,LOW,2026-06-02,,true
6602,LOW,LOW,LOW,2026-06-02,,true
6608,LOW,LOW,LOW,2026-06-02,,true
6611,LOW,LOW,LOW,2026-06-02,,true
6622,LOW,LOW,LOW,2026-06-02,,true
6623,LOW,LOW,LOW,2026-06-02,,true
6631,LOW,LOW,LOW,2026-06-02,,true
6633,LOW,LOW,LOW,2026-06-02,,true
6638,LOW,LOW,LOW,2026-06-02,,true
6641,LOW,LOW,LOW,2026-06-02,,true
6654,LOW,LOW,LOW,2026-06-02,,true
6655,LOW,LOW,LOW,2026-06-02,,true
6657,LOW,LOW,LOW,2026-06-02,,true
6658,LOW,LOW,LOW,2026-06-02,,true
6661,LOW,LOW,LOW,2026-06-02,,true
6662,LOW,LOW,LOW,2026-06-02,,true
6664,LOW,LOW,LOW,2026-06-02,,true
6669,LOW,LOW,LOW,2026-06-02,,true
6670,LOW,LOW,LOW,2026-06-02,,true
6671,LOW,LOW,LOW,2026-06-02,,true
6675,LOW,LOW,LOW,2026-06-02,,true
6676,LOW,LOW,LOW,2026-06-02,,true
6677,LOW,LOW,LOW,2026-06-02,,true
6680,LOW,LOW,LOW,2026-06-02,,true
6681,LOW,LOW,LOW,2026-06-02,,true
6682,LOW,LOW,LOW,2026-06-02,,true
6683,LOW,LOW,LOW,2026-06-02,,true
6685,LOW,LOW,LOW,2026-06-02,,true
6691,LOW,LOW,LOW,2026-06-02,,true
6692,LOW,LOW,LOW,2026-06-02,,true
6695,LOW,LOW,LOW,2026-06-02,,true
6696,LOW,LOW,LOW,2026-06-02,,true
6697,LOW,LOW,LOW,2026-06-02,,true
6701,LOW,LOW,LOW,2026-06-02,,true
6702,LOW,LOW,LOW,2026-06-02,,true
6704,LOW,LOW,LOW,2026-06-02,,true
6715,LOW,LOW,LOW,2026-06-02,,true
6720,LOW,LOW,LOW,2026-06-02,,true
6721,LOW,LOW,LOW,2026-06-02,,true
6722,LOW,LOW,LOW,2026-06-02,,true
6728,LOW,LOW,LOW,2026-06-02,,true
6730,LOW,LOW,LOW,2026-06-02,,true
6732,LOW,LOW,LOW,2026-06-02,,true
6737,LOW,LOW,LOW,2026-06-02,,true
6741,LOW,LOW,LOW,2026-06-02,,true
6743,LOW,LOW,LOW,2026-06-02,,true
6746,LOW,LOW,LOW,2026-06-02,,true
6748,LOW,LOW,LOW,2026-06-02,,true
6758,LOW,LOW,LOW,2026-06-02,,true
6761,LOW,LOW,LOW,2026-06-02,,true
6776,LOW,LOW,LOW,2026-06-02,,true
6777,LOW,LOW,LOW,2026-06-02,,true
6778,LOW,LOW,LOW,2026-06-02,,true
6783,LOW,LOW,LOW,2026-06-02,,true
6784,LOW,LOW,LOW,2026-06-02,,true
6785,LOW,LOW,LOW,2026-06-02,,true
6789,LOW,LOW,LOW,2026-06-02,,true
6791,LOW,LOW,LOW,2026-06-02,,true
6796,LOW,LOW,LOW,2026-06-02,,true
6805,LOW,LOW,LOW,2026-06-02,,true
6807,LOW,LOW,LOW,2026-06-02,,true
6810,LOW,LOW,LOW,2026-06-02,,true
6813,LOW,LOW,LOW,2026-06-02,,true
6815,LOW,LOW,LOW,2026-06-02,,true
6820,LOW,LOW,LOW,2026-06-02,,true
6821,LOW,LOW,LOW,2026-06-02,,true
6822,LOW,LOW,LOW,2026-06-02,,true
6829,LOW,LOW,LOW,2026-06-02,,true
6831,LOW,LOW,LOW,2026-06-02,,true
6832,LOW,LOW,LOW,2026-06-02,,true
6833,LOW,LOW,LOW,2026-06-02,,true
6834,LOW,LOW,LOW,2026-06-02,,true
6835,LOW,LOW,LOW,2026-06-02,,true
6839,LOW,LOW,LOW,2026-06-02,,true
6841,LOW,LOW,LOW,2026-06-02,,true
6851,LOW,LOW,LOW,2026-06-02,,true
6852,LOW,LOW,LOW,2026-06-02,,true
6856,LOW,LOW,LOW,2026-06-02,,true
6861,LOW,LOW,LOW,2026-06-02,,true
6872,LOW,LOW,LOW,2026-06-02,,true
6873,LOW,LOW,LOW,2026-06-02,,true
6875,LOW,LOW,LOW,2026-06-02,,true
6878,LOW,LOW,LOW,2026-06-02,,true
6895,LOW,LOW,LOW,2026-06-02,,true
6897,LOW,LOW,LOW,2026-06-02,,true
6898,LOW,LOW,LOW,2026-06-02,,true
6911,LOW,LOW,LOW,2026-06-02,,true
6913,LOW,LOW,LOW,2026-06-02,,true
6916,LOW,LOW,LOW,2026-06-02,,true
6920,LOW,LOW,LOW,2026-06-02,,true
6924,LOW,LOW,LOW,2026-06-02,,true
6925,LOW,LOW,LOW,2026-06-02,,true
6926,LOW,LOW,LOW,2026-06-02,,true
6927,LOW,LOW,LOW,2026-06-02,,true
6928,LOW,LOW,LOW,2026-06-02,,true
6932,LOW,LOW,LOW,2026-06-02,,true
6944,LOW,LOW,LOW,2026-06-02,,true
6957,LOW,LOW,LOW,2026-06-02,,true
6958,LOW,LOW,LOW,2026-06-02,,true
6964,LOW,LOW,LOW,2026-06-02,,true
6969,LOW,LOW,LOW,2026-06-02,,true
6970,LOW,LOW,LOW,2026-06-02,,true
6972,LOW,LOW,LOW,2026-06-02,,true
6978,LOW,LOW,LOW,2026-06-02,,true
6979,LOW,LOW,LOW,2026-06-02,,true
6987,LOW,LOW,LOW,2026-06-02,,true
6992,LOW,LOW,LOW,2026-06-02,,true
7002,LOW,LOW,LOW,2026-06-02,,true
7015,LOW,LOW,LOW,2026-06-02,,true
7016,LOW,LOW,LOW,2026-06-02,,true
7018,LOW,LOW,LOW,2026-06-02,,true
7021,LOW,LOW,LOW,2026-06-02,,true
7024,LOW,LOW,LOW,2026-06-02,,true
7026,LOW,LOW,LOW,2026-06-02,,true
7033,LOW,LOW,LOW,2026-06-02,,true
7035,LOW,LOW,LOW,2026-06-02,,true
7039,LOW,HIGH,LOW,2026-06-02,,true
7048,LOW,HIGH,LOW,2026-06-02,,true
7057,LOW,HIGH,LOW,2026-06-02,,true
7061,LOW,HIGH,LOW,2026-06-02,,true
7062,LOW,HIGH,LOW,2026-06-02,,true
7067,LOW,HIGH,LOW,2026-06-02,,true
7068,LOW,HIGH,LOW,2026-06-02,,true
7069,LOW,HIGH,LOW,2026-06-02,,true
7070,LOW,HIGH,LOW,2026-06-02,,true
7073,LOW,HIGH,LOW,2026-06-02,,true
7074,LOW,HIGH,LOW,2026-06-02,,true
7075,LOW,HIGH,LOW,2026-06-02,,true
7088,LOW,HIGH,LOW,2026-06-02,,true
7096,LOW,LOW,LOW,2026-06-02,,true
7105,LOW,LOW,LOW,2026-06-02,,true
7106,LOW,LOW,LOW,2026-06-02,,true
7109,LOW,LOW,LOW,2026-06-02,,true
7120,LOW,LOW,LOW,2026-06-02,,true
7127,LOW,LOW,LOW,2026-06-02,,true
7129,LOW,LOW,LOW,2026-06-02,,true
7131,LOW,LOW,LOW,2026-06-02,,true
7132,LOW,LOW,LOW,2026-06-02,,true
7134,LOW,LOW,LOW,2026-06-02,,true
7143,LOW,LOW,LOW,2026-06-02,,true
7150,LOW,LOW,LOW,2026-06-02,,true
7151,LOW,LOW,LOW,2026-06-02,,true
7168,LOW,HIGH,LOW,2026-06-02,,true
7169,LOW,HIGH,LOW,2026-06-02,,true
7171,LOW,HIGH,LOW,2026-06-02,,true
7177,LOW,HIGH,LOW,2026-06-02,,true
7178,LOW,HIGH,LOW,2026-06-02,,true
7183,LOW,HIGH,LOW,2026-06-02,,true
7185,LOW,HIGH,LOW,2026-06-02,,true
7190,LOW,HIGH,LOW,2026-06-02,,true
7191,LOW,HIGH,LOW,2026-06-02,,true
7193,LOW,HIGH,LOW,2026-06-02,,true
7195,LOW,HIGH,LOW,2026-06-02,,true
7199,LOW,HIGH,LOW,2026-06-02,,true
7204,LOW,HIGH,LOW,2026-06-02,,true
7209,LOW,HIGH,LOW,2026-06-02,,true
7212,LOW,HIGH,LOW,2026-06-02,,true
7218,LOW,HIGH,LOW,2026-06-02,,true
7222,LOW,HIGH,LOW,2026-06-02,,true
7230,LOW,HIGH,LOW,2026-06-02,,true
7232,LOW,HIGH,LOW,2026-06-02,,true
7237,HIGH,LOW,HIGH,2026-06-02,,true
7246,HIGH,LOW,HIGH,2026-06-02,,true
7249,HIGH,LOW,HIGH,2026-06-02,,true
7250,HIGH,LOW,HIGH,2026-06-02,,true
7255,HIGH,LOW,HIGH,2026-06-02,,true
7261,HIGH,LOW,HIGH,2026-06-02,,true
7270,HIGH,LOW,HIGH,2026-06-02,,true
7273,HIGH,LOW,HIGH,2026-06-02,,true
7279,HIGH,LOW,HIGH,2026-06-02,,true
7281,HIGH,LOW,HIGH,2026-06-02,,true
7284,LOW,LOW,LOW,2026-06-02,,true
7288,LOW,LOW,LOW,2026-06-02,,true
7294,LOW,LOW,LOW,2026-06-02,,true
7295,LOW,LOW,LOW,2026-06-02,,true
7306,LOW,LOW,LOW,2026-06-02,,true
7307,LOW,LOW,LOW,2026-06-02,,true
7319,LOW,LOW,LOW,2026-06-02,,true
7321,LOW,LOW,LOW,2026-06-02,,true
7324,LOW,LOW,LOW,2026-06-02,,true
7325,LOW,LOW,LOW,2026-06-02,,true
7328,LOW,LOW,LOW,2026-06-02,,true
7329,LOW,LOW,LOW,2026-06-02,,true
7330,LOW,LOW,LOW,2026-06-02,,true
7331,LOW,LOW,LOW,2026-06-02,,true
7332,LOW,LOW,LOW,2026-06-02,,true
7335,LOW,LOW,LOW,2026-06-02,,true
7337,LOW,LOW,LOW,2026-06-02,,true
7338,LOW,LOW,LOW,2026-06-02,,true
7351,LOW,HIGH,LOW,2026-06-02,,true
7353,LOW,HIGH,LOW,2026-06-02,,true
7357,LOW,HIGH,LOW,2026-06-02,,true
7362,LOW,HIGH,LOW,2026-06-02,,true
7368,LOW,HIGH,LOW,2026-06-02,,true
7369,LOW,HIGH,LOW,2026-06-02,,true
7370,LOW,HIGH,LOW,2026-06-02,,true
7371,LOW,HIGH,LOW,2026-06-02,,true
7377,LOW,HIGH,LOW,2026-06-02,,true
7384,LOW,HIGH,LOW,2026-06-02,,true
7386,LOW,HIGH,LOW,2026-06-02,,true
7388,LOW,HIGH,LOW,2026-06-02,,true
7389,LOW,HIGH,LOW,2026-06-02,,true
7393,LOW,HIGH,LOW,2026-06-02,,true
7395,LOW,HIGH,LOW,2026-06-02,,true
7396,LOW,HIGH,LOW,2026-06-02,,true
7398,LOW,HIGH,LOW,2026-06-02,,true
7400,LOW,HIGH,LOW,2026-06-02,,true
7407,LOW,LOW,LOW,2026-06-02,,true
7420,LOW,LOW,LOW,2026-06-02,,true
7428,LOW,LOW,LOW,2026-06-02,,true
7430,LOW,LOW,LOW,2026-06-02,,true
7432,LOW,LOW,LOW,2026-06-02,,true
7437,LOW,LOW,LOW,2026-06-02,,true
7441,LOW,LOW,LOW,2026-06-02,,true
7444,LOW,LOW,LOW,2026-06-02,,true
7447,LOW,LOW,LOW,2026-06-02,,true
7450,LOW,LOW,LOW,2026-06-02,,true
7458,LOW,LOW,LOW,2026-06-02,,true
7466,LOW,LOW,LOW,2026-06-02,,true
7467,LOW,LOW,LOW,2026-06-02,,true
7469,LOW,LOW,LOW,2026-06-02,,true
7470,LOW,LOW,LOW,2026-06-02,,true
7472,LOW,LOW,LOW,2026-06-02,,true
7479,LOW,HIGH,LOW,2026-06-02,,true
7482,LOW,HIGH,LOW,2026-06-02,,true
7491,LOW,HIGH,LOW,2026-06-02,,true
7494,LOW,HIGH,LOW,2026-06-02,,true
7495,LOW,HIGH,LOW,2026-06-02,,true
7500,LOW,HIGH,LOW,2026-06-02,,true
7503,LOW,HIGH,LOW,2026-06-02,,true
7504,LOW,HIGH,LOW,2026-06-02,,true
7520,LOW,HIGH,LOW,2026-06-02,,true
7521,LOW,HIGH,LOW,2026-06-02,,true
7528,LOW,HIGH,LOW,2026-06-02,,true
7530,LOW,HIGH,LOW,2026-06-02,,true
7532,LOW,HIGH,LOW,2026-06-02,,true
7533,LOW,LOW,LOW,2026-06-02,,true
7537,LOW,LOW,LOW,2026-06-02,,true
7538,LOW,LOW,LOW,2026-06-02,,true
7540,LOW,LOW,LOW,2026-06-02,,true
7541,LOW,LOW,LOW,2026-06-02,,true
7542,LOW,LOW,LOW,2026-06-02,,true
7546,LOW,LOW,LOW,2026-06-02,,true
7549,LOW,LOW,LOW,2026-06-02,,true
7552,LOW,LOW,LOW,2026-06-02,,true
7557,LOW,LOW,LOW,2026-06-02,,true
7558,LOW,LOW,LOW,2026-06-02,,true
7564,LOW,LOW,LOW,2026-06-02,,true
7569,LOW,LOW,LOW,2026-06-02,,true
7580,LOW,LOW,LOW,2026-06-02,,true
7581,LOW,LOW,LOW,2026-06-02,,true
7592,LOW,LOW,LOW,2026-06-02,,true
7594,LOW,LOW,LOW,2026-06-02,,true
7595,LOW,LOW,LOW,2026-06-02,,true
7597,LOW,LOW,LOW,2026-06-02,,true
7598,LOW,HIGH,LOW,2026-06-02,,true
7600,LOW,HIGH,LOW,2026-06-02,,true
7603,LOW,HIGH,LOW,2026-06-02,,true
7607,LOW,HIGH,LOW,2026-06-02,,true
7609,LOW,HIGH,LOW,2026-06-02,,true
7613,LOW,HIGH,LOW,2026-06-02,,true
7618,LOW,HIGH,LOW,2026-06-02,,true
7620,LOW,HIGH,LOW,2026-06-02,,true
7624,LOW,HIGH,LOW,2026-06-02,,true
7632,LOW,HIGH,LOW,2026-06-02,,true
7635,LOW,HIGH,LOW,2026-06-02,,true
7638,LOW,HIGH,LOW,2026-06-02,,true
7639,LOW,HIGH,LOW,2026-06-02,,true
7644,LOW,HIGH,LOW,2026-06-02,,true
7648,LOW,HIGH,LOW,2026-06-02,,true
7673,LOW,LOW,LOW,2026-06-02,,true
7674,LOW,LOW,LOW,2026-06-02,,true
7675,LOW,LOW,LOW,2026-06-02,,true
7676,LOW,LOW,LOW,2026-06-02,,true
7681,LOW,LOW,LOW,2026-06-02,,true
7682,LOW,LOW,LOW,2026-06-02,,true
7683,LOW,LOW,LOW,2026-06-02,,true
7689,LOW,LOW,LOW,2026-06-02,,true
7691,LOW,LOW,LOW,2026-06-02,,true
7715,LOW,LOW,LOW,2026-06-02,,true
7722,LOW,LOW,LOW,2026-06-02,,true
7726,LOW,HIGH,LOW,2026-06-02,,true
7729,LOW,HIGH,LOW,2026-06-02,,true
7736,LOW,HIGH,LOW,2026-06-02,,true
7737,LOW,HIGH,LOW,2026-06-02,,true
7742,LOW,HIGH,LOW,2026-06-02,,true
7745,LOW,HIGH,LOW,2026-06-02,,true
7753,LOW,HIGH,LOW,2026-06-02,,true
7761,LOW,HIGH,LOW,2026-06-02,,true
7763,LOW,HIGH,LOW,2026-06-02,,true
7770,LOW,HIGH,LOW,2026-06-02,,true
7773,LOW,HIGH,LOW,2026-06-02,,true
7780,LOW,HIGH,LOW,2026-06-02,,true
7787,LOW,LOW,LOW,2026-06-02,,true
7788,LOW,LOW,LOW,2026-06-02,,true
7799,LOW,LOW,LOW,2026-06-02,,true
7800,LOW,LOW,LOW,2026-06-02,,true
7801,LOW,LOW,LOW,2026-06-02,,true
7803,LOW,LOW,LOW,2026-06-02,,true
7804,LOW,LOW,LOW,2026-06-02,,true
7815,LOW,LOW,LOW,2026-06-02,,true
7816,LOW,LOW,LOW,2026-06-02,,true
7820,LOW,LOW,LOW,2026-06-02,,true
7821,LOW,LOW,LOW,2026-06-02,,true
7823,LOW,LOW,LOW,2026-06-02,,true
7834,LOW,LOW,LOW,2026-06-02,,true
7836,LOW,LOW,LOW,2026-06-02,,true
7837,LOW,LOW,LOW,2026-06-02,,true
7838,LOW,LOW,LOW,2026-06-02,,true
7839,LOW,LOW,LOW,2026-06-02,,true
7843,LOW,LOW,LOW,2026-06-02,,true
7844,LOW,LOW,LOW,2026-06-02,,true
7848,LOW,LOW,LOW,2026-06-02,,true
7849,LOW,HIGH,LOW,2026-06-02,,true
7851,LOW,HIGH,LOW,2026-06-02,,true
7854,LOW,HIGH,LOW,2026-06-02,,true
7859,LOW,HIGH,LOW,2026-06-02,,true
7864,LOW,HIGH,LOW,2026-06-02,,true
7868,LOW,HIGH,LOW,2026-06-02,,true
7880,LOW,HIGH,LOW,2026-06-02,,true
7883,LOW,HIGH,LOW,2026-06-02,,true
7887,LOW,HIGH,LOW,2026-06-02,,true
7890,LOW,HIGH,LOW,2026-06-02,,true
7892,LOW,HIGH,LOW,2026-06-02,,true
7893,LOW,HIGH,LOW,2026-06-02,,true
7899,LOW,HIGH,LOW,2026-06-02,,true
7902,LOW,HIGH,LOW,2026-06-02,,true
7907,LOW,HIGH,LOW,2026-06-02,,true
7910,LOW,LOW,LOW,2026-06-02,,true
7913,LOW,LOW,LOW,2026-06-02,,true
7914,LOW,LOW,LOW,2026-06-02,,true
7915,LOW,LOW,LOW,2026-06-02,,true
7916,LOW,LOW,LOW,2026-06-02,,true
7917,LOW,LOW,LOW,2026-06-02,,true
7919,LOW,LOW,LOW,2026-06-02,,true
7934,LOW,LOW,LOW,2026-06-02,,true
7938,LOW,LOW,LOW,2026-06-02,,true
7940,LOW,LOW,LOW,2026-06-02,,true
7941,LOW,LOW,LOW,2026-06-02,,true
7942,LOW,LOW,LOW,2026-06-02,,true
7948,LOW,LOW,LOW,2026-06-02,,true
7951,LOW,LOW,LOW,2026-06-02,,true
7954,LOW,LOW,LOW,2026-06-02,,true
7960,LOW,LOW,LOW,2026-06-02,,true
7966,LOW,LOW,LOW,2026-06-02,,true
7969,LOW,LOW,LOW,2026-06-02,,true
7974,LOW,LOW,LOW,2026-06-02,,true
7977,LOW,HIGH,LOW,2026-06-02,,true
7979,LOW,HIGH,LOW,2026-06-02,,true
7982,LOW,HIGH,LOW,2026-06-02,,true
7985,LOW,HIGH,LOW,2026-06-02,,true
7988,LOW,HIGH,LOW,2026-06-02,,true
7994,LOW,HIGH,LOW,2026-06-02,,true
7998,LOW,HIGH,LOW,2026-06-02,,true
7999,LOW,HIGH,LOW,2026-06-02,,true
8014,LOW,HIGH,LOW,2026-06-02,,true
8021,LOW,HIGH,LOW,2026-06-02,,true
8023,LOW,HIGH,LOW,2026-06-02,,true
8026,LOW,HIGH,LOW,2026-06-02,,true
8031,LOW,HIGH,LOW,2026-06-02,,true
8032,LOW,HIGH,LOW,2026-06-02,,true
8039,LOW,LOW,LOW,2026-06-02,,true
8045,LOW,LOW,LOW,2026-06-02,,true
8046,LOW,LOW,LOW,2026-06-02,,true
8049,LOW,LOW,LOW,2026-06-02,,true
8050,LOW,LOW,LOW,2026-06-02,,true
8054,LOW,LOW,LOW,2026-06-02,,true
8056,LOW,LOW,LOW,2026-06-02,,true
8061,LOW,LOW,LOW,2026-06-02,,true
8063,LOW,LOW,LOW,2026-06-02,,true
8064,LOW,LOW,LOW,2026-06-02,,true
8067,LOW,LOW,LOW,2026-06-02,,true
8069,LOW,LOW,LOW,2026-06-02,,true
8070,LOW,LOW,LOW,2026-06-02,,true
8071,LOW,LOW,LOW,2026-06-02,,true
8074,LOW,LOW,LOW,2026-06-02,,true
8077,LOW,LOW,LOW,2026-06-02,,true
8081,LOW,LOW,LOW,2026-06-02,,true
8085,LOW,LOW,LOW,2026-06-02,,true
8091,LOW,LOW,LOW,2026-06-02,,true
8095,LOW,LOW,LOW,2026-06-02,,true
8105,LOW,HIGH,LOW,2026-06-02,,true
8107,LOW,HIGH,LOW,2026-06-02,,true
8110,LOW,HIGH,LOW,2026-06-02,,true
8116,LOW,HIGH,LOW,2026-06-02,,true
8121,LOW,HIGH,LOW,2026-06-02,,true
8122,LOW,HIGH,LOW,2026-06-02,,true
8126,LOW,HIGH,LOW,2026-06-02,,true
8129,LOW,HIGH,LOW,2026-06-02,,true
8134,LOW,HIGH,LOW,2026-06-02,,true
8137,LOW,HIGH,LOW,2026-06-02,,true
8138,LOW,HIGH,LOW,2026-06-02,,true
8139,LOW,HIGH,LOW,2026-06-02,,true
8142,LOW,HIGH,LOW,2026-06-02,,true
8146,LOW,HIGH,LOW,2026-06-02,,true
8150,LOW,HIGH,LOW,2026-06-02,,true
8153,LOW,HIGH,LOW,2026-06-02,,true
8157,LOW,HIGH,LOW,2026-06-02,,true
8158,LOW,HIGH,LOW,2026-06-02,,true
8159,LOW,HIGH,LOW,2026-06-02,,true
8160,LOW,HIGH,LOW,2026-06-02,,true
8162,LOW,LOW,LOW,2026-06-02,,true
8165,LOW,LOW,LOW,2026-06-02,,true
8167,LOW,LOW,LOW,2026-06-02,,true
8174,LOW,LOW,LOW,2026-06-02,,true
8175,LOW,LOW,LOW,2026-06-02,,true
8181,LOW,LOW,LOW,2026-06-02,,true
8182,LOW,LOW,LOW,2026-06-02,,true
8183,LOW,LOW,LOW,2026-06-02,,true
8200,LOW,LOW,LOW,2026-06-02,,true
8205,LOW,LOW,LOW,2026-06-02,,true
8206,LOW,LOW,LOW,2026-06-02,,true
8208,LOW,LOW,LOW,2026-06-02,,true
8209,LOW,LOW,LOW,2026-06-02,,true
8211,LOW,LOW,LOW,2026-06-02,,true
8213,LOW,LOW,LOW,2026-06-02,,true
8219,LOW,LOW,LOW,2026-06-02,,true
8220,LOW,LOW,LOW,2026-06-02,,true
8225,LOW,LOW,LOW,2026-06-02,,true
8226,LOW,LOW,LOW,2026-06-02,,true
8227,LOW,LOW,LOW,2026-06-02,,true
8229,LOW,LOW,LOW,2026-06-02,,true
8230,LOW,LOW,LOW,2026-06-02,,true
8231,LOW,LOW,LOW,2026-06-02,,true
8241,LOW,LOW,LOW,2026-06-02,,true
8246,LOW,LOW,LOW,2026-06-02,,true
8251,LOW,LOW,LOW,2026-06-02,,true
8253,LOW,LOW,LOW,2026-06-02,,true
8255,LOW,LOW,LOW,2026-06-02,,true
8257,LOW,LOW,LOW,2026-06-02,,true
8259,LOW,LOW,LOW,2026-06-02,,true
8266,LOW,LOW,LOW,2026-06-02,,true
8268,LOW,LOW,LOW,2026-06-02,,true
8275,LOW,HIGH,LOW,2026-06-02,,true
8277,LOW,HIGH,LOW,2026-06-02,,true
8282,LOW,HIGH,LOW,2026-06-02,,true
8286,LOW,HIGH,LOW,2026-06-02,,true
8290,LOW,HIGH,LOW,2026-06-02,,true
8301,LOW,HIGH,LOW,2026-06-02,,true
8304,LOW,HIGH,LOW,2026-06-02,,true
8307,LOW,HIGH,LOW,2026-06-02,,true
8314,LOW,HIGH,LOW,2026-06-02,,true
8318,LOW,HIGH,LOW,2026-06-02,,true
8319,LOW,HIGH,LOW,2026-06-02,,true
8333,LOW,LOW,LOW,2026-06-02,,true
8335,LOW,LOW,LOW,2026-06-02,,true
8340,LOW,LOW,LOW,2026-06-02,,true
8345,LOW,LOW,LOW,2026-06-02,,true
8359,LOW,LOW,LOW,2026-06-02,,true
8363,LOW,LOW,LOW,2026-06-02,,true
8365,LOW,LOW,LOW,2026-06-02,,true
8367,LOW,LOW,LOW,2026-06-02,,true
8372,LOW,LOW,LOW,2026-06-02,,true
8374,LOW,LOW,LOW,2026-06-02,,true
8379,LOW,HIGH,LOW,2026-06-02,,true
8380,LOW,HIGH,LOW,2026-06-02,,true
8385,LOW,HIGH,LOW,2026-06-02,,true
8394,LOW,HIGH,LOW,2026-06-02,,true
8396,LOW,HIGH,LOW,2026-06-02,,true
8406,LOW,HIGH,LOW,2026-06-02,,true
8410,LOW,HIGH,LOW,2026-06-02,,true
8413,LOW,HIGH,LOW,2026-06-02,,true
8417,LOW,HIGH,LOW,2026-06-02,,true
8425,LOW,LOW,LOW,2026-06-02,,true
8426,LOW,LOW,LOW,2026-06-02,,true
8433,LOW,LOW,LOW,2026-06-02,,true
8434,LOW,LOW,LOW,2026-06-02,,true
8438,LOW,LOW,LOW,2026-06-02,,true
8440,LOW,LOW,LOW,2026-06-02,,true
8443,LOW,LOW,LOW,2026-06-02,,true
8448,LOW,LOW,LOW,2026-06-02,,true
8451,LOW,LOW,LOW,2026-06-02,,true
8459,LOW,LOW,LOW,2026-06-02,,true
8471,LOW,LOW,LOW,2026-06-02,,true
8474,LOW,LOW,LOW,2026-06-02,,true
8476,LOW,LOW,LOW,2026-06-02,,true
8477,LOW,LOW,LOW,2026-06-02,,true
8483,LOW,LOW,LOW,2026-06-02,,true
8486,LOW,LOW,LOW,2026-06-02,,true
8487,LOW,LOW,LOW,2026-06-02,,true
8488,LOW,LOW,LOW,2026-06-02,,true
8491,LOW,LOW,LOW,2026-06-02,,true
8496,LOW,LOW,LOW,2026-06-02,,true
8502,LOW,LOW,LOW,2026-06-02,,true
8506,LOW,LOW,LOW,2026-06-02,,true
8507,LOW,LOW,LOW,2026-06-02,,true
8515,LOW,LOW,LOW,2026-06-02,,true
8518,LOW,LOW,LOW,2026-06-02,,true
8522,LOW,LOW,LOW,2026-06-02,,true
8523,LOW,LOW,LOW,2026-06-02,,true
8524,LOW,LOW,LOW,2026-06-02,,true
8538,LOW,LOW,LOW,2026-06-02,,true
8539,LOW,LOW,LOW,2026-06-02,,true
8542,LOW,LOW,LOW,2026-06-02,,true
8543,LOW,LOW,LOW,2026-06-02,,true
8544,LOW,LOW,LOW,2026-06-02,,true
8547,LOW,LOW,LOW,2026-06-02,,true
8551,LOW,LOW,LOW,2026-06-02,,true
8556,LOW,LOW,LOW,2026-06-02,,true
8560,LOW,LOW,LOW,2026-06-02,,true
8563,LOW,LOW,LOW,2026-06-02,,true
8566,LOW,LOW,LOW,2026-06-02,,true
8567,LOW,LOW,LOW,2026-06-02,,true
8569,LOW,LOW,LOW,2026-06-02,,true
8574,LOW,LOW,LOW,2026-06-02,,true
8579,LOW,HIGH,LOW,2026-06-02,,true
8580,LOW,HIGH,LOW,2026-06-02,,true
8587,LOW,HIGH,LOW,2026-06-02,,true
8589,LOW,HIGH,LOW,2026-06-02,,true
8600,LOW,HIGH,LOW,2026-06-02,,true
8601,LOW,HIGH,LOW,2026-06-02,,true
8605,LOW,HIGH,LOW,2026-06-02,,true
8609,LOW,HIGH,LOW,2026-06-02,,true
8612,LOW,HIGH,LOW,2026-06-02,,true
8615,LOW,HIGH,LOW,2026-06-02,,true
8626,LOW,HIGH,LOW,2026-06-02,,true
8627,LOW,HIGH,LOW,2026-06-02,,true
8628,LOW,HIGH,LOW,2026-06-02,,true
8631,LOW,HIGH,LOW,2026-06-02,,true
8633,LOW,HIGH,LOW,2026-06-02,,true
8637,LOW,LOW,LOW,2026-06-02,,true
8639,LOW,LOW,LOW,2026-06-02,,true
8645,LOW,LOW,LOW,2026-06-02,,true
8654,LOW,LOW,LOW,2026-06-02,,true
8655,LOW,LOW,LOW,2026-06-02,,true
8657,LOW,LOW,LOW,2026-06-02,,true
8669,LOW,LOW,LOW,2026-06-02,,true
8671,LOW,LOW,LOW,2026-06-02,,true
8680,LOW,LOW,LOW,2026-06-02,,true
8683,LOW,LOW,LOW,2026-06-02,,true
8684,LOW,LOW,LOW,2026-06-02,,true
8693,LOW,LOW,LOW,2026-06-02,,true
8699,LOW,LOW,LOW,2026-06-02,,true
8700,LOW,LOW,LOW,2026-06-02,,true
8705,LOW,LOW,LOW,2026-06-02,,true
8715,LOW,HIGH,LOW,2026-06-02,,true
8719,LOW,HIGH,LOW,2026-06-02,,true
8726,LOW,HIGH,LOW,2026-06-02,,true
8727,LOW,HIGH,LOW,2026-06-02,,true
8731,LOW,HIGH,LOW,2026-06-02,,true
8734,LOW,HIGH,LOW,2026-06-02,,true
8737,LOW,HIGH,LOW,2026-06-02,,true
8738,LOW,HIGH,LOW,2026-06-02,,true
8739,LOW,HIGH,LOW,2026-06-02,,true
8740,LOW,HIGH,LOW,2026-06-02,,true
8747,LOW,HIGH,LOW,2026-06-02,,true
8749,LOW,HIGH,LOW,2026-06-02,,true
8750,LOW,HIGH,LOW,2026-06-02,,true
8751,LOW,HIGH,LOW,2026-06-02,,true
8756,LOW,LOW,LOW,2026-06-02,,true
8757,LOW,LOW,LOW,2026-06-02,,true
8759,LOW,LOW,LOW,2026-06-02,,true
8761,LOW,LOW,LOW,2026-06-02,,true
8763,LOW,LOW,LOW,2026-06-02,,true
8766,LOW,LOW,LOW,2026-06-02,,true
8770,LOW,LOW,LOW,2026-06-02,,true
8779,LOW,LOW,LOW,2026-06-02,,true
8780,LOW,LOW,LOW,2026-06-02,,true
8781,LOW,LOW,LOW,2026-06-02,,true
8782,LOW,LOW,LOW,2026-06-02,,true
8784,LOW,LOW,LOW,2026-06-02,,true
8797,LOW,LOW,LOW,2026-06-02,,true
8802,LOW,LOW,LOW,2026-06-02,,true
8808,LOW,LOW,LOW,2026-06-02,,true
8812,LOW,LOW,LOW,2026-06-02,,true
8814,LOW,LOW,LOW,2026-06-02,,true
8818,LOW,LOW,LOW,2026-06-02,,true
8822,LOW,LOW,LOW,2026-06-02,,true
8825,LOW,LOW,LOW,2026-06-02,,true
8830,LOW,LOW,LOW,2026-06-02,,true
8838,LOW,LOW,LOW,2026-06-02,,true
8841,LOW,LOW,LOW,2026-06-02,,true
8843,LOW,LOW,LOW,2026-06-02,,true
8846,LOW,LOW,LOW,2026-06-02,,true
8848,LOW,LOW,LOW,2026-06-02,,true
8850,LOW,LOW,LOW,2026-06-02,,true
8856,LOW,LOW,LOW,2026-06-02,,true
8859,LOW,LOW,LOW,2026-06-02,,true
8866,LOW,LOW,LOW,2026-06-02,,true
8867,LOW,LOW,LOW,2026-06-02,,true
8869,LOW,LOW,LOW,2026-06-02,,true
8873,LOW,LOW,LOW,2026-06-02,,true
8881,LOW,LOW,LOW,2026-06-02,,true
8891,LOW,LOW,LOW,2026-06-02,,true
8892,LOW,LOW,LOW,2026-06-02,,true
8893,LOW,LOW,LOW,2026-06-02,,true
8895,LOW,LOW,LOW,2026-06-02,,true
8900,LOW,LOW,LOW,2026-06-02,,true
8902,LOW,LOW,LOW,2026-06-02,,true
8910,LOW,LOW,LOW,2026-06-02,,true
8913,LOW,LOW,LOW,2026-06-02,,true
8918,LOW,LOW,LOW,2026-06-02,,true
8919,LOW,LOW,LOW,2026-06-02,,true
8921,LOW,LOW,LOW,2026-06-02,,true
8923,LOW,LOW,LOW,2026-06-02,,true
8927,LOW,LOW,LOW,2026-06-02,,true
8937,LOW,LOW,LOW,2026-06-02,,true
8939,LOW,LOW,LOW,2026-06-02,,true
8942,LOW,LOW,LOW,2026-06-02,,true
8943,LOW,LOW,LOW,2026-06-02,,true
8944,LOW,LOW,LOW,2026-06-02,,true
8945,LOW,LOW,LOW,2026-06-02,,true
8955,LOW,LOW,LOW,2026-06-02,,true
8960,LOW,LOW,LOW,2026-06-02,,true
8962,LOW,LOW,LOW,2026-06-02,,true
8968,LOW,LOW,LOW,2026-06-02,,true
8973,LOW,LOW,LOW,2026-06-02,,true
8978,LOW,LOW,LOW,2026-06-02,,true
8980,LOW,LOW,LOW,2026-06-02,,true
8981,LOW,LOW,LOW,2026-06-02,,true
8982,LOW,LOW,LOW,2026-06-02,,true
8986,LOW,LOW,LOW,2026-06-02,,true
8987,LOW,LOW,LOW,2026-06-02,,true
8992,LOW,LOW,LOW,2026-06-02,,true
8993,LOW,LOW,LOW,2026-06-02,,true
8994,LOW,LOW,LOW,2026-06-02,,true
8996,LOW,LOW,LOW,2026-06-02,,true
9002,LOW,LOW,LOW,2026-06-02,,true
9003,LOW,LOW,LOW,2026-06-02,,true
9007,LOW,LOW,LOW,2026-06-02,,true
9009,LOW,LOW,LOW,2026-06-02,,true
9011,LOW,LOW,LOW,2026-06-02,,true
9016,LOW,HIGH,LOW,2026-06-02,,true
9019,LOW,HIGH,LOW,2026-06-02,,true
9026,LOW,HIGH,LOW,2026-06-02,,true
9031,LOW,HIGH,LOW,2026-06-02,,true
9033,LOW,HIGH,LOW,2026-06-02,,true
9034,LOW,HIGH,LOW,2026-06-02,,true
9041,LOW,HIGH,LOW,2026-06-02,,true
9063,LOW,HIGH,LOW,2026-06-02,,true
9065,LOW,HIGH,LOW,2026-06-02,,true
9066,LOW,HIGH,LOW,2026-06-02,,true
9070,LOW,HIGH,LOW,2026-06-02,,true
9071,LOW,HIGH,LOW,2026-06-02,,true
9073,LOW,HIGH,LOW,2026-06-02,,true
9075,LOW,HIGH,LOW,2026-06-02,,true
9083,LOW,HIGH,LOW,2026-06-02,,true
9084,LOW,HIGH,LOW,2026-06-02,,true
9086,LOW,HIGH,LOW,2026-06-02,,true
9091,LOW,HIGH,LOW,2026-06-02,,true
9093,LOW,HIGH,LOW,2026-06-02,,true
9097,LOW,HIGH,LOW,2026-06-02,,true
9100,LOW,HIGH,LOW,2026-06-02,,true
9102,LOW,HIGH,LOW,2026-06-02,,true
9105,LOW,HIGH,LOW,2026-06-02,,true
9107,LOW,HIGH,LOW,2026-06-02,,true
9109,LOW,HIGH,LOW,2026-06-02,,true
9119,LOW,LOW,LOW,2026-06-02,,true
9121,LOW,LOW,LOW,2026-06-02,,true
9125,LOW,LOW,LOW,2026-06-02,,true
9131,LOW,LOW,LOW,2026-06-02,,true
9148,LOW,LOW,LOW,2026-06-02,,true
9152,LOW,LOW,LOW,2026-06-02,,true
9154,LOW,LOW,LOW,2026-06-02,,true
9157,LOW,LOW,LOW,2026-06-02,,true
9159,LOW,LOW,LOW,2026-06-02,,true
9160,LOW,LOW,LOW,2026-06-02,,true
9165,LOW,LOW,LOW,2026-06-02,,true
9172,LOW,LOW,LOW,2026-06-02,,true
9173,LOW,LOW,LOW,2026-06-02,,true
9174,LOW,LOW,LOW,2026-06-02,,true
9175,LOW,LOW,LOW,2026-06-02,,true
9179,LOW,LOW,LOW,2026-06-02,,true
9181,LOW,LOW,LOW,2026-06-02,,true
9186,LOW,LOW,LOW,2026-06-02,,true
9188,LOW,LOW,LOW,2026-06-02,,true
9190,LOW,LOW,LOW,2026-06-02,,true
9191,LOW,LOW,LOW,2026-06-02,,true
9196,LOW,LOW,LOW,2026-06-02,,true
9198,LOW,LOW,LOW,2026-06-02,,true
9203,LOW,LOW,LOW,2026-06-02,,true
9211,LOW,LOW,LOW,2026-06-02,,true
9212,LOW,LOW,LOW,2026-06-02,,true
9213,LOW,LOW,LOW,2026-06-02,,true
9220,LOW,LOW,LOW,2026-06-02,,true
9223,LOW,LOW,LOW,2026-06-02,,true
9225,LOW,LOW,LOW,2026-06-02,,true
9241,LOW,LOW,LOW,2026-06-02,,true
9246,LOW,LOW,LOW,2026-06-02,,true
9253,LOW,LOW,LOW,2026-06-02,,true
9254,LOW,LOW,LOW,2026-06-02,,true
9263,LOW,LOW,LOW,2026-06-02,,true
9268,LOW,LOW,LOW,2026-06-02,,true
9269,LOW,LOW,LOW,2026-06-02,,true
9272,LOW,LOW,LOW,2026-06-02,,true
9274,LOW,LOW,LOW,2026-06-02,,true
9280,LOW,LOW,LOW,2026-06-02,,true
9294,LOW,LOW,LOW,2026-06-02,,true
9295,LOW,LOW,LOW,2026-06-02,,true
9300,LOW,LOW,LOW,2026-06-02,,true
9316,LOW,LOW,LOW,2026-06-02,,true
9319,LOW,LOW,LOW,2026-06-02,,true
9322,LOW,LOW,LOW,2026-06-02,,true
9328,LOW,LOW,LOW,2026-06-02,,true
9331,LOW,LOW,LOW,2026-06-02,,true
9332,LOW,LOW,LOW,2026-06-02,,true
9334,LOW,LOW,LOW,2026-06-02,,true
9335,LOW,LOW,LOW,2026-06-02,,true
9338,LOW,LOW,LOW,2026-06-02,,true
9343,LOW,LOW,LOW,2026-06-02,,true
9347,LOW,LOW,LOW,2026-06-02,,true
9353,LOW,LOW,LOW,2026-06-02,,true
9356,LOW,LOW,LOW,2026-06-02,,true
9360,LOW,LOW,LOW,2026-06-02,,true
9370,LOW,LOW,LOW,2026-06-02,,true
9376,LOW,LOW,LOW,2026-06-02,,true
9380,LOW,LOW,LOW,2026-06-02,,true
9385,LOW,LOW,LOW,2026-06-02,,true
9386,LOW,LOW,LOW,2026-06-02,,true
9387,LOW,LOW,LOW,2026-06-02,,true
9398,LOW,HIGH,LOW,2026-06-02,,true
9401,LOW,HIGH,LOW,2026-06-02,,true
9402,LOW,HIGH,LOW,2026-06-02,,true
9406,LOW,HIGH,LOW,2026-06-02,,true
9407,LOW,HIGH,LOW,2026-06-02,,true
9414,LOW,HIGH,LOW,2026-06-02,,true
9418,LOW,HIGH,LOW,2026-06-02,,true
9419,LOW,HIGH,LOW,2026-06-02,,true
9424,LOW,HIGH,LOW,2026-06-02,,true
9431,LOW,HIGH,LOW,2026-06-02,,true
9432,LOW,HIGH,LOW,2026-06-02,,true
9434,LOW,HIGH,LOW,2026-06-02,,true
9436,LOW,HIGH,LOW,2026-06-02,,true
9437,LOW,HIGH,LOW,2026-06-02,,true
9439,LOW,HIGH,LOW,2026-06-02,,true
9442,LOW,HIGH,LOW,2026-06-02,,true
9444,LOW,HIGH,LOW,2026-06-02,,true
9445,LOW,HIGH,LOW,2026-06-02,,true
9449,LOW,HIGH,LOW,2026-06-02,,true
9451,LOW,HIGH,LOW,2026-06-02,,true
9452,LOW,HIGH,LOW,2026-06-02,,true
9454,LOW,HIGH,LOW,2026-06-02,,true
9456,LOW,HIGH,LOW,2026-06-02,,true
9461,LOW,LOW,LOW,2026-06-02,,true
9462,LOW,LOW,LOW,2026-06-02,,true
9464,LOW,LOW,LOW,2026-06-02,,true
9467,LOW,LOW,LOW,2026-06-02,,true
9468,LOW,LOW,LOW,2026-06-02,,true
9470,LOW,LOW,LOW,2026-06-02,,true
9471,LOW,LOW,LOW,2026-06-02,,true
9475,LOW,LOW,LOW,2026-06-02,,true
9481,LOW,LOW,LOW,2026-06-02,,true
9482,LOW,LOW,LOW,2026-06-02,,true
9483,LOW,LOW,LOW,2026-06-02,,true
9485,LOW,LOW,LOW,2026-06-02,,true
9497,LOW,LOW,LOW,2026-06-02,,true
9502,LOW,LOW,LOW,2026-06-02,,true
9504,LOW,LOW,LOW,2026-06-02,,true
9506,LOW,LOW,LOW,2026-06-02,,true
9508,LOW,LOW,LOW,2026-06-02,,true
9510,LOW,LOW,LOW,2026-06-02,,true
9511,LOW,LOW,LOW,2026-06-02,,true
9515,LOW,LOW,LOW,2026-06-02,,true
9519,LOW,LOW,LOW,2026-06-02,,true
9522,LOW,LOW,LOW,2026-06-02,,true
9525,LOW,LOW,LOW,2026-06-02,,true
9528,LOW,LOW,LOW,2026-06-02,,true
9533,LOW,LOW,LOW,2026-06-02,,true
9537,LOW,LOW,LOW,2026-06-02,,true
9540,LOW,LOW,LOW,2026-06-02,,true
9545,LOW,LOW,LOW,2026-06-02,,true
9546,LOW,LOW,LOW,2026-06-02,,true
9547,LOW,LOW,LOW,2026-06-02,,true
9553,LOW,LOW,LOW,2026-06-02,,true
9559,LOW,LOW,LOW,2026-06-02,,true
9561,LOW,LOW,LOW,2026-06-02,,true
9568,LOW,LOW,LOW,2026-06-02,,true
9575,LOW,LOW,LOW,2026-06-02,,true
9576,LOW,LOW,LOW,2026-06-02,,true
9582,LOW,LOW,LOW,2026-06-02,,true
9584,LOW,LOW,LOW,2026-06-02,,true
9590,LOW,LOW,LOW,2026-06-02,,true
9596,LOW,LOW,LOW,2026-06-02,,true
9598,LOW,LOW,LOW,2026-06-02,,true
9600,LOW,LOW,LOW,2026-06-02,,true
9602,LOW,LOW,LOW,2026-06-02,,true
9606,LOW,LOW,LOW,2026-06-02,,true
9614,LOW,LOW,LOW,2026-06-02,,true
9618,LOW,LOW,LOW,2026-06-02,,true
9631,LOW,LOW,LOW,2026-06-02,,true
9633,LOW,LOW,LOW,2026-06-02,,true
9634,LOW,LOW,LOW,2026-06-02,,true
9640,LOW,LOW,LOW,2026-06-02,,true
9642,LOW,LOW,LOW,2026-06-02,,true
9643,LOW,LOW,LOW,2026-06-02,,true
9647,LOW,LOW,LOW,2026-06-02,,true
9648,LOW,LOW,LOW,2026-06-02,,true
9649,LOW,LOW,LOW,2026-06-02,,true
9658,LOW,LOW,LOW,2026-06-02,,true
9660,LOW,LOW,LOW,2026-06-02,,true
9661,LOW,LOW,LOW,2026-06-02,,true
9663,LOW,LOW,LOW,2026-06-02,,true
9669,LOW,LOW,LOW,2026-06-02,,true
9678,LOW,LOW,LOW,2026-06-02,,true
9681,LOW,LOW,LOW,2026-06-02,,true
9682,LOW,LOW,LOW,2026-06-02,,true
9685,LOW,LOW,LOW,2026-06-02,,true
9687,LOW,LOW,LOW,2026-06-02,,true
9688,LOW,LOW,LOW,2026-06-02,,true
9692,LOW,LOW,LOW,2026-06-02,,true
9695,LOW,LOW,LOW,2026-06-02,,true
9698,LOW,LOW,LOW,2026-06-02,,true
9700,LOW,LOW,LOW,2026-06-02,,true
9708,LOW,LOW,LOW,2026-06-02,,true
9716,LOW,LOW,LOW,2026-06-02,,true
9719,LOW,LOW,LOW,2026-06-02,,true
9727,LOW,LOW,LOW,2026-06-02,,true
9728,LOW,LOW,LOW,2026-06-02,,true
9729,LOW,LOW,LOW,2026-06-02,,true
9744,LOW,LOW,LOW,2026-06-02,,true
9747,LOW,LOW,LOW,2026-06-02,,true
9752,LOW,LOW,LOW,2026-06-02,,true
9753,LOW,LOW,LOW,2026-06-02,,true
9754,LOW,LOW,LOW,2026-06-02,,true
9756,LOW,LOW,LOW,2026-06-02,,true
9758,LOW,LOW,LOW,2026-06-02,,true
9760,LOW,LOW,LOW,2026-06-02,,true
9767,LOW,LOW,LOW,2026-06-02,,true
9773,LOW,LOW,LOW,2026-06-02,,true
9778,LOW,LOW,LOW,2026-06-02,,true
9785,LOW,LOW,LOW,2026-06-02,,true
9788,LOW,LOW,LOW,2026-06-02,,true
9793,LOW,LOW,LOW,2026-06-02,,true
9794,LOW,HIGH,LOW,2026-06-02,,true
9795,LOW,HIGH,LOW,2026-06-02,,true
9797,LOW,HIGH,LOW,2026-06-02,,true
9805,LOW,HIGH,LOW,2026-06-02,,true
9806,LOW,HIGH,LOW,2026-06-02,,true
9807,LOW,HIGH,LOW,2026-06-02,,true
9809,LOW,HIGH,LOW,2026-06-02,,true
9813,LOW,HIGH,LOW,2026-06-02,,true
9815,LOW,HIGH,LOW,2026-06-02,,true
9820,LOW,HIGH,LOW,2026-06-02,,true
9827,LOW,HIGH,LOW,2026-06-02,,true
9834,LOW,HIGH,LOW,2026-06-02,,true
9839,LOW,HIGH,LOW,2026-06-02,,true
9845,LOW,HIGH,LOW,2026-06-02,,true
9846,LOW,HIGH,LOW,2026-06-02,,true
9848,LOW,HIGH,LOW,2026-06-02,,true
9850,LOW,HIGH,LOW,2026-06-02,,true
9856,LOW,LOW,LOW,2026-06-02,,true
9857,LOW,LOW,LOW,2026-06-02,,true
9862,LOW,LOW,LOW,2026-06-02,,true
9864,LOW,LOW,LOW,2026-06-02,,true
9868,LOW,LOW,LOW,2026-06-02,,true
9881,LOW,LOW,LOW,2026-06-02,,true
9887,LOW,LOW,LOW,2026-06-02,,true
9895,LOW,LOW,LOW,2026-06-02,,true
9897,LOW,LOW,LOW,2026-06-02,,true
9900,LOW,LOW,LOW,2026-06-02,,true
9903,LOW,LOW,LOW,2026-06-02,,true
9908,LOW,LOW,LOW,2026-06-02,,true
9914,LOW,LOW,LOW,2026-06-02,,true
9915,LOW,LOW,LOW,2026-06-02,,true
9932,LOW,LOW,LOW,2026-06-02,,true
9933,LOW,LOW,LOW,2026-06-02,,true
9934,LOW,LOW,LOW,2026-06-02,,true
9936,LOW,LOW,LOW,2026-06-02,,true
9938,LOW,LOW,LOW,2026-06-02,,true
9940,LOW,LOW,LOW,2026-06-02,,true
9942,LOW,LOW,LOW,2026-06-02,,true
9943,LOW,LOW,LOW,2026-06-02,,true
9946,LOW,LOW,LOW,2026-06-02,,true
9951,LOW,LOW,LOW,2026-06-02,,true
9953,LOW,LOW,LOW,2026-06-02,,true
9954,LOW,LOW,LOW,2026-06-02,,true
9957,LOW,LOW,LOW,2026-06-02,,true
9962,LOW,LOW,LOW,2026-06-02,,true
9963,LOW,LOW,LOW,2026-06-02,,true
9966,LOW,LOW,LOW,2026-06-02,,true
9970,LOW,LOW,LOW,2026-06-02,,true
9973,LOW,LOW,LOW,2026-06-02,,true
9977,LOW,LOW,LOW,2026-06-02,,true
9998,LOW,LOW,LOW,2026-06-02,,true
10009,LOW,LOW,LOW,2026-06-02,,true
10012,LOW,LOW,LOW,2026-06-02,,true
10017,LOW,LOW,LOW,2026-06-02,,true
10021,LOW,LOW,LOW,2026-06-02,,true
10023,LOW,LOW,LOW,2026-06-02,,true
10034,LOW,LOW,LOW,2026-06-02,,true
10037,LOW,LOW,LOW,2026-06-02,,true
10042,LOW,LOW,LOW,2026-06-02,,true
10046,LOW,LOW,LOW,2026-06-02,,true
10053,LOW,LOW,LOW,2026-06-02,,true
10061,LOW,LOW,LOW,2026-06-02,,true
10073,LOW,LOW,LOW,2026-06-02,,true
10075,LOW,LOW,LOW,2026-06-02,,true
10081,LOW,LOW,LOW,2026-06-02,,true
10082,LOW,LOW,LOW,2026-06-02,,true
10084,LOW,LOW,LOW,2026-06-02,,true
10090,LOW,LOW,LOW,2026-06-02,,true
10093,LOW,LOW,LOW,2026-06-02,,true
10108,LOW,LOW,LOW,2026-06-02,,true
10110,LOW,LOW,LOW,2026-06-02,,true
10111,LOW,LOW,LOW,2026-06-02,,true
10114,LOW,LOW,LOW,2026-06-02,,true
10115,LOW,LOW,LOW,2026-06-02,,true
10116,LOW,LOW,LOW,2026-06-02,,true
10117,LOW,LOW,LOW,2026-06-02,,true
10121,LOW,LOW,LOW,2026-06-02,,true
10122,LOW,LOW,LOW,2026-06-02,,true
10126,LOW,LOW,LOW,2026-06-02,,true
10127,LOW,LOW,LOW,2026-06-02,,true
10128,LOW,LOW,LOW,2026-06-02,,true
10132,LOW,LOW,LOW,2026-06-02,,true
10133,LOW,LOW,LOW,2026-06-02,,true
10134,LOW,LOW,LOW,2026-06-02,,true
10135,LOW,LOW,LOW,2026-06-02,,true
10140,LOW,LOW,LOW,2026-06-02,,true
10142,LOW,LOW,LOW,2026-06-02,,true
10149,LOW,LOW,LOW,2026-06-02,,true
10150,LOW,LOW,LOW,2026-06-02,,true
10159,LOW,LOW,LOW,2026-06-02,,true
10165,LOW,LOW,LOW,2026-06-02,,true
10166,LOW,LOW,LOW,2026-06-02,,true
10174,LOW,LOW,LOW,2026-06-02,,true
10176,LOW,LOW,LOW,2026-06-02,,true
10180,LOW,LOW,LOW,2026-06-02,,true
10182,LOW,LOW,LOW,2026-06-02,,true
10189,LOW,LOW,LOW,2026-06-02,,true
10190,LOW,HIGH,LOW,2026-06-02,,true
10194,LOW,HIGH,LOW,2026-06-02,,true
10196,LOW,HIGH,LOW,2026-06-02,,true
10197,LOW,HIGH,LOW,2026-06-02,,true
10200,LOW,HIGH,LOW,2026-06-02,,true
10202,LOW,HIGH,LOW,2026-06-02,,true
10212,LOW,HIGH,LOW,2026-06-02,,true
10216,LOW,HIGH,LOW,2026-06-02,,true
10217,LOW,HIGH,LOW,2026-06-02,,true
10218,LOW,HIGH,LOW,2026-06-02,,true
10223,LOW,HIGH,LOW,2026-06-02,,true
10226,LOW,HIGH,LOW,2026-06-02,,true
10227,LOW,HIGH,LOW,2026-06-02,,true
10229,LOW,HIGH,LOW,2026-06-02,,true
10230,LOW,HIGH,LOW,2026-06-02,,true
10232,LOW,HIGH,LOW,2026-06-02,,true
10233,LOW,HIGH,LOW,2026-06-02,,true
10241,LOW,HIGH,LOW,2026-06-02,,true
10245,LOW,HIGH,LOW,2026-06-02,,true
10256,LOW,LOW,LOW,2026-06-02,,true
10257,LOW,LOW,LOW,2026-06-02,,true
10261,LOW,LOW,LOW,2026-06-02,,true
10263,LOW,LOW,LOW,2026-06-02,,true
10265,LOW,LOW,LOW,2026-06-02,,true
10266,LOW,LOW,LOW,2026-06-02,,true
10270,LOW,LOW,LOW,2026-06-02,,true
10272,LOW,LOW,LOW,2026-06-02,,true
10281,LOW,LOW,LOW,2026-06-02,,true
10282,LOW,LOW,LOW,2026-06-02,,true
10285,LOW,LOW,LOW,2026-06-02,,true
10292,LOW,LOW,LOW,2026-06-02,,true
10293,LOW,LOW,LOW,2026-06-02,,true
10302,LOW,LOW,LOW,2026-06-02,,true
10303,LOW,LOW,LOW,2026-06-02,,true
10308,LOW,LOW,LOW,2026-06-02,,true
10313,LOW,LOW,LOW,2026-06-02,,true
10315,LOW,LOW,LOW,2026-06-02,,true
10320,LOW,LOW,LOW,2026-06-02,,true
10327,LOW,LOW,LOW,2026-06-02,,true
10329,LOW,LOW,LOW,2026-06-02,,true
10330,LOW,LOW,LOW,2026-06-02,,true
10339,LOW,LOW,LOW,2026-06-02,,true
10342,LOW,LOW,LOW,2026-06-02,,true
10343,LOW,LOW,LOW,2026-06-02,,true
10344,LOW,LOW,LOW,2026-06-02,,true
10346,LOW,LOW,LOW,2026-06-02,,true
10357,LOW,LOW,LOW,2026-06-02,,true
10358,LOW,LOW,LOW,2026-06-02,,true
10359,LOW,LOW,LOW,2026-06-02,,true
10361,LOW,LOW,LOW,2026-06-02,,true
10363,LOW,LOW,LOW,2026-06-02,,true
10366,LOW,LOW,LOW,2026-06-02,,true
10374,LOW,LOW,LOW,2026-06-02,,true
10377,LOW,LOW,LOW,2026-06-02,,true
10378,LOW,LOW,LOW,2026-06-02,,true
10381,LOW,LOW,LOW,2026-06-02,,true
10385,LOW,LOW,LOW,2026-06-02,,true
10388,LOW,LOW,LOW,2026-06-02,,true
10390,LOW,LOW,LOW,2026-06-02,,true
10393,LOW,LOW,LOW,2026-06-02,,true
10395,LOW,LOW,LOW,2026-06-02,,true
10397,LOW,LOW,LOW,2026-06-02,,true
10402,LOW,LOW,LOW,2026-06-02,,true
10403,LOW,LOW,LOW,2026-06-02,,true
10407,LOW,LOW,LOW,2026-06-02,,true
10417,LOW,LOW,LOW,2026-06-02,,true
10418,LOW,LOW,LOW,2026-06-02,,true
10420,LOW,LOW,LOW,2026-06-02,,true
10421,LOW,LOW,LOW,2026-06-02,,true
10422,LOW,LOW,LOW,2026-06-02,,true
10424,LOW,LOW,LOW,2026-06-02,,true
10446,LOW,LOW,LOW,2026-06-02,,true
10447,LOW,LOW,LOW,2026-06-02,,true
10448,LOW,LOW,LOW,2026-06-02,,true
10449,LOW,LOW,LOW,2026-06-02,,true
10455,LOW,LOW,LOW,2026-06-02,,true
10460,LOW,LOW,LOW,2026-06-02,,true
10461,LOW,LOW,LOW,2026-06-02,,true
10463,LOW,LOW,LOW,2026-06-02,,true
10468,LOW,LOW,LOW,2026-06-02,,true
10470,LOW,LOW,LOW,2026-06-02,,true
10473,LOW,LOW,LOW,2026-06-02,,true
10474,LOW,LOW,LOW,2026-06-02,,true
10480,LOW,LOW,LOW,2026-06-02,,true
10489,LOW,LOW,LOW,2026-06-02,,true
10495,LOW,LOW,LOW,2026-06-02,,true
10499,LOW,LOW,LOW,2026-06-02,,true
10501,LOW,LOW,LOW,2026-06-02,,true
10507,LOW,LOW,LOW,2026-06-02,,true
10509,LOW,LOW,LOW,2026-06-02,,true
10510,LOW,LOW,LOW,2026-06-02,,true
10515,LOW,LOW,LOW,2026-06-02,,true
10523,LOW,LOW,LOW,2026-06-02,,true
10524,LOW,LOW,LOW,2026-06-02,,true
10530,LOW,LOW,LOW,2026-06-02,,true
10531,LOW,LOW,LOW,2026-06-02,,true
10534,LOW,LOW,LOW,2026-06-02,,true
10537,LOW,LOW,LOW,2026-06-02,,true
10540,LOW,LOW,LOW,2026-06-02,,true
10546,LOW,LOW,LOW,2026-06-02,,true
10548,LOW,LOW,LOW,2026-06-02,,true
10550,LOW,LOW,LOW,2026-06-02,,true
10565,LOW,LOW,LOW,2026-06-02,,true
10567,LOW,LOW,LOW,2026-06-02,,true
10578,LOW,LOW,LOW,2026-06-02,,true
10580,LOW,LOW,LOW,2026-06-02,,true
10584,LOW,LOW,LOW,2026-06-02,,true
10585,LOW,LOW,LOW,2026-06-02,,true
10599,LOW,LOW,LOW,2026-06-02,,true
10601,LOW,LOW,LOW,2026-06-02,,true
10602,LOW,LOW,LOW,2026-06-02,,true
10607,LOW,LOW,LOW,2026-06-02,,true
10608,LOW,LOW,LOW,2026-06-02,,true
10609,LOW,LOW,LOW,2026-06-02,,true
10613,LOW,LOW,LOW,2026-06-02,,true
10617,LOW,LOW,LOW,2026-06-02,,true
10623,LOW,LOW,LOW,2026-06-02,,true
10640,LOW,LOW,LOW,2026-06-02,,true
10641,LOW,LOW,LOW,2026-06-02,,true
10646,LOW,LOW,LOW,2026-06-02,,true
10647,LOW,LOW,LOW,2026-06-02,,true
10648,LOW,LOW,LOW,2026-06-02,,true
10653,LOW,LOW,LOW,2026-06-02,,true
10655,LOW,LOW,LOW,2026-06-02,,true
10657,LOW,LOW,LOW,2026-06-02,,true
10667,LOW,LOW,LOW,2026-06-02,,true
10670,LOW,LOW,LOW,2026-06-02,,true
10678,LOW,LOW,LOW,2026-06-02,,true
10681,LOW,LOW,LOW,2026-06-02,,true
10682,LOW,LOW,LOW,2026-06-02,,true
10687,LOW,LOW,LOW,2026-06-02,,true
10691,LOW,LOW,LOW,2026-06-02,,true
10694,LOW,LOW,LOW,2026-06-02,,true
10695,LOW,LOW,LOW,2026-06-02,,true
10700,LOW,LOW,LOW,2026-06-02,,true
10708,LOW,LOW,LOW,2026-06-02,,true
10709,LOW,LOW,LOW,2026-06-02,,true
10710,LOW,LOW,LOW,2026-06-02,,true
10714,LOW,LOW,LOW,2026-06-02,,true
10716,LOW,LOW,LOW,2026-06-02,,true
10717,LOW,LOW,LOW,2026-06-02,,true
10721,LOW,LOW,LOW,2026-06-02,,true
10723,LOW,LOW,LOW,2026-06-02,,true
10725,LOW,LOW,LOW,2026-06-02,,true
10727,LOW,LOW,LOW,2026-06-02,,true
10729,LOW,LOW,LOW,2026-06-02,,true
10742,LOW,LOW,LOW,2026-06-02,,true
10743,LOW,LOW,LOW,2026-06-02,,true
10749,LOW,LOW,LOW,2026-06-02,,true
10755,LOW,LOW,LOW,2026-06-02,,true
10756,LOW,LOW,LOW,2026-06-02,,true
10757,LOW,LOW,LOW,2026-06-02,,true
10758,LOW,LOW,LOW,2026-06-02,,true
10764,LOW,LOW,LOW,2026-06-02,,true
10765,LOW,LOW,LOW,2026-06-02,,true
10770,LOW,LOW,LOW,2026-06-02,,true
10771,LOW,HIGH,LOW,2026-06-02,,true
10772,LOW,HIGH,LOW,2026-06-02,,true
10774,LOW,HIGH,LOW,2026-06-02,,true
10775,LOW,HIGH,LOW,2026-06-02,,true
10786,LOW,HIGH,LOW,2026-06-02,,true
10790,LOW,HIGH,LOW,2026-06-02,,true
10791,LOW,HIGH,LOW,2026-06-02,,true
10795,LOW,HIGH,LOW,2026-06-02,,true
10800,LOW,HIGH,LOW,2026-06-02,,true
10801,LOW,HIGH,LOW,2026-06-02,,true
10802,LOW,HIGH,LOW,2026-06-02,,true
10803,LOW,HIGH,LOW,2026-06-02,,true
10806,LOW,HIGH,LOW,2026-06-02,,true
10807,LOW,HIGH,LOW,2026-06-02,,true
10808,LOW,HIGH,LOW,2026-06-02,,true
10810,LOW,HIGH,LOW,2026-06-02,,true
10817,LOW,HIGH,LOW,2026-06-02,,true
10818,LOW,HIGH,LOW,2026-06-02,,true
10822,LOW,HIGH,LOW,2026-06-02,,true
10823,LOW,HIGH,LOW,2026-06-02,,true
10831,LOW,LOW,LOW,2026-06-02,,true
10835,LOW,LOW,LOW,2026-06-02,,true
10836,LOW,LOW,LOW,2026-06-02,,true
10842,LOW,LOW,LOW,2026-06-02,,true
10845,LOW,LOW,LOW,2026-06-02,,true
10846,LOW,LOW,LOW,2026-06-02,,true
10847,LOW,LOW,LOW,2026-06-02,,true
10857,LOW,LOW,LOW,2026-06-02,,true
10859,LOW,LOW,LOW,2026-06-02,,true
10861,LOW,LOW,LOW,2026-06-02,,true
10863,LOW,LOW,LOW,2026-06-02,,true
10867,LOW,LOW,LOW,2026-06-02,,true
10876,LOW,LOW,LOW,2026-06-02,,true
10878,LOW,LOW,LOW,2026-06-02,,true
10880,LOW,LOW,LOW,2026-06-02,,true
10885,LOW,LOW,LOW,2026-06-02,,true
10888,LOW,LOW,LOW,2026-06-02,,true
10893,LOW,LOW,LOW,2026-06-02,,true
10894,LOW,LOW,LOW,2026-06-02,,true
10901,LOW,LOW,LOW,2026-06-02,,true
10902,LOW,LOW,LOW,2026-06-02,,true
10903,LOW,LOW,LOW,2026-06-02,,true
10906,LOW,LOW,LOW,2026-06-02,,true
10910,LOW,LOW,LOW,2026-06-02,,true
10911,LOW,LOW,LOW,2026-06-02,,true
10912,LOW,LOW,LOW,2026-06-02,,true
10913,LOW,LOW,LOW,2026-06-02,,true
10916,LOW,LOW,LOW,2026-06-02,,true
10919,LOW,LOW,LOW,2026-06-02,,true
10920,LOW,LOW,LOW,2026-06-02,,true
10928,LOW,LOW,LOW,2026-06-02,,true
10931,LOW,LOW,LOW,2026-06-02,,true
10932,LOW,LOW,LOW,2026-06-02,,true
10933,LOW,LOW,LOW,2026-06-02,,true
10935,LOW,LOW,LOW,2026-06-02,,true
10938,LOW,LOW,LOW,2026-06-02,,true
10939,LOW,LOW,LOW,2026-06-02,,true
10941,LOW,LOW,LOW,2026-06-02,,true
10943,LOW,LOW,LOW,2026-06-02,,true
10944,LOW,LOW,LOW,2026-06-02,,true
10949,LOW,LOW,LOW,2026-06-02,,true
10952,LOW,LOW,LOW,2026-06-02,,true
10953,LOW,LOW,LOW,2026-06-02,,true
10954,LOW,LOW,LOW,2026-06-02,,true
10956,LOW,LOW,LOW,2026-06-02,,true
10961,LOW,LOW,LOW,2026-06-02,,true
10962,LOW,LOW,LOW,2026-06-02,,true
10963,LOW,LOW,LOW,2026-06-02,,true
10965,LOW,LOW,LOW,2026-06-02,,true
10969,LOW,LOW,LOW,2026-06-02,,true
10972,LOW,LOW,LOW,2026-06-02,,true
10973,LOW,LOW,LOW,2026-06-02,,true
10976,LOW,LOW,LOW,2026-06-02,,true
10988,LOW,LOW,LOW,2026-06-02,,true
10989,LOW,LOW,LOW,2026-06-02,,true
10990,LOW,LOW,LOW,2026-06-02,,true
10991,LOW,LOW,LOW,2026-06-02,,true
10992,LOW,LOW,LOW,2026-06-02,,true
10993,LOW,LOW,LOW,2026-06-02,,true
10995,LOW,LOW,LOW,2026-06-02,,true
10998,LOW,LOW,LOW,2026-06-02,,true
10999,LOW,LOW,LOW,2026-06-02,,true
11000,LOW,LOW,LOW,2026-06-02,,true
11001,LOW,LOW,LOW,2026-06-02,,true
11014,LOW,HIGH,LOW,2026-06-02,,true
11019,LOW,HIGH,LOW,2026-06-02,,true
11021,LOW,HIGH,LOW,2026-06-02,,true
11025,LOW,HIGH,LOW,2026-06-02,,true
11032,LOW,HIGH,LOW,2026-06-02,,true
11036,LOW,HIGH,LOW,2026-06-02,,true
11038,LOW,HIGH,LOW,2026-06-02,,true
11043,LOW,HIGH,LOW,2026-06-02,,true
11045,LOW,HIGH,LOW,2026-06-02,,true
11054,LOW,HIGH,LOW,2026-06-02,,true
11065,LOW,LOW,LOW,2026-06-02,,true
11066,LOW,LOW,LOW,2026-06-02,,true
11068,LOW,LOW,LOW,2026-06-02,,true
11073,LOW,LOW,LOW,2026-06-02,,true
11074,LOW,LOW,LOW,2026-06-02,,true
11078,LOW,LOW,LOW,2026-06-02,,true
11080,LOW,LOW,LOW,2026-06-02,,true
11081,LOW,LOW,LOW,2026-06-02,,true
11083,LOW,LOW,LOW,2026-06-02,,true
11088,LOW,LOW,LOW,2026-06-02,,true
11094,LOW,LOW,LOW,2026-06-02,,true
11104,LOW,LOW,LOW,2026-06-02,,true
11115,LOW,LOW,LOW,2026-06-02,,true
11117,LOW,LOW,LOW,2026-06-02,,true
11122,LOW,LOW,LOW,2026-06-02,,true
11123,LOW,LOW,LOW,2026-06-02,,true
11124,LOW,LOW,LOW,2026-06-02,,true
11127,LOW,LOW,LOW,2026-06-02,,true
11130,LOW,LOW,LOW,2026-06-02,,true
11133,LOW,LOW,LOW,2026-06-02,,true
11134,LOW,LOW,LOW,2026-06-02,,true
11136,LOW,LOW,LOW,2026-06-02,,true
11143,LOW,LOW,LOW,2026-06-02,,true
11144,LOW,LOW,LOW,2026-06-02,,true
11152,LOW,LOW,LOW,2026-06-02,,true
11155,LOW,LOW,LOW,2026-06-02,,true
11157,LOW,LOW,LOW,2026-06-02,,true
11158,LOW,LOW,LOW,2026-06-02,,true
11161,LOW,LOW,LOW,2026-06-02,,true
11169,LOW,LOW,LOW,2026-06-02,,true
11172,LOW,LOW,LOW,2026-06-02,,true
11178,LOW,LOW,LOW,2026-06-02,,true
11180,LOW,LOW,LOW,2026-06-02,,true
11186,LOW,LOW,LOW,2026-06-02,,true
11188,LOW,LOW,LOW,2026-06-02,,true
11200,LOW,LOW,LOW,2026-06-02,,true
11208,LOW,LOW,LOW,2026-06-02,,true
11214,LOW,LOW,LOW,2026-06-02,,true
11215,LOW,LOW,LOW,2026-06-02,,true
11216,LOW,LOW,LOW,2026-06-02,,true
11219,LOW,LOW,LOW,2026-06-02,,true
11223,LOW,LOW,LOW,2026-06-02,,true
11231,LOW,LOW,LOW,2026-06-02,,true
11235,LOW,LOW,LOW,2026-06-02,,true
11236,LOW,LOW,LOW,2026-06-02,,true
11239,LOW,LOW,LOW,2026-06-02,,true
11247,LOW,LOW,LOW,2026-06-02,,true
11248,LOW,LOW,LOW,2026-06-02,,true
11249,LOW,LOW,LOW,2026-06-02,,true
11257,LOW,LOW,LOW,2026-06-02,,true
11258,LOW,LOW,LOW,2026-06-02,,true
11263,LOW,LOW,LOW,2026-06-02,,true
11264,LOW,LOW,LOW,2026-06-02,,true
11274,LOW,LOW,LOW,2026-06-02,,true
11275,LOW,LOW,LOW,2026-06-02,,true
11276,LOW,LOW,LOW,2026-06-02,,true
11283,LOW,LOW,LOW,2026-06-02,,true
11288,LOW,LOW,LOW,2026-06-02,,true
11292,LOW,LOW,LOW,2026-06-02,,true
11293,LOW,LOW,LOW,2026-06-02,,true
11294,LOW,LOW,LOW,2026-06-02,,true
11300,LOW,LOW,LOW,2026-06-02,,true
11311,LOW,LOW,LOW,2026-06-02,,true
11315,LOW,LOW,LOW,2026-06-02,,true
11317,LOW,LOW,LOW,2026-06-02,,true
11319,LOW,LOW,LOW,2026-06-02,,true
11322,LOW,LOW,LOW,2026-06-02,,true
11323,LOW,LOW,LOW,2026-06-02,,true
11324,LOW,LOW,LOW,2026-06-02,,true
11325,LOW,LOW,LOW,2026-06-02,,true
11326,LOW,LOW,LOW,2026-06-02,,true
11332,LOW,LOW,LOW,2026-06-02,,true
11343,LOW,LOW,LOW,2026-06-02,,true
11349,LOW,LOW,LOW,2026-06-02,,true
11350,LOW,LOW,LOW,2026-06-02,,true
11353,LOW,LOW,LOW,2026-06-02,,true
11357,LOW,LOW,LOW,2026-06-02,,true
11368,LOW,LOW,LOW,2026-06-02,,true
11370,LOW,LOW,LOW,2026-06-02,,true
11371,LOW,LOW,LOW,2026-06-02,,true
11375,LOW,LOW,LOW,2026-06-02,,true
11376,LOW,LOW,LOW,2026-06-02,,true
11378,LOW,LOW,LOW,2026-06-02,,true
11382,LOW,LOW,LOW,2026-06-02,,true
11383,LOW,LOW,LOW,2026-06-02,,true
11385,LOW,LOW,LOW,2026-06-02,,true
11387,LOW,LOW,LOW,2026-06-02,,true
11389,LOW,LOW,LOW,2026-06-02,,true
11391,LOW,LOW,LOW,2026-06-02,,true
11392,LOW,LOW,LOW,2026-06-02,,true
11395,LOW,LOW,LOW,2026-06-02,,true
11399,LOW,LOW,LOW,2026-06-02,,true
11405,LOW,LOW,LOW,2026-06-02,,true
11407,LOW,LOW,LOW,2026-06-02,,true
11408,LOW,LOW,LOW,2026-06-02,,true
11410,LOW,LOW,LOW,2026-06-02,,true
11413,LOW,LOW,LOW,2026-06-02,,true
11416,LOW,LOW,LOW,2026-06-02,,true
11418,LOW,LOW,LOW,2026-06-02,,true
11421,LOW,LOW,LOW,2026-06-02,,true
11424,LOW,LOW,LOW,2026-06-02,,true
11426,LOW,LOW,LOW,2026-06-02,,true
11427,LOW,LOW,LOW,2026-06-02,,true
11429,LOW,LOW,LOW,2026-06-02,,true
11439,LOW,LOW,LOW,2026-06-02,,true
11440,LOW,LOW,LOW,2026-06-02,,true
11449,LOW,LOW,LOW,2026-06-02,,true
11462,LOW,LOW,LOW,2026-06-02,,true
11464,LOW,LOW,LOW,2026-06-02,,true
11465,LOW,LOW,LOW,2026-06-02,,true
11468,LOW,LOW,LOW,2026-06-02,,true
11472,LOW,LOW,LOW,2026-06-02,,true
11475,LOW,LOW,LOW,2026-06-02,,true
11477,LOW,LOW,LOW,2026-06-02,,true
11486,LOW,LOW,LOW,2026-06-02,,true
11492,LOW,LOW,LOW,2026-06-02,,true
11508,LOW,LOW,LOW,2026-06-02,,true
11509,LOW,LOW,LOW,2026-06-02,,true
11514,LOW,LOW,LOW,2026-06-02,,true
11515,LOW,LOW,LOW,2026-06-02,,true
11518,LOW,LOW,LOW,2026-06-02,,true
11520,LOW,LOW,LOW,2026-06-02,,true
11523,LOW,LOW,LOW,2026-06-02,,true
11533,LOW,HIGH,LOW,2026-06-02,,true
11534,LOW,HIGH,LOW,2026-06-02,,true
11538,LOW,HIGH,LOW,2026-06-02,,true
11539,LOW,HIGH,LOW,2026-06-02,,true
11546,LOW,HIGH,LOW,2026-06-02,,true
11548,LOW,HIGH,LOW,2026-06-02,,true
11553,LOW,HIGH,LOW,2026-06-02,,true
11560,LOW,HIGH,LOW,2026-06-02,,true
11562,LOW,HIGH,LOW,2026-06-02,,true
11564,LOW,LOW,LOW,2026-06-02,,true
11569,LOW,LOW,LOW,2026-06-02,,true
11576,LOW,LOW,LOW,2026-06-02,,true
11577,LOW,LOW,LOW,2026-06-02,,true
11587,LOW,LOW,LOW,2026-06-02,,true
11591,LOW,LOW,LOW,2026-06-02,,true
11592,LOW,LOW,LOW,2026-06-02,,true
11593,LOW,LOW,LOW,2026-06-02,,true
11610,LOW,LOW,LOW,2026-06-02,,true
11613,LOW,LOW,LOW,2026-06-02,,true
11614,LOW,LOW,LOW,2026-06-02,,true
11629,LOW,LOW,LOW,2026-06-02,,true
11630,LOW,LOW,LOW,2026-06-02,,true
11631,LOW,LOW,LOW,2026-06-02,,true
11637,LOW,LOW,LOW,2026-06-02,,true
11641,LOW,LOW,LOW,2026-06-02,,true
11649,LOW,LOW,LOW,2026-06-02,,true
11651,LOW,LOW,LOW,2026-06-02,,true
11652,LOW,LOW,LOW,2026-06-02,,true
11655,LOW,LOW,LOW,2026-06-02,,true
11656,LOW,LOW,LOW,2026-06-02,,true
11674,HIGH,LOW,HIGH,2026-06-02,,true
11675,HIGH,LOW,HIGH,2026-06-02,,true
11681,HIGH,LOW,HIGH,2026-06-02,,true
11685,HIGH,LOW,HIGH,2026-06-02,,true
11690,HIGH,LOW,HIGH,2026-06-02,,true
11692,HIGH,LOW,HIGH,2026-06-02,,true
11694,HIGH,LOW,HIGH,2026-06-02,,true
11697,HIGH,LOW,HIGH,2026-06-02,,true
11702,HIGH,LOW,HIGH,2026-06-02,,true
11708,HIGH,LOW,HIGH,2026-06-02,,true
11713,HIGH,LOW,HIGH,2026-06-02,,true
11715,HIGH,LOW,HIGH,2026-06-02,,true
11719,HIGH,LOW,HIGH,2026-06-02,,true
11723,HIGH,LOW,HIGH,2026-06-02,,true
11724,HIGH,LOW,HIGH,2026-06-02,,true
11733,LOW,LOW,LOW,2026-06-02,,true
11734,LOW,LOW,LOW,2026-06-02,,true
11735,LOW,LOW,LOW,2026-06-02,,true
11743,LOW,LOW,LOW,2026-06-02,,true
11747,LOW,LOW,LOW,2026-06-02,,true
11750,LOW,LOW,LOW,2026-06-02,,true
11751,LOW,LOW,LOW,2026-06-02,,true
11754,LOW,LOW,LOW,2026-06-02,,true
11768,LOW,LOW,LOW,2026-06-02,,true
11776,LOW,LOW,LOW,2026-06-02,,true
11780,LOW,LOW,LOW,2026-06-02,,true
11788,LOW,LOW,LOW,2026-06-02,,true
11791,LOW,LOW,LOW,2026-06-02,,true
11796,LOW,LOW,LOW,2026-06-02,,true
11802,LOW,HIGH,LOW,2026-06-02,,true
11808,LOW,HIGH,LOW,2026-06-02,,true
11810,LOW,HIGH,LOW,2026-06-02,,true
11812,LOW,HIGH,LOW,2026-06-02,,true
11815,LOW,HIGH,LOW,2026-06-02,,true
11822,LOW,HIGH,LOW,2026-06-02,,true
11824,LOW,HIGH,LOW,2026-06-02,,true
11829,LOW,HIGH,LOW,2026-06-02,,true
11831,LOW,HIGH,LOW,2026-06-02,,true
11834,LOW,HIGH,LOW,2026-06-02,,true
11843,LOW,HIGH,LOW,2026-06-02,,true
11844,LOW,HIGH,LOW,2026-06-02,,true
11847,LOW,HIGH,LOW,2026-06-02,,true
11849,LOW,HIGH,LOW,2026-06-02,,true
11850,LOW,HIGH,LOW,2026-06-02,,true
11862,LOW,LOW,LOW,2026-06-02,,true
11867,LOW,LOW,LOW,2026-06-02,,true
11868,LOW,LOW,LOW,2026-06-02,,true
11885,LOW,LOW,LOW,2026-06-02,,true
11886,LOW,LOW,LOW,2026-06-02,,true
11893,LOW,LOW,LOW,2026-06-02,,true
11894,LOW,LOW,LOW,2026-06-02,,true
11897,LOW,LOW,LOW,2026-06-02,,true
11898,LOW,LOW,LOW,2026-06-02,,true
11900,LOW,LOW,LOW,2026-06-02,,true
11902,LOW,LOW,LOW,2026-06-02,,true
11904,LOW,LOW,LOW,2026-06-02,,true
11909,LOW,LOW,LOW,2026-06-02,,true
11921,LOW,LOW,LOW,2026-06-02,,true
11924,LOW,LOW,LOW,2026-06-02,,true
11925,LOW,HIGH,LOW,2026-06-02,,true
11928,LOW,HIGH,LOW,2026-06-02,,true
11929,LOW,HIGH,LOW,2026-06-02,,true
11930,LOW,HIGH,LOW,2026-06-02,,true
11931,LOW,HIGH,LOW,2026-06-02,,true
11935,LOW,HIGH,LOW,2026-06-02,,true
11939,LOW,HIGH,LOW,2026-06-02,,true
11940,LOW,HIGH,LOW,2026-06-02,,true
11945,LOW,HIGH,LOW,2026-06-02,,true
11947,LOW,HIGH,LOW,2026-06-02,,true
11951,LOW,HIGH,LOW,2026-06-02,,true
11955,LOW,HIGH,LOW,2026-06-02,,true
11966,LOW,HIGH,LOW,2026-06-02,,true
11972,LOW,HIGH,LOW,2026-06-02,,true
11973,LOW,HIGH,LOW,2026-06-02,,true
11974,LOW,HIGH,LOW,2026-06-02,,true
11981,LOW,HIGH,LOW,2026-06-02,,true
11985,LOW,LOW,LOW,2026-06-02,,true
11991,LOW,LOW,LOW,2026-06-02,,true
11993,LOW,LOW,LOW,2026-06-02,,true
11999,LOW,LOW,LOW,2026-06-02,,true
12000,LOW,LOW,LOW,2026-06-02,,true
12009,LOW,LOW,LOW,2026-06-02,,true
12011,LOW,LOW,LOW,2026-06-02,,true
12014,LOW,LOW,LOW,2026-06-02,,true
12016,LOW,LOW,LOW,2026-06-02,,true
12020,LOW,LOW,LOW,2026-06-02,,true
12021,LOW,LOW,LOW,2026-06-02,,true
12024,LOW,LOW,LOW,2026-06-02,,true
12026,LOW,LOW,LOW,2026-06-02,,true
12028,LOW,LOW,LOW,2026-06-02,,true
12031,LOW,LOW,LOW,2026-06-02,,true
12034,LOW,LOW,LOW,2026-06-02,,true
12035,LOW,LOW,LOW,2026-06-02,,true
12036,LOW,LOW,LOW,2026-06-02,,true
12041,LOW,LOW,LOW,2026-06-02,,true
12055,LOW,LOW,LOW,2026-06-02,,true
12057,LOW,LOW,LOW,2026-06-02,,true
12065,LOW,LOW,LOW,2026-06-02,,true
12066,LOW,LOW,LOW,2026-06-02,,true
12070,LOW,LOW,LOW,2026-06-02,,true
12075,LOW,LOW,LOW,2026-06-02,,true
12084,LOW,LOW,LOW,2026-06-02,,true
12085,LOW,LOW,LOW,2026-06-02,,true
12086,LOW,LOW,LOW,2026-06-02,,true
12088,LOW,LOW,LOW,2026-06-02,,true
12099,LOW,LOW,LOW,2026-06-02,,true
12100,LOW,LOW,LOW,2026-06-02,,true
12102,LOW,LOW,LOW,2026-06-02,,true
12106,LOW,LOW,LOW,2026-06-02,,true
12108,LOW,LOW,LOW,2026-06-02,,true
12114,LOW,LOW,LOW,2026-06-02,,true
12116,LOW,LOW,LOW,2026-06-02,,true
12119,LOW,LOW,LOW,2026-06-02,,true
12120,LOW,LOW,LOW,2026-06-02,,true
12126,LOW,LOW,LOW,2026-06-02,,true
12127,LOW,LOW,LOW,2026-06-02,,true
12128,LOW,LOW,LOW,2026-06-02,,true
12130,LOW,LOW,LOW,2026-06-02,,true
12131,LOW,LOW,LOW,2026-06-02,,true
12133,LOW,LOW,LOW,2026-06-02,,true
12137,LOW,LOW,LOW,2026-06-02,,true
12138,LOW,LOW,LOW,2026-06-02,,true
12139,LOW,LOW,LOW,2026-06-02,,true
12147,LOW,LOW,LOW,2026-06-02,,true
12151,LOW,LOW,LOW,2026-06-02,,true
12164,LOW,LOW,LOW,2026-06-02,,true
12168,LOW,LOW,LOW,2026-06-02,,true
12170,LOW,LOW,LOW,2026-06-02,,true
12171,LOW,LOW,LOW,2026-06-02,,true
12176,LOW,LOW,LOW,2026-06-02,,true
12177,LOW,LOW,LOW,2026-06-02,,true
12179,LOW,LOW,LOW,2026-06-02,,true
12182,LOW,LOW,LOW,2026-06-02,,true
12191,LOW,LOW,LOW,2026-06-02,,true
12193,LOW,LOW,LOW,2026-06-02,,true
12201,LOW,LOW,LOW,2026-06-02,,true
12207,LOW,LOW,LOW,2026-06-02,,true
12209,LOW,LOW,LOW,2026-06-02,,true
12217,LOW,HIGH,LOW,2026-06-02,,true
12220,LOW,HIGH,LOW,2026-06-02,,true
12225,LOW,HIGH,LOW,2026-06-02,,true
12227,LOW,HIGH,LOW,2026-06-02,,true
12229,LOW,HIGH,LOW,2026-06-02,,true
12233,LOW,HIGH,LOW,2026-06-02,,true
12236,LOW,HIGH,LOW,2026-06-02,,true
12239,LOW,HIGH,LOW,2026-06-02,,true
12251,LOW,HIGH,LOW,2026-06-02,,true
12252,LOW,HIGH,LOW,2026-06-02,,true
12256,LOW,HIGH,LOW,2026-06-02,,true
12258,LOW,HIGH,LOW,2026-06-02,,true
12262,LOW,HIGH,LOW,2026-06-02,,true
12264,LOW,HIGH,LOW,2026-06-02,,true
12272,LOW,HIGH,LOW,2026-06-02,,true
12274,LOW,HIGH,LOW,2026-06-02,,true
12275,LOW,LOW,LOW,2026-06-02,,true
12279,LOW,LOW,LOW,2026-06-02,,true
12280,LOW,LOW,LOW,2026-06-02,,true
12288,LOW,LOW,LOW,2026-06-02,,true
12293,LOW,LOW,LOW,2026-06-02,,true
12297,LOW,LOW,LOW,2026-06-02,,true
12299,LOW,LOW,LOW,2026-06-02,,true
12301,LOW,LOW,LOW,2026-06-02,,true
12303,LOW,LOW,LOW,2026-06-02,,true
12304,LOW,LOW,LOW,2026-06-02,,true
12307,LOW,LOW,LOW,2026-06-02,,true
12318,LOW,LOW,LOW,2026-06-02,,true
12320,LOW,LOW,LOW,2026-06-02,,true
12335,LOW,LOW,LOW,2026-06-02,,true
12337,LOW,LOW,LOW,2026-06-02,,true
12340,LOW,LOW,LOW,2026-06-02,,true
12347,LOW,HIGH,LOW,2026-06-02,,true
12352,LOW,HIGH,LOW,2026-06-02,,true
12353,LOW,HIGH,LOW,2026-06-02,,true
12356,LOW,HIGH,LOW,2026-06-02,,true
12361,LOW,HIGH,LOW,2026-06-02,,true
12366,LOW,HIGH,LOW,2026-06-02,,true
12367,LOW,HIGH,LOW,2026-06-02,,true
12368,LOW,HIGH,LOW,2026-06-02,,true
12369,LOW,HIGH,LOW,2026-06-02,,true
12373,LOW,HIGH,LOW,2026-06-02,,true
12374,LOW,HIGH,LOW,2026-06-02,,true
12375,LOW,HIGH,LOW,2026-06-02,,true
12376,LOW,HIGH,LOW,2026-06-02,,true
12382,LOW,HIGH,LOW,2026-06-02,,true
12383,LOW,HIGH,LOW,2026-06-02,,true
12387,LOW,HIGH,LOW,2026-06-02,,true
12390,LOW,HIGH,LOW,2026-06-02,,true
12392,LOW,HIGH,LOW,2026-06-02,,true
12393,LOW,HIGH,LOW,2026-06-02,,true
12394,LOW,HIGH,LOW,2026-06-02,,true
12395,LOW,HIGH,LOW,2026-06-02,,true
12396,LOW,HIGH,LOW,2026-06-02,,true
12404,LOW,LOW,LOW,2026-06-02,,true
12417,LOW,LOW,LOW,2026-06-02,,true
12419,LOW,LOW,LOW,2026-06-02,,true
12421,LOW,LOW,LOW,2026-06-02,,true
12422,LOW,LOW,LOW,2026-06-02,,true
12424,LOW,LOW,LOW,2026-06-02,,true
12427,LOW,LOW,LOW,2026-06-02,,true
12428,LOW,LOW,LOW,2026-06-02,,true
12432,LOW,LOW,LOW,2026-06-02,,true
12436,LOW,LOW,LOW,2026-06-02,,true
12438,LOW,LOW,LOW,2026-06-02,,true
12439,LOW,LOW,LOW,2026-06-02,,true
12441,LOW,LOW,LOW,2026-06-02,,true
12448,LOW,LOW,LOW,2026-06-02,,true
12452,LOW,LOW,LOW,2026-06-02,,true
12453,LOW,LOW,LOW,2026-06-02,,true
12460,LOW,LOW,LOW,2026-06-02,,true
12463,LOW,LOW,LOW,2026-06-02,,true
12474,LOW,HIGH,LOW,2026-06-02,,true
12475,LOW,HIGH,LOW,2026-06-02,,true
12477,LOW,HIGH,LOW,2026-06-02,,true
12479,LOW,HIGH,LOW,2026-06-02,,true
12481,LOW,HIGH,LOW,2026-06-02,,true
12482,LOW,HIGH,LOW,2026-06-02,,true
12486,LOW,HIGH,LOW,2026-06-02,,true
12490,LOW,HIGH,LOW,2026-06-02,,true
12491,LOW,HIGH,LOW,2026-06-02,,true
12506,LOW,HIGH,LOW,2026-06-02,,true
12510,LOW,HIGH,LOW,2026-06-02,,true
12513,LOW,HIGH,LOW,2026-06-02,,true
12514,LOW,HIGH,LOW,2026-06-02,,true
12515,LOW,HIGH,LOW,2026-06-02,,true
12517,LOW,HIGH,LOW,2026-06-02,,true
12518,LOW,HIGH,LOW,2026-06-02,,true
12525,LOW,HIGH,LOW,2026-06-02,,true
12527,LOW,LOW,LOW,2026-06-02,,true
12528,LOW,LOW,LOW,2026-06-02,,true
12531,LOW,LOW,LOW,2026-06-02,,true
12538,LOW,LOW,LOW,2026-06-02,,true
12540,LOW,LOW,LOW,2026-06-02,,true
12545,LOW,LOW,LOW,2026-06-02,,true
12549,LOW,LOW,LOW,2026-06-02,,true
12550,LOW,LOW,LOW,2026-06-02,,true
12553,LOW,LOW,LOW,2026-06-02,,true
12564,LOW,LOW,LOW,2026-06-02,,true
12567,LOW,LOW,LOW,2026-06-02,,true
12568,LOW,LOW,LOW,2026-06-02,,true
12573,LOW,LOW,LOW,2026-06-02,,true
12575,LOW,LOW,LOW,2026-06-02,,true
12582,LOW,LOW,LOW,2026-06-02,,true
12585,LOW,LOW,LOW,2026-06-02,,true
12587,LOW,LOW,LOW,2026-06-02,,true
12589,LOW,LOW,LOW,2026-06-02,,true
12591,LOW,LOW,LOW,2026-06-02,,true
12595,LOW,HIGH,LOW,2026-06-02,,true
12601,LOW,HIGH,LOW,2026-06-02,,true
12602,LOW,HIGH,LOW,2026-06-02,,true
12603,LOW,HIGH,LOW,2026-06-02,,true
12604,LOW,HIGH,LOW,2026-06-02,,true
12605,LOW,HIGH,LOW,2026-06-02,,true
12608,LOW,HIGH,LOW,2026-06-02,,true
12609,LOW,HIGH,LOW,2026-06-02,,true
12613,LOW,HIGH,LOW,2026-06-02,,true
12614,LOW,HIGH,LOW,2026-06-02,,true
12619,LOW,HIGH,LOW,2026-06-02,,true
12625,LOW,HIGH,LOW,2026-06-02,,true
12626,LOW,HIGH,LOW,2026-06-02,,true
12633,LOW,HIGH,LOW,2026-06-02,,true
12636,LOW,HIGH,LOW,2026-06-02,,true
12637,LOW,HIGH,LOW,2026-06-02,,true
12640,LOW,HIGH,LOW,2026-06-02,,true
12643,LOW,HIGH,LOW,2026-06-02,,true
12644,LOW,HIGH,LOW,2026-06-02,,true
12654,LOW,LOW,LOW,2026-06-02,,true
12656,LOW,LOW,LOW,2026-06-02,,true
12657,LOW,LOW,LOW,2026-06-02,,true
12658,LOW,LOW,LOW,2026-06-02,,true
12661,LOW,LOW,LOW,2026-06-02,,true
12663,LOW,LOW,LOW,2026-06-02,,true
12670,LOW,LOW,LOW,2026-06-02,,true
12673,LOW,LOW,LOW,2026-06-02,,true
12678,LOW,LOW,LOW,2026-06-02,,true
12679,LOW,LOW,LOW,2026-06-02,,true
12680,LOW,LOW,LOW,2026-06-02,,true
12688,LOW,LOW,LOW,2026-06-02,,true
12693,LOW,LOW,LOW,2026-06-02,,true
12697,LOW,LOW,LOW,2026-06-02,,true
12703,LOW,LOW,LOW,2026-06-02,,true
12710,LOW,LOW,LOW,2026-06-02,,true
12715,LOW,LOW,LOW,2026-06-02,,true
12727,LOW,LOW,LOW,2026-06-02,,true
12728,LOW,LOW,LOW,2026-06-02,,true
12730,LOW,LOW,LOW,2026-06-02,,true
12733,LOW,LOW,LOW,2026-06-02,,true
12738,LOW,LOW,LOW,2026-06-02,,true
12739,LOW,LOW,LOW,2026-06-02,,true
12743,LOW,LOW,LOW,2026-06-02,,true
12755,LOW,LOW,LOW,2026-06-02,,true
12758,LOW,LOW,LOW,2026-06-02,,true
12759,LOW,LOW,LOW,2026-06-02,,true
12771,LOW,HIGH,LOW,2026-06-02,,true
12772,LOW,HIGH,LOW,2026-06-02,,true
12781,LOW,HIGH,LOW,2026-06-02,,true
12784,LOW,HIGH,LOW,2026-06-02,,true
12789,LOW,HIGH,LOW,2026-06-02,,true
12794,LOW,HIGH,LOW,2026-06-02,,true
12795,LOW,HIGH,LOW,2026-06-02,,true
12797,LOW,HIGH,LOW,2026-06-02,,true
12799,LOW,HIGH,LOW,2026-06-02,,true
12802,LOW,HIGH,LOW,2026-06-02,,true
12806,LOW,HIGH,LOW,2026-06-02,,true
12810,LOW,HIGH,LOW,2026-06-02,,true
12815,LOW,HIGH,LOW,2026-06-02,,true
12819,LOW,HIGH,LOW,2026-06-02,,true
12821,LOW,HIGH,LOW,2026-06-02,,true
12822,LOW,HIGH,LOW,2026-06-02,,true
12823,LOW,HIGH,LOW,2026-06-02,,true
12825,LOW,LOW,LOW,2026-06-02,,true
12833,LOW,LOW,LOW,2026-06-02,,true
12842,LOW,LOW,LOW,2026-06-02,,true
12859,LOW,LOW,LOW,2026-06-02,,true
12860,LOW,LOW,LOW,2026-06-02,,true
12865,LOW,LOW,LOW,2026-06-02,,true
12866,LOW,LOW,LOW,2026-06-02,,true
12867,LOW,LOW,LOW,2026-06-02,,true
12870,LOW,LOW,LOW,2026-06-02,,true
12881,LOW,LOW,LOW,2026-06-02,,true
12882,LOW,LOW,LOW,2026-06-02,,true
12886,LOW,LOW,LOW,2026-06-02,,true
12887,LOW,LOW,LOW,2026-06-02,,true
12888,LOW,LOW,LOW,2026-06-02,,true
12891,LOW,LOW,LOW,2026-06-02,,true
12897,LOW,LOW,LOW,2026-06-02,,true
12901,LOW,LOW,LOW,2026-06-02,,true
12908,LOW,LOW,LOW,2026-06-02,,true
12911,LOW,LOW,LOW,2026-06-02,,true
12912,LOW,LOW,LOW,2026-06-02,,true
12914,LOW,LOW,LOW,2026-06-02,,true
12915,LOW,LOW,LOW,2026-06-02,,true
12916,LOW,LOW,LOW,2026-06-02,,true
12917,LOW,LOW,LOW,2026-06-02,,true
12918,LOW,LOW,LOW,2026-06-02,,true
12928,LOW,LOW,LOW,2026-06-02,,true
12931,LOW,LOW,LOW,2026-06-02,,true
12932,LOW,LOW,LOW,2026-06-02,,true
12933,LOW,LOW,LOW,2026-06-02,,true
12947,LOW,HIGH,LOW,2026-06-02,,true
12948,LOW,HIGH,LOW,2026-06-02,,true
12950,LOW,HIGH,LOW,2026-06-02,,true
12953,LOW,HIGH,LOW,2026-06-02,,true
12961,LOW,HIGH,LOW,2026-06-02,,true
12970,LOW,HIGH,LOW,2026-06-02,,true
12973,LOW,HIGH,LOW,2026-06-02,,true
12974,LOW,HIGH,LOW,2026-06-02,,true
12976,LOW,HIGH,LOW,2026-06-02,,true
12978,LOW,HIGH,LOW,2026-06-02,,true
12979,LOW,HIGH,LOW,2026-06-02,,true
12986,LOW,HIGH,LOW,2026-06-02,,true
12990,LOW,HIGH,LOW,2026-06-02,,true
12992,LOW,HIGH,LOW,2026-06-02,,true
12994,LOW,HIGH,LOW,2026-06-02,,true
12996,LOW,HIGH,LOW,2026-06-02,,true
12998,LOW,HIGH,LOW,2026-06-02,,true
13005,LOW,HIGH,LOW,2026-06-02,,true
13010,LOW,HIGH,LOW,2026-06-02,,true
13011,LOW,HIGH,LOW,2026-06-02,,true
13016,LOW,HIGH,LOW,2026-06-02,,true
13020,LOW,HIGH,LOW,2026-06-02,,true
13021,LOW,HIGH,LOW,2026-06-02,,true
13029,LOW,HIGH,LOW,2026-06-02,,true
13040,LOW,LOW,LOW,2026-06-02,,true
13043,LOW,LOW,LOW,2026-06-02,,true
13045,LOW,LOW,LOW,2026-06-02,,true
13048,LOW,LOW,LOW,2026-06-02,,true
13053,LOW,LOW,LOW,2026-06-02,,true
13055,LOW,LOW,LOW,2026-06-02,,true
13062,LOW,LOW,LOW,2026-06-02,,true
13064,LOW,LOW,LOW,2026-06-02,,true
13065,LOW,LOW,LOW,2026-06-02,,true
13072,LOW,LOW,LOW,2026-06-02,,true
13082,LOW,LOW,LOW,2026-06-02,,true
13083,LOW,LOW,LOW,2026-06-02,,true
13098,LOW,LOW,LOW,2026-06-02,,true
13105,LOW,LOW,LOW,2026-06-02,,true
13110,LOW,LOW,LOW,2026-06-02,,true
13116,LOW,LOW,LOW,2026-06-02,,true
13121,LOW,LOW,LOW,2026-06-02,,true
13130,LOW,LOW,LOW,2026-06-02,,true
13133,LOW,LOW,LOW,2026-06-02,,true
13138,LOW,LOW,LOW,2026-06-02,,true
13140,LOW,LOW,LOW,2026-06-02,,true
13149,LOW,LOW,LOW,2026-06-02,,true
13152,LOW,LOW,LOW,2026-06-02,,true
13157,LOW,LOW,LOW,2026-06-02,,true
13162,LOW,LOW,LOW,2026-06-02,,true
13174,LOW,LOW,LOW,2026-06-02,,true
13175,LOW,LOW,LOW,2026-06-02,,true
13179,LOW,LOW,LOW,2026-06-02,,true
13181,LOW,LOW,LOW,2026-06-02,,true
13182,LOW,LOW,LOW,2026-06-02,,true
13187,LOW,LOW,LOW,2026-06-02,,true
13192,LOW,LOW,LOW,2026-06-02,,true
13193,LOW,LOW,LOW,2026-06-02,,true
13194,LOW,LOW,LOW,2026-06-02,,true
13210,LOW,LOW,LOW,2026-06-02,,true
13212,LOW,LOW,LOW,2026-06-02,,true
13214,LOW,LOW,LOW,2026-06-02,,true
13222,LOW,LOW,LOW,2026-06-02,,true
13224,LOW,LOW,LOW,2026-06-02,,true
13226,LOW,LOW,LOW,2026-06-02,,true
13231,LOW,LOW,LOW,2026-06-02,,true
13237,LOW,LOW,LOW,2026-06-02,,true
13238,LOW,LOW,LOW,2026-06-02,,true
13241,LOW,LOW,LOW,2026-06-02,,true
13242,LOW,LOW,LOW,2026-06-02,,true
13243,LOW,LOW,LOW,2026-06-02,,true
13254,LOW,LOW,LOW,2026-06-02,,true
13255,LOW,LOW,LOW,2026-06-02,,true
13259,LOW,LOW,LOW,2026-06-02,,true
13260,LOW,LOW,LOW,2026-06-02,,true
13267,LOW,LOW,LOW,2026-06-02,,true
13283,LOW,LOW,LOW,2026-06-02,,true
13286,LOW,LOW,LOW,2026-06-02,,true
13312,LOW,LOW,LOW,2026-06-02,,true
13314,LOW,LOW,LOW,2026-06-02,,true
13322,LOW,LOW,LOW,2026-06-02,,true
13323,LOW,LOW,LOW,2026-06-02,,true
13326,LOW,LOW,LOW,2026-06-02,,true
13330,LOW,LOW,LOW,2026-06-02,,true
13331,LOW,LOW,LOW,2026-06-02,,true
13332,LOW,LOW,LOW,2026-06-02,,true
13336,LOW,LOW,LOW,2026-06-02,,true
13337,LOW,LOW,LOW,2026-06-02,,true
13343,LOW,LOW,LOW,2026-06-02,,true
13347,LOW,LOW,LOW,2026-06-02,,true
13350,LOW,LOW,LOW,2026-06-02,,true
13353,LOW,LOW,LOW,2026-06-02,,true
13360,LOW,LOW,LOW,2026-06-02,,true
13365,LOW,LOW,LOW,2026-06-02,,true
13370,LOW,LOW,LOW,2026-06-02,,true
13374,LOW,LOW,LOW,2026-06-02,,true
13378,LOW,LOW,LOW,2026-06-02,,true
13381,LOW,LOW,LOW,2026-06-02,,true
13385,LOW,LOW,LOW,2026-06-02,,true
13386,LOW,LOW,LOW,2026-06-02,,true
13389,LOW,LOW,LOW,2026-06-02,,true
13393,LOW,LOW,LOW,2026-06-02,,true
13401,LOW,LOW,LOW,2026-06-02,,true
13404,LOW,LOW,LOW,2026-06-02,,true
13405,LOW,LOW,LOW,2026-06-02,,true
13409,LOW,LOW,LOW,2026-06-02,,true
13410,LOW,LOW,LOW,2026-06-02,,true
13415,LOW,LOW,LOW,2026-06-02,,true
13417,LOW,LOW,LOW,2026-06-02,,true
13435,LOW,LOW,LOW,2026-06-02,,true
13436,LOW,LOW,LOW,2026-06-02,,true
13438,LOW,LOW,LOW,2026-06-02,,true
13447,LOW,LOW,LOW,2026-06-02,,true
13452,LOW,LOW,LOW,2026-06-02,,true
13454,LOW,LOW,LOW,2026-06-02,,true
13457,LOW,LOW,LOW,2026-06-02,,true
13459,LOW,HIGH,LOW,2026-06-02,,true
13463,LOW,HIGH,LOW,2026-06-02,,true
13466,LOW,HIGH,LOW,2026-06-02,,true
13467,LOW,HIGH,LOW,2026-06-02,,true
13469,LOW,HIGH,LOW,2026-06-02,,true
13474,LOW,HIGH,LOW,2026-06-02,,true
13484,LOW,HIGH,LOW,2026-06-02,,true
13485,LOW,HIGH,LOW,2026-06-02,,true
13487,LOW,HIGH,LOW,2026-06-02,,true
13489,LOW,HIGH,LOW,2026-06-02,,true
13493,LOW,HIGH,LOW,2026-06-02,,true
13497,LOW,HIGH,LOW,2026-06-02,,true
13501,LOW,HIGH,LOW,2026-06-02,,true
13502,LOW,HIGH,LOW,2026-06-02,,true
13504,LOW,HIGH,LOW,2026-06-02,,true
13516,LOW,HIGH,LOW,2026-06-02,,true
13517,LOW,HIGH,LOW,2026-06-02,,true
13518,LOW,HIGH,LOW,2026-06-02,,true
13523,LOW,LOW,LOW,2026-06-02,,true
13537,LOW,LOW,LOW,2026-06-02,,true
13543,LOW,LOW,LOW,2026-06-02,,true
13545,LOW,LOW,LOW,2026-06-02,,true
13550,LOW,LOW,LOW,2026-06-02,,true
13552,LOW,LOW,LOW,2026-06-02,,true
13558,LOW,LOW,LOW,2026-06-02,,true
13559,LOW,LOW,LOW,2026-06-02,,true
13569,LOW,LOW,LOW,2026-06-02,,true
13570,LOW,LOW,LOW,2026-06-02,,true
13571,LOW,LOW,LOW,2026-06-02,,true
13572,LOW,LOW,LOW,2026-06-02,,true
13581,LOW,LOW,LOW,2026-06-02,,true
13584,LOW,LOW,LOW,2026-06-02,,true
13587,LOW,LOW,LOW,2026-06-02,,true
13588,LOW,LOW,LOW,2026-06-02,,true
13590,LOW,LOW,LOW,2026-06-02,,true
13595,LOW,LOW,LOW,2026-06-02,,true
13596,LOW,LOW,LOW,2026-06-02,,true
13608,LOW,LOW,LOW,2026-06-02,,true
13609,LOW,LOW,LOW,2026-06-02,,true
13611,LOW,LOW,LOW,2026-06-02,,true
13614,LOW,LOW,LOW,2026-06-02,,true
13623,LOW,LOW,LOW,2026-06-02,,true
13624,LOW,LOW,LOW,2026-06-02,,true
13629,LOW,LOW,LOW,2026-06-02,,true
13633,LOW,LOW,LOW,2026-06-02,,true
13634,LOW,LOW,LOW,2026-06-02,,true
13635,LOW,LOW,LOW,2026-06-02,,true
13642,LOW,LOW,LOW,2026-06-02,,true
13659,LOW,LOW,LOW,2026-06-02,,true
13661,LOW,LOW,LOW,2026-06-02,,true
13665,LOW,LOW,LOW,2026-06-02,,true
13666,LOW,LOW,LOW,2026-06-02,,true
13673,LOW,LOW,LOW,2026-06-02,,true
13674,LOW,LOW,LOW,2026-06-02,,true
13679,LOW,LOW,LOW,2026-06-02,,true
13686,LOW,LOW,LOW,2026-06-02,,true
13698,LOW,HIGH,LOW,2026-06-02,,true
13708,LOW,HIGH,LOW,2026-06-02,,true
13709,LOW,HIGH,LOW,2026-06-02,,true
13710,LOW,HIGH,LOW,2026-06-02,,true
13712,LOW,HIGH,LOW,2026-06-02,,true
13714,LOW,HIGH,LOW,2026-06-02,,true
13721,LOW,HIGH,LOW,2026-06-02,,true
13722,LOW,HIGH,LOW,2026-06-02,,true
13724,LOW,HIGH,LOW,2026-06-02,,true
13729,LOW,HIGH,LOW,2026-06-02,,true
13730,LOW,HIGH,LOW,2026-06-02,,true
13731,LOW,HIGH,LOW,2026-06-02,,true
13732,LOW,HIGH,LOW,2026-06-02,,true
13733,LOW,HIGH,LOW,2026-06-02,,true
13734,LOW,HIGH,LOW,2026-06-02,,true
13735,LOW,HIGH,LOW,2026-06-02,,true
13738,LOW,HIGH,LOW,2026-06-02,,true
13742,LOW,HIGH,LOW,2026-06-02,,true
13744,LOW,HIGH,LOW,2026-06-02,,true
13745,LOW,HIGH,LOW,2026-06-02,,true
13746,LOW,HIGH,LOW,2026-06-02,,true
13752,LOW,HIGH,LOW,2026-06-02,,true
13753,LOW,HIGH,LOW,2026-06-02,,true
13758,LOW,HIGH,LOW,2026-06-02,,true
13764,LOW,HIGH,LOW,2026-06-02,,true
13765,LOW,HIGH,LOW,2026-06-02,,true
13775,LOW,HIGH,LOW,2026-06-02,,true
13778,LOW,HIGH,LOW,2026-06-02,,true
13784,LOW,HIGH,LOW,2026-06-02,,true
13787,LOW,HIGH,LOW,2026-06-02,,true
13793,LOW,HIGH,LOW,2026-06-02,,true
13794,LOW,HIGH,LOW,2026-06-02,,true
13798,LOW,HIGH,LOW,2026-06-02,,true
13811,LOW,LOW,LOW,2026-06-02,,true
13813,LOW,HIGH,LOW,2026-06-02,,true
13823,LOW,HIGH,LOW,2026-06-02,,true
13826,LOW,HIGH,LOW,2026-06-02,,true
13832,LOW,HIGH,LOW,2026-06-02,,true
13833,LOW,HIGH,LOW,2026-06-02,,true
13836,LOW,HIGH,LOW,2026-06-02,,true
13849,LOW,LOW,LOW,2026-06-02,,true
13850,LOW,LOW,LOW,2026-06-02,,true
13853,LOW,LOW,LOW,2026-06-02,,true
13854,LOW,LOW,LOW,2026-06-02,,true
13857,LOW,LOW,LOW,2026-06-02,,true
13866,LOW,LOW,LOW,2026-06-02,,true
13875,LOW,LOW,LOW,2026-06-02,,true
13876,LOW,LOW,LOW,2026-06-02,,true
13894,LOW,LOW,LOW,2026-06-02,,true
13900,LOW,LOW,LOW,2026-06-02,,true
13903,LOW,LOW,LOW,2026-06-02,,true
13904,LOW,LOW,LOW,2026-06-02,,true
13913,LOW,LOW,LOW,2026-06-02,,true
13914,LOW,LOW,LOW,2026-06-02,,true
13922,LOW,LOW,LOW,2026-06-02,,true
13927,LOW,LOW,LOW,2026-06-02,,true
13928,LOW,LOW,LOW,2026-06-02,,true
13930,LOW,LOW,LOW,2026-06-02,,true
13931,LOW,LOW,LOW,2026-06-02,,true
13936,LOW,LOW,LOW,2026-06-02,,true
13937,LOW,LOW,LOW,2026-06-02,,true
13941,LOW,LOW,LOW,2026-06-02,,true
13945,LOW,LOW,LOW,2026-06-02,,true
13949,LOW,LOW,LOW,2026-06-02,,true
13950,LOW,LOW,LOW,2026-06-02,,true
13951,LOW,LOW,LOW,2026-06-02,,true
13953,LOW,LOW,LOW,2026-06-02,,true
13955,LOW,LOW,LOW,2026-06-02,,true
13957,LOW,LOW,LOW,2026-06-02,,true
13971,LOW,LOW,LOW,2026-06-02,,true
13974,LOW,LOW,LOW,2026-06-02,,true
13975,LOW,LOW,LOW,2026-06-02,,true
13977,LOW,LOW,LOW,2026-06-02,,true
13979,LOW,LOW,LOW,2026-06-02,,true
13982,LOW,LOW,LOW,2026-06-02,,true
13985,LOW,LOW,LOW,2026-06-02,,true
13992,LOW,LOW,LOW,2026-06-02,,true
13993,LOW,LOW,LOW,2026-06-02,,true
13995,LOW,LOW,LOW,2026-06-02,,true
13998,LOW,LOW,LOW,2026-06-02,,true
13999,LOW,LOW,LOW,2026-06-02,,true
14026,LOW,HIGH,LOW,2026-06-02,,true
14027,LOW,HIGH,LOW,2026-06-02,,true
14029,LOW,HIGH,LOW,2026-06-02,,true
14030,LOW,HIGH,LOW,2026-06-02,,true
14033,LOW,HIGH,LOW,2026-06-02,,true
14034,LOW,HIGH,LOW,2026-06-02,,true
14036,LOW,HIGH,LOW,2026-06-02,,true
14044,LOW,HIGH,LOW,2026-06-02,,true
14046,LOW,HIGH,LOW,2026-06-02,,true
14049,LOW,HIGH,LOW,2026-06-02,,true
14057,LOW,HIGH,LOW,2026-06-02,,true
14070,LOW,LOW,LOW,2026-06-02,,true
14071,LOW,LOW,LOW,2026-06-02,,true
14072,LOW,LOW,LOW,2026-06-02,,true
14077,LOW,LOW,LOW,2026-06-02,,true
14079,LOW,LOW,LOW,2026-06-02,,true
14080,LOW,LOW,LOW,2026-06-02,,true
14081,LOW,LOW,LOW,2026-06-02,,true
14084,LOW,LOW,LOW,2026-06-02,,true
14087,LOW,LOW,LOW,2026-06-02,,true
14090,LOW,LOW,LOW,2026-06-02,,true
14093,LOW,LOW,LOW,2026-06-02,,true
14094,LOW,LOW,LOW,2026-06-02,,true
14108,LOW,LOW,LOW,2026-06-02,,true
14110,LOW,LOW,LOW,2026-06-02,,true
14112,LOW,LOW,LOW,2026-06-02,,true
14118,LOW,LOW,LOW,2026-06-02,,true
14123,LOW,LOW,LOW,2026-06-02,,true
14128,LOW,LOW,LOW,2026-06-02,,true
14129,LOW,HIGH,LOW,2026-06-02,,true
14131,LOW,HIGH,LOW,2026-06-02,,true
14135,LOW,HIGH,LOW,2026-06-02,,true
14136,LOW,HIGH,LOW,2026-06-02,,true
14141,LOW,HIGH,LOW,2026-06-02,,true
14146,LOW,HIGH,LOW,2026-06-02,,true
14154,LOW,HIGH,LOW,2026-06-02,,true
14158,LOW,HIGH,LOW,2026-06-02,,true
14159,LOW,HIGH,LOW,2026-06-02,,true
14161,LOW,HIGH,LOW,2026-06-02,,true
14162,LOW,HIGH,LOW,2026-06-02,,true
14164,LOW,HIGH,LOW,2026-06-02,,true
14173,LOW,HIGH,LOW,2026-06-02,,true
14184,LOW,HIGH,LOW,2026-06-02,,true
14193,LOW,LOW,LOW,2026-06-02,,true
14194,LOW,LOW,LOW,2026-06-02,,true
14197,LOW,LOW,LOW,2026-06-02,,true
14199,LOW,LOW,LOW,2026-06-02,,true
14204,LOW,LOW,LOW,2026-06-02,,true
14206,LOW,LOW,LOW,2026-06-02,,true
14207,LOW,LOW,LOW,2026-06-02,,true
14215,LOW,LOW,LOW,2026-06-02,,true
14220,LOW,LOW,LOW,2026-06-02,,true
14225,LOW,LOW,LOW,2026-06-02,,true
14226,LOW,LOW,LOW,2026-06-02,,true
14229,LOW,LOW,LOW,2026-06-02,,true
14235,LOW,LOW,LOW,2026-06-02,,true
14241,LOW,LOW,LOW,2026-06-02,,true
14245,LOW,LOW,LOW,2026-06-02,,true
14247,LOW,LOW,LOW,2026-06-02,,true
14250,LOW,LOW,LOW,2026-06-02,,true
14251,LOW,LOW,LOW,2026-06-02,,true
14255,LOW,LOW,LOW,2026-06-02,,true
14260,LOW,LOW,LOW,2026-06-02,,true
14261,LOW,LOW,LOW,2026-06-02,,true
14262,LOW,LOW,LOW,2026-06-02,,true
14264,LOW,LOW,LOW,2026-06-02,,true
14266,LOW,LOW,LOW,2026-06-02,,true
14267,LOW,LOW,LOW,2026-06-02,,true
14269,LOW,HIGH,LOW,2026-06-02,,true
14273,LOW,HIGH,LOW,2026-06-02,,true
14276,LOW,HIGH,LOW,2026-06-02,,true
14278,LOW,HIGH,LOW,2026-06-02,,true
14279,LOW,HIGH,LOW,2026-06-02,,true
14282,LOW,HIGH,LOW,2026-06-02,,true
14285,LOW,HIGH,LOW,2026-06-02,,true
14288,LOW,HIGH,LOW,2026-06-02,,true
14291,LOW,HIGH,LOW,2026-06-02,,true
14292,LOW,HIGH,LOW,2026-06-02,,true
14297,LOW,HIGH,LOW,2026-06-02,,true
14298,LOW,HIGH,LOW,2026-06-02,,true
14302,LOW,HIGH,LOW,2026-06-02,,true
14309,LOW,HIGH,LOW,2026-06-02,,true
14312,LOW,HIGH,LOW,2026-06-02,,true
14321,LOW,HIGH,LOW,2026-06-02,,true
14324,LOW,HIGH,LOW,2026-06-02,,true
14326,LOW,HIGH,LOW,2026-06-02,,true
14329,LOW,HIGH,LOW,2026-06-02,,true
14331,LOW,HIGH,LOW,2026-06-02,,true
14333,LOW,HIGH,LOW,2026-06-02,,true
14337,LOW,HIGH,LOW,2026-06-02,,true
14338,LOW,HIGH,LOW,2026-06-02,,true
14346,LOW,HIGH,LOW,2026-06-02,,true
14347,LOW,HIGH,LOW,2026-06-02,,true
14348,LOW,HIGH,LOW,2026-06-02,,true
14349,LOW,HIGH,LOW,2026-06-02,,true
14352,LOW,HIGH,LOW,2026-06-02,,true
14355,LOW,HIGH,LOW,2026-06-02,,true
14359,LOW,HIGH,LOW,2026-06-02,,true
14362,LOW,HIGH,LOW,2026-06-02,,true
14363,LOW,HIGH,LOW,2026-06-02,,true
14367,LOW,HIGH,LOW,2026-06-02,,true
14369,LOW,HIGH,LOW,2026-06-02,,true
14372,LOW,HIGH,LOW,2026-06-02,,true
14374,LOW,HIGH,LOW,2026-06-02,,true
14378,LOW,HIGH,LOW,2026-06-02,,true
14384,LOW,HIGH,LOW,2026-06-02,,true
14386,LOW,HIGH,LOW,2026-06-02,,true
14388,LOW,HIGH,LOW,2026-06-02,,true
14396,LOW,LOW,LOW,2026-06-02,,true
14399,LOW,LOW,LOW,2026-06-02,,true
14400,LOW,LOW,LOW,2026-06-02,,true
14403,LOW,LOW,LOW,2026-06-02,,true
14405,LOW,LOW,LOW,2026-06-02,,true
14414,LOW,LOW,LOW,2026-06-02,,true
14422,LOW,LOW,LOW,2026-06-02,,true
14423,LOW,LOW,LOW,2026-06-02,,true
14426,LOW,LOW,LOW,2026-06-02,,true
14427,LOW,LOW,LOW,2026-06-02,,true
14434,LOW,LOW,LOW,2026-06-02,,true
14438,LOW,LOW,LOW,2026-06-02,,true
14443,LOW,LOW,LOW,2026-06-02,,true
14445,LOW,LOW,LOW,2026-06-02,,true
14447,LOW,LOW,LOW,2026-06-02,,true
14448,LOW,LOW,LOW,2026-06-02,,true
14455,LOW,LOW,LOW,2026-06-02,,true
14459,LOW,LOW,LOW,2026-06-02,,true
14461,LOW,LOW,LOW,2026-06-02,,true
14464,LOW,LOW,LOW,2026-06-02,,true
14468,LOW,LOW,LOW,2026-06-02,,true
14480,LOW,LOW,LOW,2026-06-02,,true
14481,LOW,LOW,LOW,2026-06-02,,true
14487,LOW,LOW,LOW,2026-06-02,,true
14490,LOW,LOW,LOW,2026-06-02,,true
14491,LOW,LOW,LOW,2026-06-02,,true
14492,LOW,LOW,LOW,2026-06-02,,true
14495,LOW,LOW,LOW,2026-06-02,,true
14498,LOW,LOW,LOW,2026-06-02,,true
14503,LOW,LOW,LOW,2026-06-02,,true
14504,LOW,LOW,LOW,2026-06-02,,true
14506,LOW,LOW,LOW,2026-06-02,,true
14509,LOW,LOW,LOW,2026-06-02,,true
14510,LOW,LOW,LOW,2026-06-02,,true
14519,LOW,LOW,LOW,2026-06-02,,true
14522,LOW,LOW,LOW,2026-06-02,,true
14523,LOW,LOW,LOW,2026-06-02,,true
14526,LOW,LOW,LOW,2026-06-02,,true
14532,LOW,LOW,LOW,2026-06-02,,true
14533,LOW,LOW,LOW,2026-06-02,,true
14535,LOW,LOW,LOW,2026-06-02,,true
14538,LOW,LOW,LOW,2026-06-02,,true
14542,LOW,LOW,LOW,2026-06-02,,true
14543,LOW,LOW,LOW,2026-06-02,,true
14555,LOW,LOW,LOW,2026-06-02,,true
14559,LOW,LOW,LOW,2026-06-02,,true
14570,LOW,LOW,LOW,2026-06-02,,true
14571,LOW,LOW,LOW,2026-06-02,,true
14582,LOW,LOW,LOW,2026-06-02,,true
14588,LOW,LOW,LOW,2026-06-02,,true
14589,LOW,LOW,LOW,2026-06-02,,true
14590,LOW,LOW,LOW,2026-06-02,,true
14593,LOW,LOW,LOW,2026-06-02,,true
14605,LOW,LOW,LOW,2026-06-02,,true
14607,LOW,LOW,LOW,2026-06-02,,true
14609,LOW,LOW,LOW,2026-06-02,,true
14611,LOW,LOW,LOW,2026-06-02,,true
14617,LOW,LOW,LOW,2026-06-02,,true
14618,LOW,LOW,LOW,2026-06-02,,true
14626,LOW,LOW,LOW,2026-06-02,,true
14628,LOW,LOW,LOW,2026-06-02,,true
14629,LOW,LOW,LOW,2026-06-02,,true
14637,LOW,LOW,LOW,2026-06-02,,true
14641,LOW,HIGH,LOW,2026-06-02,,true
14642,LOW,HIGH,LOW,2026-06-02,,true
14653,LOW,HIGH,LOW,2026-06-02,,true
14657,LOW,HIGH,LOW,2026-06-02,,true
14663,LOW,HIGH,HIGH,2026-06-02,,true
14666,LOW,HIGH,HIGH,2026-06-02,,true
14668,LOW,HIGH,HIGH,2026-06-02,,true
14678,LOW,HIGH,HIGH,2026-06-02,,true
14687,HIGH,LOW,HIGH,2026-06-02,,true
14690,HIGH,LOW,HIGH,2026-06-02,,true
14692,HIGH,LOW,HIGH,2026-06-02,,true
14698,HIGH,LOW,HIGH,2026-06-02,,true
14699,HIGH,LOW,HIGH,2026-06-02,,true
14703,LOW,LOW,LOW,2026-06-02,,true
14709,LOW,LOW,LOW,2026-06-02,,true
14717,LOW,LOW,LOW,2026-06-02,,true
14718,LOW,LOW,LOW,2026-06-02,,true
14719,LOW,LOW,LOW,2026-06-02,,true
14722,LOW,LOW,LOW,2026-06-02,,true
14727,LOW,LOW,LOW,2026-06-02,,true
14734,LOW,LOW,LOW,2026-06-02,,true
14736,LOW,LOW,LOW,2026-06-02,,true
14737,LOW,LOW,LOW,2026-06-02,,true
14741,LOW,LOW,LOW,2026-06-02,,true
14742,LOW,LOW,LOW,2026-06-02,,true
14747,LOW,LOW,LOW,2026-06-02,,true
14751,LOW,LOW,LOW,2026-06-02,,true
14754,LOW,LOW,LOW,2026-06-02,,true
14758,LOW,LOW,LOW,2026-06-02,,true
14762,LOW,LOW,LOW,2026-06-02,,true
14763,LOW,LOW,LOW,2026-06-02,,true
14764,LOW,LOW,LOW,2026-06-02,,true
14765,LOW,LOW,LOW,2026-06-02,,true
14766,LOW,HIGH,LOW,2026-06-02,,true
14774,LOW,HIGH,LOW,2026-06-02,,true
14776,LOW,HIGH,LOW,2026-06-02,,true
14792,LOW,HIGH,LOW,2026-06-02,,true
14793,LOW,HIGH,LOW,2026-06-02,,true
14794,LOW,HIGH,LOW,2026-06-02,,true
14795,LOW,HIGH,HIGH,2026-06-02,,true
14798,LOW,HIGH,LOW,2026-06-02,,true
14805,LOW,HIGH,LOW,2026-06-02,,true
14806,LOW,HIGH,LOW,2026-06-02,,true
14814,LOW,HIGH,LOW,2026-06-02,,true
14817,LOW,HIGH,LOW,2026-06-02,,true
14818,LOW,HIGH,LOW,2026-06-02,,true
14823,LOW,HIGH,HIGH,2026-06-02,,true
14828,LOW,LOW,LOW,2026-06-02,,true
14830,LOW,LOW,LOW,2026-06-02,,true
14833,LOW,LOW,LOW,2026-06-02,,true
14841,LOW,LOW,LOW,2026-06-02,,true
14845,LOW,LOW,LOW,2026-06-02,,true
14847,LOW,LOW,LOW,2026-06-02,,true
14848,LOW,LOW,LOW,2026-06-02,,true
14853,LOW,LOW,LOW,2026-06-02,,true
14857,LOW,LOW,LOW,2026-06-02,,true
14868,LOW,LOW,LOW,2026-06-02,,true
14870,LOW,LOW,LOW,2026-06-02,,true
14874,LOW,LOW,LOW,2026-06-02,,true
14877,LOW,LOW,LOW,2026-06-02,,true
14884,LOW,LOW,LOW,2026-06-02,,true
14885,LOW,LOW,LOW,2026-06-02,,true
14886,LOW,LOW,LOW,2026-06-02,,true
14892,LOW,LOW,LOW,2026-06-02,,true
14894,LOW,LOW,LOW,2026-06-02,,true
14908,LOW,LOW,LOW,2026-06-02,,true
14909,LOW,LOW,LOW,2026-06-02,,true
14916,LOW,LOW,LOW,2026-06-02,,true
14923,LOW,LOW,LOW,2026-06-02,,true
14927,LOW,LOW,LOW,2026-06-02,,true
14929,LOW,LOW,LOW,2026-06-02,,true
14932,LOW,LOW,LOW,2026-06-02,,true
14934,LOW,LOW,LOW,2026-06-02,,true
14935,LOW,LOW,LOW,2026-06-02,,true
14938,LOW,LOW,LOW,2026-06-02,,true
14945,LOW,LOW,LOW,2026-06-02,,true
14957,LOW,LOW,LOW,2026-06-02,,true
14960,LOW,LOW,LOW,2026-06-02,,true
14962,LOW,LOW,LOW,2026-06-02,,true
14963,LOW,LOW,LOW,2026-06-02,,true
14969,LOW,LOW,LOW,2026-06-02,,true
14975,LOW,LOW,LOW,2026-06-02,,true
14977,LOW,LOW,LOW,2026-06-02,,true
14980,LOW,LOW,LOW,2026-06-02,,true
14984,LOW,LOW,LOW,2026-06-02,,true
15000,LOW,LOW,LOW,2026-06-02,,true
15005,LOW,LOW,LOW,2026-06-02,,true
15009,LOW,LOW,LOW,2026-06-02,,true
15011,LOW,LOW,LOW,2026-06-02,,true
15015,LOW,LOW,LOW,2026-06-02,,true
15018,LOW,HIGH,LOW,2026-06-02,,true
15023,LOW,HIGH,LOW,2026-06-02,,true
15031,LOW,HIGH,LOW,2026-06-02,,true
15043,LOW,HIGH,LOW,2026-06-02,,true
15047,LOW,HIGH,LOW,2026-06-02,,true
15049,LOW,HIGH,LOW,2026-06-02,,true
15050,LOW,HIGH,LOW,2026-06-02,,true
15054,LOW,HIGH,LOW,2026-06-02,,true
15055,LOW,HIGH,LOW,2026-06-02,,true
15057,LOW,HIGH,LOW,2026-06-02,,true
15058,LOW,HIGH,LOW,2026-06-02,,true
15059,LOW,HIGH,LOW,2026-06-02,,true
15061,LOW,HIGH,LOW,2026-06-02,,true
15065,LOW,HIGH,LOW,2026-06-02,,true
15067,LOW,HIGH,LOW,2026-06-02,,true
15069,LOW,HIGH,LOW,2026-06-02,,true
15071,LOW,HIGH,LOW,2026-06-02,,true
15075,LOW,HIGH,LOW,2026-06-02,,true
15077,LOW,LOW,LOW,2026-06-02,,true
15082,LOW,LOW,LOW,2026-06-02,,true
15083,LOW,LOW,LOW,2026-06-02,,true
15084,LOW,LOW,LOW,2026-06-02,,true
15087,LOW,LOW,LOW,2026-06-02,,true
15088,LOW,LOW,LOW,2026-06-02,,true
15091,LOW,LOW,LOW,2026-06-02,,true
15097,LOW,LOW,LOW,2026-06-02,,true
15098,LOW,LOW,LOW,2026-06-02,,true
15099,LOW,LOW,LOW,2026-06-02,,true
15111,LOW,LOW,LOW,2026-06-02,,true
15113,LOW,LOW,LOW,2026-06-02,,true
15119,LOW,LOW,LOW,2026-06-02,,true
15120,LOW,LOW,LOW,2026-06-02,,true
15128,LOW,LOW,LOW,2026-06-02,,true
15131,LOW,LOW,LOW,2026-06-02,,true
15141,LOW,LOW,LOW,2026-06-02,,true
15150,LOW,LOW,LOW,2026-06-02,,true
15151,LOW,LOW,LOW,2026-06-02,,true
15157,LOW,LOW,LOW,2026-06-02,,true
15158,LOW,LOW,LOW,2026-06-02,,true
15160,LOW,LOW,LOW,2026-06-02,,true
15168,LOW,LOW,LOW,2026-06-02,,true
15169,LOW,LOW,LOW,2026-06-02,,true
15173,LOW,LOW,LOW,2026-06-02,,true
15181,LOW,LOW,LOW,2026-06-02,,true
15183,LOW,LOW,LOW,2026-06-02,,true
15188,LOW,LOW,LOW,2026-06-02,,true
15190,LOW,LOW,LOW,2026-06-02,,true
15194,LOW,LOW,LOW,2026-06-02,,true
15200,LOW,LOW,LOW,2026-06-02,,true
15205,LOW,LOW,LOW,2026-06-02,,true
15209,LOW,LOW,LOW,2026-06-02,,true
15214,LOW,LOW,LOW,2026-06-02,,true
15218,LOW,LOW,LOW,2026-06-02,,true
15219,LOW,LOW,LOW,2026-06-02,,true
15225,LOW,LOW,LOW,2026-06-02,,true
15229,LOW,LOW,LOW,2026-06-02,,true
15232,LOW,LOW,LOW,2026-06-02,,true
15234,LOW,LOW,LOW,2026-06-02,,true
15242,LOW,LOW,LOW,2026-06-02,,true
15243,LOW,LOW,LOW,2026-06-02,,true
15248,LOW,LOW,LOW,2026-06-02,,true
15254,LOW,LOW,LOW,2026-06-02,,true
15258,LOW,LOW,LOW,2026-06-02,,true
15267,LOW,LOW,LOW,2026-06-02,,true
15268,LOW,LOW,LOW,2026-06-02,,true
15270,LOW,LOW,LOW,2026-06-02,,true
15274,LOW,LOW,LOW,2026-06-02,,true
15278,LOW,LOW,LOW,2026-06-02,,true
15279,LOW,LOW,LOW,2026-06-02,,true
15283,LOW,LOW,LOW,2026-06-02,,true
15285,LOW,LOW,LOW,2026-06-02,,true
15297,LOW,LOW,LOW,2026-06-02,,true
15298,LOW,LOW,LOW,2026-06-02,,true
15303,LOW,HIGH,LOW,2026-06-02,,true
15305,LOW,HIGH,LOW,2026-06-02,,true
15306,LOW,HIGH,LOW,2026-06-02,,true
15313,LOW,HIGH,LOW,2026-06-02,,true
15318,LOW,HIGH,LOW,2026-06-02,,true
15321,LOW,HIGH,LOW,2026-06-02,,true
15326,LOW,HIGH,LOW,2026-06-02,,true
15328,LOW,HIGH,LOW,2026-06-02,,true
15329,LOW,HIGH,LOW,2026-06-02,,true
15339,LOW,HIGH,LOW,2026-06-02,,true
15341,LOW,HIGH,LOW,2026-06-02,,true
15344,LOW,HIGH,LOW,2026-06-02,,true
15348,LOW,HIGH,LOW,2026-06-02,,true
15349,LOW,HIGH,LOW,2026-06-02,,true
15352,LOW,HIGH,LOW,2026-06-02,,true
15354,LOW,HIGH,LOW,2026-06-02,,true
15355,LOW,HIGH,LOW,2026-06-02,,true
15357,LOW,HIGH,LOW,2026-06-02,,true
15362,LOW,LOW,LOW,2026-06-02,,true
15364,LOW,LOW,LOW,2026-06-02,,true
15372,LOW,LOW,LOW,2026-06-02,,true
15375,LOW,LOW,LOW,2026-06-02,,true
15377,LOW,LOW,LOW,2026-06-02,,true
15381,LOW,LOW,LOW,2026-06-02,,true
15385,LOW,LOW,LOW,2026-06-02,,true
15386,LOW,LOW,LOW,2026-06-02,,true
15391,LOW,LOW,LOW,2026-06-02,,true
15399,LOW,LOW,LOW,2026-06-02,,true
15404,LOW,LOW,LOW,2026-06-02,,true
15408,LOW,LOW,LOW,2026-06-02,,true
15415,LOW,LOW,LOW,2026-06-02,,true
15419,LOW,LOW,LOW,2026-06-02,,true
15430,LOW,LOW,LOW,2026-06-02,,true
15431,LOW,LOW,LOW,2026-06-02,,true
15437,LOW,LOW,LOW,2026-06-02,,true
15438,LOW,LOW,LOW,2026-06-02,,true
15441,LOW,LOW,LOW,2026-06-02,,true
15442,LOW,LOW,LOW,2026-06-02,,true
15443,LOW,LOW,LOW,2026-06-02,,true
15449,LOW,LOW,LOW,2026-06-02,,true
15451,LOW,LOW,LOW,2026-06-02,,true
15454,LOW,LOW,LOW,2026-06-02,,true
15457,LOW,LOW,LOW,2026-06-02,,true
15459,LOW,LOW,LOW,2026-06-02,,true
15460,LOW,LOW,LOW,2026-06-02,,true
15466,LOW,LOW,LOW,2026-06-02,,true
15469,LOW,LOW,LOW,2026-06-02,,true
15470,LOW,LOW,LOW,2026-06-02,,true
15472,LOW,LOW,LOW,2026-06-02,,true
15474,LOW,LOW,LOW,2026-06-02,,true
15476,LOW,LOW,LOW,2026-06-02,,true
15478,LOW,LOW,LOW,2026-06-02,,true
15479,LOW,LOW,LOW,2026-06-02,,true
15481,LOW,LOW,LOW,2026-06-02,,true
15483,LOW,LOW,LOW,2026-06-02,,true
15485,LOW,LOW,LOW,2026-06-02,,true
15487,LOW,LOW,LOW,2026-06-02,,true
15488,LOW,LOW,LOW,2026-06-02,,true
15489,LOW,LOW,LOW,2026-06-02,,true
15491,LOW,LOW,LOW,2026-06-02,,true
15493,LOW,LOW,LOW,2026-06-02,,true
15500,LOW,LOW,LOW,2026-06-02,,true
15507,LOW,LOW,LOW,2026-06-02,,true
15508,LOW,LOW,LOW,2026-06-02,,true
15513,LOW,LOW,LOW,2026-06-02,,true
15515,LOW,LOW,LOW,2026-06-02,,true
15520,LOW,HIGH,LOW,2026-06-02,,true
15529,LOW,HIGH,LOW,2026-06-02,,true
15531,LOW,HIGH,LOW,2026-06-02,,true
15539,LOW,HIGH,LOW,2026-06-02,,true
15547,LOW,HIGH,LOW,2026-06-02,,true
15567,LOW,HIGH,LOW,2026-06-02,,true
15574,LOW,HIGH,LOW,2026-06-02,,true
15576,LOW,HIGH,LOW,2026-06-02,,true
15591,LOW,LOW,LOW,2026-06-02,,true
15595,LOW,LOW,LOW,2026-06-02,,true
15598,LOW,LOW,LOW,2026-06-02,,true
15606,LOW,LOW,LOW,2026-06-02,,true
15609,LOW,LOW,LOW,2026-06-02,,true
15611,LOW,LOW,LOW,2026-06-02,,true
15612,LOW,LOW,LOW,2026-06-02,,true
15615,LOW,LOW,LOW,2026-06-02,,true
15616,LOW,LOW,LOW,2026-06-02,,true
15617,LOW,LOW,LOW,2026-06-02,,true
15618,LOW,LOW,LOW,2026-06-02,,true
15619,LOW,LOW,LOW,2026-06-02,,true
15623,LOW,LOW,LOW,2026-06-02,,true
15633,LOW,LOW,LOW,2026-06-02,,true
15635,LOW,LOW,LOW,2026-06-02,,true
15640,LOW,LOW,LOW,2026-06-02,,true
15642,LOW,LOW,LOW,2026-06-02,,true
15644,LOW,LOW,LOW,2026-06-02,,true
15648,LOW,LOW,LOW,2026-06-02,,true
15670,LOW,LOW,LOW,2026-06-02,,true
15673,LOW,LOW,LOW,2026-06-02,,true
15674,LOW,LOW,LOW,2026-06-02,,true
15677,LOW,LOW,LOW,2026-06-02,,true
15680,LOW,LOW,LOW,2026-06-02,,true
15688,LOW,LOW,LOW,2026-06-02,,true
15690,LOW,LOW,LOW,2026-06-02,,true
15695,LOW,LOW,LOW,2026-06-02,,true
15696,LOW,LOW,LOW,2026-06-02,,true
15700,LOW,LOW,LOW,2026-06-02,,true
15701,LOW,LOW,LOW,2026-06-02,,true
15702,LOW,LOW,LOW,2026-06-02,,true
15709,LOW,LOW,LOW,2026-06-02,,true
15710,LOW,LOW,LOW,2026-06-02,,true
15711,LOW,LOW,LOW,2026-06-02,,true
15720,LOW,LOW,LOW,2026-06-02,,true
15727,LOW,LOW,LOW,2026-06-02,,true
15730,LOW,LOW,LOW,2026-06-02,,true
15734,LOW,LOW,LOW,2026-06-02,,true
15735,LOW,LOW,LOW,2026-06-02,,true
15737,LOW,LOW,LOW,2026-06-02,,true
15739,LOW,LOW,LOW,2026-06-02,,true
15761,LOW,LOW,LOW,2026-06-02,,true
15768,LOW,LOW,LOW,2026-06-02,,true
15773,LOW,HIGH,LOW,2026-06-02,,true
15775,LOW,HIGH,LOW,2026-06-02,,true
15780,LOW,HIGH,LOW,2026-06-02,,true
15782,LOW,HIGH,LOW,2026-06-02,,true
15784,LOW,HIGH,LOW,2026-06-02,,true
15785,LOW,HIGH,LOW,2026-06-02,,true
15790,LOW,HIGH,LOW,2026-06-02,,true
15793,LOW,HIGH,LOW,2026-06-02,,true
15794,LOW,HIGH,LOW,2026-06-02,,true
15799,LOW,HIGH,LOW,2026-06-02,,true
15800,LOW,HIGH,LOW,2026-06-02,,true
15808,LOW,HIGH,LOW,2026-06-02,,true
15809,LOW,HIGH,LOW,2026-06-02,,true
15811,LOW,HIGH,LOW,2026-06-02,,true
15813,LOW,HIGH,LOW,2026-06-02,,true
15814,LOW,HIGH,LOW,2026-06-02,,true
15832,LOW,HIGH,LOW,2026-06-02,,true
15839,LOW,HIGH,LOW,2026-06-02,,true
15841,LOW,HIGH,LOW,2026-06-02,,true
15844,LOW,HIGH,LOW,2026-06-02,,true
15846,LOW,HIGH,LOW,2026-06-02,,true
15848,LOW,HIGH,LOW,2026-06-02,,true
15855,LOW,HIGH,LOW,2026-06-02,,true
15856,LOW,HIGH,LOW,2026-06-02,,true
15857,LOW,HIGH,LOW,2026-06-02,,true
15859,LOW,HIGH,LOW,2026-06-02,,true
15860,LOW,HIGH,LOW,2026-06-02,,true
15861,LOW,HIGH,LOW,2026-06-02,,true
15862,LOW,HIGH,LOW,2026-06-02,,true
15871,LOW,LOW,LOW,2026-06-02,,true
15876,LOW,LOW,LOW,2026-06-02,,true
15880,LOW,LOW,LOW,2026-06-02,,true
15881,LOW,LOW,LOW,2026-06-02,,true
15889,LOW,LOW,LOW,2026-06-02,,true
15890,LOW,LOW,LOW,2026-06-02,,true
15895,LOW,LOW,LOW,2026-06-02,,true
15896,LOW,LOW,LOW,2026-06-02,,true
15897,LOW,LOW,LOW,2026-06-02,,true
15899,LOW,LOW,LOW,2026-06-02,,true
15901,LOW,LOW,LOW,2026-06-02,,true
15902,LOW,LOW,LOW,2026-06-02,,true
15921,LOW,LOW,LOW,2026-06-02,,true
15922,LOW,LOW,LOW,2026-06-02,,true
15927,LOW,LOW,LOW,2026-06-02,,true
15932,LOW,LOW,LOW,2026-06-02,,true
15937,LOW,LOW,LOW,2026-06-02,,true
15938,LOW,LOW,LOW,2026-06-02,,true
15941,LOW,LOW,LOW,2026-06-02,,true
15950,LOW,LOW,LOW,2026-06-02,,true
15951,LOW,LOW,LOW,2026-06-02,,true
15953,LOW,LOW,LOW,2026-06-02,,true
15956,LOW,LOW,LOW,2026-06-02,,true
15957,LOW,LOW,LOW,2026-06-02,,true
15963,LOW,LOW,LOW,2026-06-02,,true
15966,LOW,LOW,LOW,2026-06-02,,true
15968,LOW,LOW,LOW,2026-06-02,,true
15978,LOW,LOW,LOW,2026-06-02,,true
15981,LOW,LOW,LOW,2026-06-02,,true
15990,LOW,LOW,LOW,2026-06-02,,true
15991,LOW,LOW,LOW,2026-06-02,,true
15996,LOW,LOW,LOW,2026-06-02,,true
15997,LOW,LOW,LOW,2026-06-02,,true
15998,LOW,LOW,LOW,2026-06-02,,true
15999,LOW,LOW,LOW,2026-06-02,,true
16004,LOW,LOW,LOW,2026-06-02,,true
16005,LOW,LOW,LOW,2026-06-02,,true
16007,LOW,LOW,LOW,2026-06-02,,true
16009,LOW,LOW,LOW,2026-06-02,,true
16014,LOW,LOW,LOW,2026-06-02,,true
16016,LOW,LOW,LOW,2026-06-02,,true
16020,LOW,LOW,LOW,2026-06-02,,true
16022,LOW,LOW,LOW,2026-06-02,,true
16023,LOW,LOW,LOW,2026-06-02,,true
16028,LOW,LOW,LOW,2026-06-02,,true
16033,LOW,LOW,LOW,2026-06-02,,true
16034,LOW,LOW,LOW,2026-06-02,,true
16035,LOW,LOW,LOW,2026-06-02,,true
16037,LOW,LOW,LOW,2026-06-02,,true
16038,LOW,LOW,LOW,2026-06-02,,true
16039,LOW,LOW,LOW,2026-06-02,,true
16040,LOW,LOW,LOW,2026-06-02,,true
16043,LOW,LOW,LOW,2026-06-02,,true
16050,LOW,LOW,LOW,2026-06-02,,true
16051,LOW,LOW,LOW,2026-06-02,,true
16052,LOW,LOW,LOW,2026-06-02,,true
16056,LOW,LOW,LOW,2026-06-02,,true
16058,LOW,LOW,LOW,2026-06-02,,true
16065,LOW,LOW,LOW,2026-06-02,,true
16070,LOW,LOW,LOW,2026-06-02,,true
16073,LOW,LOW,LOW,2026-06-02,,true
16074,LOW,LOW,LOW,2026-06-02,,true
16082,LOW,LOW,LOW,2026-06-02,,true
16084,LOW,HIGH,LOW,2026-06-02,,true
16086,LOW,HIGH,LOW,2026-06-02,,true
16089,LOW,HIGH,LOW,2026-06-02,,true
16090,LOW,HIGH,LOW,2026-06-02,,true
16094,LOW,HIGH,LOW,2026-06-02,,true
16096,LOW,HIGH,LOW,2026-06-02,,true
16099,LOW,HIGH,LOW,2026-06-02,,true
16104,LOW,HIGH,LOW,2026-06-02,,true
16105,LOW,HIGH,LOW,2026-06-02,,true
16113,LOW,HIGH,LOW,2026-06-02,,true
16127,LOW,LOW,LOW,2026-06-02,,true
16139,LOW,LOW,LOW,2026-06-02,,true
16143,LOW,LOW,LOW,2026-06-02,,true
16144,LOW,LOW,LOW,2026-06-02,,true
16145,LOW,LOW,LOW,2026-06-02,,true
16178,LOW,LOW,LOW,2026-06-02,,true
16186,LOW,LOW,LOW,2026-06-02,,true
16187,LOW,LOW,LOW,2026-06-02,,true
16188,LOW,LOW,LOW,2026-06-02,,true
16189,LOW,HIGH,LOW,2026-06-02,,true
16190,LOW,HIGH,LOW,2026-06-02,,true
16193,LOW,HIGH,LOW,2026-06-02,,true
16199,LOW,HIGH,LOW,2026-06-02,,true
16200,LOW,HIGH,LOW,2026-06-02,,true
16202,LOW,HIGH,LOW,2026-06-02,,true
16205,LOW,HIGH,LOW,2026-06-02,,true
16215,LOW,HIGH,LOW,2026-06-02,,true
16217,LOW,HIGH,LOW,2026-06-02,,true
16220,LOW,HIGH,LOW,2026-06-02,,true
16221,LOW,HIGH,LOW,2026-06-02,,true
16222,LOW,HIGH,LOW,2026-06-02,,true
16223,LOW,HIGH,LOW,2026-06-02,,true
16232,LOW,HIGH,LOW,2026-06-02,,true
16236,LOW,HIGH,LOW,2026-06-02,,true
16240,LOW,HIGH,LOW,2026-06-02,,true
16245,LOW,HIGH,LOW,2026-06-02,,true
16250,LOW,LOW,LOW,2026-06-02,,true
16255,LOW,LOW,LOW,2026-06-02,,true
16256,LOW,LOW,LOW,2026-06-02,,true
16257,LOW,LOW,LOW,2026-06-02,,true
16259,LOW,LOW,LOW,2026-06-02,,true
16272,LOW,LOW,LOW,2026-06-02,,true
16273,LOW,LOW,LOW,2026-06-02,,true
16274,LOW,LOW,LOW,2026-06-02,,true
16278,LOW,LOW,LOW,2026-06-02,,true
16280,LOW,LOW,LOW,2026-06-02,,true
16282,LOW,LOW,LOW,2026-06-02,,true
16283,LOW,LOW,LOW,2026-06-02,,true
16284,LOW,LOW,LOW,2026-06-02,,true
16287,LOW,LOW,LOW,2026-06-02,,true
16289,LOW,LOW,LOW,2026-06-02,,true
16296,LOW,LOW,LOW,2026-06-02,,true
16297,LOW,LOW,LOW,2026-06-02,,true
16300,LOW,LOW,LOW,2026-06-02,,true
16306,LOW,LOW,LOW,2026-06-02,,true
16308,LOW,LOW,LOW,2026-06-02,,true
16313,LOW,LOW,LOW,2026-06-02,,true
16320,LOW,HIGH,LOW,2026-06-02,,true
16321,LOW,HIGH,LOW,2026-06-02,,true
16324,LOW,HIGH,LOW,2026-06-02,,true
16325,LOW,HIGH,LOW,2026-06-02,,true
16330,LOW,HIGH,LOW,2026-06-02,,true
16332,LOW,HIGH,LOW,2026-06-02,,true
16336,LOW,HIGH,LOW,2026-06-02,,true
16340,LOW,HIGH,LOW,2026-06-02,,true
16341,LOW,HIGH,LOW,2026-06-02,,true
16353,LOW,HIGH,LOW,2026-06-02,,true
16355,LOW,HIGH,LOW,2026-06-02,,true
16359,LOW,HIGH,LOW,2026-06-02,,true
16360,LOW,HIGH,LOW,2026-06-02,,true
16361,LOW,HIGH,LOW,2026-06-02,,true
16367,LOW,HIGH,LOW,2026-06-02,,true
16368,LOW,HIGH,LOW,2026-06-02,,true
16369,LOW,HIGH,LOW,2026-06-02,,true
16375,LOW,LOW,LOW,2026-06-02,,true
16377,LOW,LOW,LOW,2026-06-02,,true
16385,LOW,LOW,LOW,2026-06-02,,true
16386,LOW,LOW,LOW,2026-06-02,,true
16387,LOW,LOW,LOW,2026-06-02,,true
16393,LOW,LOW,LOW,2026-06-02,,true
16401,LOW,LOW,LOW,2026-06-02,,true
16402,LOW,LOW,LOW,2026-06-02,,true
16408,LOW,LOW,LOW,2026-06-02,,true
16423,LOW,LOW,LOW,2026-06-02,,true
16424,LOW,LOW,LOW,2026-06-02,,true
16427,LOW,LOW,LOW,2026-06-02,,true
16434,LOW,LOW,LOW,2026-06-02,,true
16438,LOW,LOW,LOW,2026-06-02,,true
16441,LOW,HIGH,LOW,2026-06-02,,true
16444,LOW,HIGH,LOW,2026-06-02,,true
16445,LOW,HIGH,LOW,2026-06-02,,true
16454,LOW,HIGH,LOW,2026-06-02,,true
16455,LOW,HIGH,LOW,2026-06-02,,true
16456,LOW,HIGH,LOW,2026-06-02,,true
16467,LOW,HIGH,LOW,2026-06-02,,true
16474,LOW,HIGH,LOW,2026-06-02,,true
16475,LOW,HIGH,LOW,2026-06-02,,true
16478,LOW,HIGH,LOW,2026-06-02,,true
16480,LOW,HIGH,LOW,2026-06-02,,true
16485,LOW,HIGH,LOW,2026-06-02,,true
16488,LOW,HIGH,LOW,2026-06-02,,true
16490,LOW,HIGH,LOW,2026-06-02,,true
16494,LOW,HIGH,LOW,2026-06-02,,true
16497,LOW,HIGH,LOW,2026-06-02,,true
16498,LOW,HIGH,LOW,2026-06-02,,true
16499,LOW,HIGH,LOW,2026-06-02,,true
16503,LOW,LOW,LOW,2026-06-02,,true
16507,LOW,LOW,LOW,2026-06-02,,true
16508,LOW,LOW,LOW,2026-06-02,,true
16511,LOW,LOW,LOW,2026-06-02,,true
16523,LOW,LOW,LOW,2026-06-02,,true
16528,LOW,LOW,LOW,2026-06-02,,true
16529,LOW,LOW,LOW,2026-06-02,,true
16531,LOW,LOW,LOW,2026-06-02,,true
16533,LOW,LOW,LOW,2026-06-02,,true
16534,LOW,LOW,LOW,2026-06-02,,true
16537,LOW,LOW,LOW,2026-06-02,,true
16539,LOW,LOW,LOW,2026-06-02,,true
16543,LOW,LOW,LOW,2026-06-02,,true
16547,LOW,LOW,LOW,2026-06-02,,true
16549,LOW,LOW,LOW,2026-06-02,,true
16550,LOW,LOW,LOW,2026-06-02,,true
16551,LOW,LOW,LOW,2026-06-02,,true
16552,LOW,LOW,LOW,2026-06-02,,true
16553,LOW,LOW,LOW,2026-06-02,,true
16557,LOW,LOW,LOW,2026-06-02,,true
16562,LOW,LOW,LOW,2026-06-02,,true
16564,LOW,LOW,LOW,2026-06-02,,true
16570,LOW,LOW,LOW,2026-06-02,,true
16571,LOW,LOW,LOW,2026-06-02,,true
16573,LOW,LOW,LOW,2026-06-02,,true
16575,LOW,LOW,LOW,2026-06-02,,true
16576,LOW,LOW,LOW,2026-06-02,,true
16578,LOW,LOW,LOW,2026-06-02,,true
16590,LOW,LOW,LOW,2026-06-02,,true
16591,LOW,HIGH,LOW,2026-06-02,,true
16592,LOW,HIGH,LOW,2026-06-02,,true
16595,LOW,HIGH,LOW,2026-06-02,,true
16596,LOW,HIGH,LOW,2026-06-02,,true
16600,LOW,HIGH,LOW,2026-06-02,,true
16610,LOW,HIGH,LOW,2026-06-02,,true
16616,LOW,HIGH,LOW,2026-06-02,,true
16619,LOW,HIGH,LOW,2026-06-02,,true
16623,LOW,HIGH,LOW,2026-06-02,,true
16628,LOW,HIGH,LOW,2026-06-02,,true
16630,LOW,HIGH,LOW,2026-06-02,,true
16635,LOW,LOW,LOW,2026-06-02,,true
16641,LOW,LOW,LOW,2026-06-02,,true
16647,LOW,LOW,LOW,2026-06-02,,true
16650,LOW,LOW,LOW,2026-06-02,,true
16658,LOW,LOW,LOW,2026-06-02,,true
16661,LOW,LOW,LOW,2026-06-02,,true
16677,LOW,LOW,LOW,2026-06-02,,true
16679,LOW,LOW,LOW,2026-06-02,,true
16685,LOW,LOW,LOW,2026-06-02,,true
16687,LOW,LOW,LOW,2026-06-02,,true
16691,LOW,LOW,LOW,2026-06-02,,true
16695,LOW,LOW,LOW,2026-06-02,,true
16696,LOW,LOW,LOW,2026-06-02,,true
16697,LOW,LOW,LOW,2026-06-02,,true
16700,LOW,LOW,LOW,2026-06-02,,true
16701,LOW,LOW,LOW,2026-06-02,,true
16704,LOW,LOW,LOW,2026-06-02,,true
16708,LOW,LOW,LOW,2026-06-02,,true
16709,LOW,LOW,LOW,2026-06-02,,true
16713,LOW,LOW,LOW,2026-06-02,,true
16717,LOW,LOW,LOW,2026-06-02,,true
16720,LOW,LOW,LOW,2026-06-02,,true
16725,LOW,LOW,LOW,2026-06-02,,true
16726,LOW,LOW,LOW,2026-06-02,,true
16731,LOW,LOW,LOW,2026-06-02,,true
16732,LOW,LOW,LOW,2026-06-02,,true
16745,LOW,HIGH,LOW,2026-06-02,,true
16748,LOW,HIGH,LOW,2026-06-02,,true
16750,LOW,HIGH,LOW,2026-06-02,,true
16752,LOW,HIGH,LOW,2026-06-02,,true
16757,LOW,HIGH,LOW,2026-06-02,,true
16758,LOW,HIGH,LOW,2026-06-02,,true
16759,LOW,HIGH,LOW,2026-06-02,,true
16763,LOW,HIGH,LOW,2026-06-02,,true
16764,LOW,HIGH,LOW,2026-06-02,,true
16766,LOW,HIGH,LOW,2026-06-02,,true
16771,LOW,HIGH,LOW,2026-06-02,,true
16772,LOW,HIGH,LOW,2026-06-02,,true
16775,LOW,HIGH,LOW,2026-06-02,,true
16777,LOW,HIGH,LOW,2026-06-02,,true
16780,LOW,HIGH,LOW,2026-06-02,,true
16783,LOW,HIGH,LOW,2026-06-02,,true
16784,LOW,HIGH,LOW,2026-06-02,,true
16786,LOW,HIGH,LOW,2026-06-02,,true
16787,LOW,HIGH,LOW,2026-06-02,,true
16788,LOW,HIGH,LOW,2026-06-02,,true
16792,LOW,HIGH,LOW,2026-06-02,,true
16794,LOW,HIGH,LOW,2026-06-02,,true
16796,LOW,HIGH,LOW,2026-06-02,,true
16808,LOW,LOW,LOW,2026-06-02,,true
16810,LOW,LOW,LOW,2026-06-02,,true
16812,LOW,LOW,LOW,2026-06-02,,true
16815,LOW,LOW,LOW,2026-06-02,,true
16820,LOW,LOW,LOW,2026-06-02,,true
16821,LOW,LOW,LOW,2026-06-02,,true
16826,LOW,LOW,LOW,2026-06-02,,true
16827,LOW,LOW,LOW,2026-06-02,,true
16828,LOW,LOW,LOW,2026-06-02,,true
16835,LOW,LOW,LOW,2026-06-02,,true
16841,LOW,LOW,LOW,2026-06-02,,true
16842,LOW,LOW,LOW,2026-06-02,,true
16857,LOW,LOW,LOW,2026-06-02,,true
16858,LOW,LOW,LOW,2026-06-02,,true
16861,LOW,LOW,LOW,2026-06-02,,true
16862,LOW,LOW,LOW,2026-06-02,,true
16869,LOW,HIGH,LOW,2026-06-02,,true
16877,LOW,HIGH,LOW,2026-06-02,,true
16878,LOW,HIGH,LOW,2026-06-02,,true
16881,LOW,HIGH,LOW,2026-06-02,,true
16884,LOW,HIGH,LOW,2026-06-02,,true
16890,LOW,HIGH,LOW,2026-06-02,,true
16899,LOW,HIGH,LOW,2026-06-02,,true
16906,LOW,HIGH,LOW,2026-06-02,,true
16907,LOW,HIGH,LOW,2026-06-02,,true
16911,LOW,HIGH,LOW,2026-06-02,,true
16912,LOW,HIGH,LOW,2026-06-02,,true
16915,LOW,HIGH,LOW,2026-06-02,,true
16919,LOW,HIGH,LOW,2026-06-02,,true
16922,LOW,HIGH,LOW,2026-06-02,,true
16929,LOW,LOW,LOW,2026-06-02,,true
16937,LOW,LOW,LOW,2026-06-02,,true
16938,LOW,LOW,LOW,2026-06-02,,true
16940,LOW,LOW,LOW,2026-06-02,,true
16943,LOW,LOW,LOW,2026-06-02,,true
16945,LOW,LOW,LOW,2026-06-02,,true
16954,LOW,LOW,LOW,2026-06-02,,true
16956,LOW,LOW,LOW,2026-06-02,,true
16967,LOW,LOW,LOW,2026-06-02,,true
16971,LOW,LOW,LOW,2026-06-02,,true
16972,LOW,LOW,LOW,2026-06-02,,true
16973,LOW,LOW,LOW,2026-06-02,,true
16980,LOW,LOW,LOW,2026-06-02,,true
16982,LOW,LOW,LOW,2026-06-02,,true
16986,LOW,LOW,LOW,2026-06-02,,true
16987,LOW,LOW,LOW,2026-06-02,,true
16993,LOW,LOW,LOW,2026-06-02,,true
16996,LOW,LOW,LOW,2026-06-02,,true
17000,LOW,LOW,LOW,2026-06-02,,true
17001,LOW,LOW,LOW,2026-06-02,,true
17002,LOW,LOW,LOW,2026-06-02,,true
17004,LOW,LOW,LOW,2026-06-02,,true
17009,LOW,LOW,LOW,2026-06-02,,true
17013,LOW,LOW,LOW,2026-06-02,,true
17026,LOW,LOW,LOW,2026-06-02,,true
17028,LOW,LOW,LOW,2026-06-02,,true
17030,LOW,LOW,LOW,2026-06-02,,true
17032,LOW,LOW,LOW,2026-06-02,,true
17034,LOW,LOW,LOW,2026-06-02,,true
17039,LOW,LOW,LOW,2026-06-02,,true
17041,LOW,LOW,LOW,2026-06-02,,true
17043,LOW,LOW,LOW,2026-06-02,,true
17046,LOW,LOW,LOW,2026-06-02,,true
17051,LOW,LOW,LOW,2026-06-02,,true
17055,LOW,LOW,LOW,2026-06-02,,true
17060,LOW,LOW,LOW,2026-06-02,,true
17069,LOW,LOW,LOW,2026-06-02,,true
17072,LOW,LOW,LOW,2026-06-02,,true
17073,LOW,LOW,LOW,2026-06-02,,true
17078,LOW,LOW,LOW,2026-06-02,,true
17088,LOW,LOW,LOW,2026-06-02,,true
17092,LOW,LOW,LOW,2026-06-02,,true
17094,LOW,LOW,LOW,2026-06-02,,true
17095,LOW,LOW,LOW,2026-06-02,,true
17096,LOW,LOW,LOW,2026-06-02,,true
17099,LOW,LOW,LOW,2026-06-02,,true
17104,LOW,LOW,LOW,2026-06-02,,true
17106,LOW,LOW,LOW,2026-06-02,,true
17111,LOW,LOW,LOW,2026-06-02,,true
17112,LOW,LOW,LOW,2026-06-02,,true
17116,LOW,LOW,LOW,2026-06-02,,true
17118,LOW,LOW,LOW,2026-06-02,,true
17132,LOW,LOW,LOW,2026-06-02,,true
17136,LOW,LOW,LOW,2026-06-02,,true
17137,LOW,LOW,LOW,2026-06-02,,true
17141,LOW,LOW,LOW,2026-06-02,,true
17143,LOW,LOW,LOW,2026-06-02,,true
17146,LOW,LOW,LOW,2026-06-02,,true
17151,LOW,LOW,LOW,2026-06-02,,true
17159,LOW,LOW,LOW,2026-06-02,,true
17161,LOW,LOW,LOW,2026-06-02,,true
17162,LOW,LOW,LOW,2026-06-02,,true
17163,LOW,LOW,LOW,2026-06-02,,true
17166,LOW,LOW,LOW,2026-06-02,,true
17175,LOW,LOW,LOW,2026-06-02,,true
17180,LOW,LOW,LOW,2026-06-02,,true
17184,LOW,LOW,LOW,2026-06-02,,true
17190,LOW,LOW,LOW,2026-06-02,,true
17192,LOW,LOW,LOW,2026-06-02,,true
17194,LOW,LOW,LOW,2026-06-02,,true
17201,LOW,LOW,LOW,2026-06-02,,true
17204,LOW,LOW,LOW,2026-06-02,,true
17205,LOW,LOW,LOW,2026-06-02,,true
17212,LOW,LOW,LOW,2026-06-02,,true
17214,LOW,LOW,LOW,2026-06-02,,true
17215,LOW,LOW,LOW,2026-06-02,,true
17221,LOW,LOW,LOW,2026-06-02,,true
17222,LOW,LOW,LOW,2026-06-02,,true
17223,LOW,LOW,LOW,2026-06-02,,true
17226,LOW,LOW,LOW,2026-06-02,,true
17228,LOW,LOW,LOW,2026-06-02,,true
17230,LOW,LOW,LOW,2026-06-02,,true
17231,LOW,LOW,LOW,2026-06-02,,true
17232,LOW,LOW,LOW,2026-06-02,,true
17234,LOW,LOW,LOW,2026-06-02,,true
17237,LOW,LOW,LOW,2026-06-02,,true
17242,LOW,LOW,LOW,2026-06-02,,true
17247,LOW,LOW,LOW,2026-06-02,,true
17251,LOW,LOW,LOW,2026-06-02,,true
17256,LOW,LOW,LOW,2026-06-02,,true
17257,LOW,LOW,LOW,2026-06-02,,true
17260,LOW,LOW,LOW,2026-06-02,,true
17264,LOW,LOW,LOW,2026-06-02,,true
12,LOW,LOW,LOW,2026-06-02,,true
16,LOW,LOW,LOW,2026-06-02,,true
19,LOW,LOW,LOW,2026-06-02,,true
21,LOW,LOW,LOW,2026-06-02,,true
26,LOW,LOW,LOW,2026-06-02,,true
33,LOW,LOW,LOW,2026-06-02,,true
40,LOW,LOW,LOW,2026-06-02,,true
42,LOW,LOW,LOW,2026-06-02,,true
48,LOW,LOW,LOW,2026-06-02,,true
55,LOW,LOW,LOW,2026-06-02,,true
59,LOW,LOW,LOW,2026-06-02,,true
68,LOW,LOW,LOW,2026-06-02,,true
81,LOW,LOW,LOW,2026-06-02,,true
92,LOW,LOW,LOW,2026-06-02,,true
100,LOW,LOW,LOW,2026-06-02,,true
103,LOW,LOW,LOW,2026-06-02,,true
109,LOW,LOW,LOW,2026-06-02,,true
117,LOW,LOW,LOW,2026-06-02,,true
124,LOW,LOW,LOW,2026-06-02,,true
130,LOW,LOW,LOW,2026-06-02,,true
134,LOW,LOW,LOW,2026-06-02,,true
136,LOW,LOW,LOW,2026-06-02,,true
138,LOW,LOW,LOW,2026-06-02,,true
145,LOW,LOW,LOW,2026-06-02,,true
147,LOW,LOW,LOW,2026-06-02,,true
159,LOW,LOW,LOW,2026-06-02,,true
161,LOW,LOW,LOW,2026-06-02,,true
162,LOW,LOW,LOW,2026-06-02,,true
167,LOW,LOW,LOW,2026-06-02,,true
168,LOW,LOW,LOW,2026-06-02,,true
174,LOW,LOW,LOW,2026-06-02,,true
176,LOW,LOW,LOW,2026-06-02,,true
178,LOW,LOW,LOW,2026-06-02,,true
179,LOW,LOW,LOW,2026-06-02,,true
182,LOW,LOW,LOW,2026-06-02,,true
188,LOW,LOW,LOW,2026-06-02,,true
191,LOW,LOW,LOW,2026-06-02,,true
193,LOW,LOW,LOW,2026-06-02,,true
194,LOW,LOW,LOW,2026-06-02,,true
200,LOW,LOW,LOW,2026-06-02,,true
203,LOW,LOW,LOW,2026-06-02,,true
204,LOW,LOW,LOW,2026-06-02,,true
213,LOW,LOW,LOW,2026-06-02,,true
214,LOW,LOW,LOW,2026-06-02,,true
215,LOW,LOW,LOW,2026-06-02,,true
223,LOW,LOW,LOW,2026-06-02,,true
226,LOW,LOW,LOW,2026-06-02,,true
235,LOW,LOW,LOW,2026-06-02,,true
237,LOW,LOW,LOW,2026-06-02,,true
239,LOW,LOW,LOW,2026-06-02,,true
244,LOW,LOW,LOW,2026-06-02,,true
246,LOW,LOW,LOW,2026-06-02,,true
252,LOW,LOW,LOW,2026-06-02,,true
258,LOW,LOW,LOW,2026-06-02,,true
259,LOW,LOW,LOW,2026-06-02,,true
260,LOW,LOW,LOW,2026-06-02,,true
269,LOW,LOW,LOW,2026-06-02,,true
273,LOW,LOW,LOW,2026-06-02,,true
276,LOW,LOW,LOW,2026-06-02,,true
277,LOW,LOW,LOW,2026-06-02,,true
298,LOW,LOW,LOW,2026-06-02,,true
303,LOW,LOW,LOW,2026-06-02,,true
309,LOW,LOW,LOW,2026-06-02,,true
315,LOW,LOW,LOW,2026-06-02,,true
323,LOW,HIGH,LOW,2026-06-02,,true
326,LOW,HIGH,LOW,2026-06-02,,true
330,LOW,HIGH,LOW,2026-06-02,,true
341,LOW,HIGH,LOW,2026-06-02,,true
348,LOW,HIGH,LOW,2026-06-02,,true
350,LOW,HIGH,LOW,2026-06-02,,true
351,LOW,HIGH,LOW,2026-06-02,,true
360,LOW,HIGH,LOW,2026-06-02,,true
361,LOW,HIGH,LOW,2026-06-02,,true
362,LOW,HIGH,LOW,2026-06-02,,true
366,LOW,HIGH,LOW,2026-06-02,,true
371,LOW,HIGH,LOW,2026-06-02,,true
378,LOW,LOW,LOW,2026-06-02,,true
380,LOW,LOW,LOW,2026-06-02,,true
384,LOW,LOW,LOW,2026-06-02,,true
385,LOW,LOW,LOW,2026-06-02,,true
388,LOW,LOW,LOW,2026-06-02,,true
394,LOW,LOW,LOW,2026-06-02,,true
397,LOW,LOW,LOW,2026-06-02,,true
398,LOW,LOW,LOW,2026-06-02,,true
401,LOW,LOW,LOW,2026-06-02,,true
403,LOW,LOW,LOW,2026-06-02,,true
404,LOW,LOW,LOW,2026-06-02,,true
408,LOW,LOW,LOW,2026-06-02,,true
411,LOW,LOW,LOW,2026-06-02,,true
413,LOW,LOW,LOW,2026-06-02,,true
414,LOW,LOW,LOW,2026-06-02,,true
416,LOW,LOW,LOW,2026-06-02,,true
418,LOW,LOW,LOW,2026-06-02,,true
423,LOW,LOW,LOW,2026-06-02,,true
424,LOW,LOW,LOW,2026-06-02,,true
426,LOW,LOW,LOW,2026-06-02,,true
433,LOW,LOW,LOW,2026-06-02,,true
435,LOW,LOW,LOW,2026-06-02,,true
438,LOW,LOW,LOW,2026-06-02,,true
442,LOW,LOW,LOW,2026-06-02,,true
447,LOW,LOW,LOW,2026-06-02,,true
449,LOW,LOW,LOW,2026-06-02,,true
450,LOW,LOW,LOW,2026-06-02,,true
453,LOW,LOW,LOW,2026-06-02,,true
463,LOW,LOW,LOW,2026-06-02,,true
468,LOW,LOW,LOW,2026-06-02,,true
469,LOW,LOW,LOW,2026-06-02,,true
474,LOW,LOW,LOW,2026-06-02,,true
475,LOW,LOW,LOW,2026-06-02,,true
476,LOW,LOW,LOW,2026-06-02,,true
479,LOW,LOW,LOW,2026-06-02,,true
483,LOW,LOW,LOW,2026-06-02,,true
486,LOW,LOW,LOW,2026-06-02,,true
487,LOW,LOW,LOW,2026-06-02,,true
491,LOW,LOW,LOW,2026-06-02,,true
496,LOW,LOW,LOW,2026-06-02,,true
500,LOW,LOW,LOW,2026-06-02,,true
502,LOW,LOW,LOW,2026-06-02,,true
503,LOW,LOW,LOW,2026-06-02,,true
505,LOW,LOW,LOW,2026-06-02,,true
508,LOW,LOW,LOW,2026-06-02,,true
511,LOW,LOW,LOW,2026-06-02,,true
522,LOW,LOW,LOW,2026-06-02,,true
524,LOW,LOW,LOW,2026-06-02,,true
532,LOW,LOW,LOW,2026-06-02,,true
535,LOW,LOW,LOW,2026-06-02,,true
536,LOW,LOW,LOW,2026-06-02,,true
542,LOW,LOW,LOW,2026-06-02,,true
544,LOW,LOW,LOW,2026-06-02,,true
546,LOW,LOW,LOW,2026-06-02,,true
550,LOW,LOW,LOW,2026-06-02,,true
558,LOW,LOW,LOW,2026-06-02,,true
560,LOW,LOW,LOW,2026-06-02,,true
563,LOW,LOW,LOW,2026-06-02,,true
565,LOW,LOW,LOW,2026-06-02,,true
573,LOW,LOW,LOW,2026-06-02,,true
577,LOW,LOW,LOW,2026-06-02,,true
580,LOW,LOW,LOW,2026-06-02,,true
581,LOW,LOW,LOW,2026-06-02,,true
585,LOW,LOW,LOW,2026-06-02,,true
586,LOW,LOW,LOW,2026-06-02,,true
593,LOW,LOW,LOW,2026-06-02,,true
596,LOW,LOW,LOW,2026-06-02,,true
603,LOW,LOW,LOW,2026-06-02,,true
604,LOW,LOW,LOW,2026-06-02,,true
613,LOW,LOW,LOW,2026-06-02,,true
614,LOW,LOW,LOW,2026-06-02,,true
620,LOW,LOW,LOW,2026-06-02,,true
621,LOW,LOW,LOW,2026-06-02,,true
628,LOW,LOW,LOW,2026-06-02,,true
631,LOW,LOW,LOW,2026-06-02,,true
648,LOW,LOW,LOW,2026-06-02,,true
650,LOW,LOW,LOW,2026-06-02,,true
652,LOW,LOW,LOW,2026-06-02,,true
653,LOW,LOW,LOW,2026-06-02,,true
655,LOW,LOW,LOW,2026-06-02,,true
660,LOW,LOW,LOW,2026-06-02,,true
661,LOW,LOW,LOW,2026-06-02,,true
665,LOW,LOW,LOW,2026-06-02,,true
671,LOW,LOW,LOW,2026-06-02,,true
681,LOW,LOW,LOW,2026-06-02,,true
684,LOW,LOW,LOW,2026-06-02,,true
689,LOW,LOW,LOW,2026-06-02,,true
703,LOW,HIGH,LOW,2026-06-02,,true
709,LOW,HIGH,LOW,2026-06-02,,true
718,LOW,HIGH,LOW,2026-06-02,,true
729,LOW,HIGH,LOW,2026-06-02,,true
732,LOW,HIGH,LOW,2026-06-02,,true
735,LOW,HIGH,LOW,2026-06-02,,true
740,LOW,HIGH,LOW,2026-06-02,,true
741,LOW,HIGH,LOW,2026-06-02,,true
742,LOW,HIGH,LOW,2026-06-02,,true
744,LOW,HIGH,LOW,2026-06-02,,true
747,LOW,HIGH,LOW,2026-06-02,,true
758,LOW,HIGH,LOW,2026-06-02,,true
759,LOW,HIGH,LOW,2026-06-02,,true
762,LOW,LOW,LOW,2026-06-02,,true
763,LOW,LOW,LOW,2026-06-02,,true
772,LOW,LOW,LOW,2026-06-02,,true
774,LOW,LOW,LOW,2026-06-02,,true
777,LOW,LOW,LOW,2026-06-02,,true
781,LOW,LOW,LOW,2026-06-02,,true
782,LOW,LOW,LOW,2026-06-02,,true
785,LOW,LOW,LOW,2026-06-02,,true
788,LOW,LOW,LOW,2026-06-02,,true
800,LOW,LOW,LOW,2026-06-02,,true
803,LOW,LOW,LOW,2026-06-02,,true
808,LOW,LOW,LOW,2026-06-02,,true
814,LOW,LOW,LOW,2026-06-02,,true
820,LOW,LOW,LOW,2026-06-02,,true
821,LOW,LOW,LOW,2026-06-02,,true
822,LOW,LOW,LOW,2026-06-02,,true
823,LOW,LOW,LOW,2026-06-02,,true
831,LOW,LOW,LOW,2026-06-02,,true
834,LOW,LOW,LOW,2026-06-02,,true
835,LOW,LOW,LOW,2026-06-02,,true
850,LOW,LOW,LOW,2026-06-02,,true
851,LOW,LOW,LOW,2026-06-02,,true
856,LOW,LOW,LOW,2026-06-02,,true
868,LOW,LOW,LOW,2026-06-02,,true
873,LOW,LOW,LOW,2026-06-02,,true
876,LOW,LOW,LOW,2026-06-02,,true
880,LOW,LOW,LOW,2026-06-02,,true
881,LOW,LOW,LOW,2026-06-02,,true
888,LOW,LOW,LOW,2026-06-02,,true
890,LOW,LOW,LOW,2026-06-02,,true
891,LOW,LOW,LOW,2026-06-02,,true
898,LOW,LOW,LOW,2026-06-02,,true
909,LOW,HIGH,LOW,2026-06-02,,true
921,LOW,HIGH,LOW,2026-06-02,,true
923,LOW,HIGH,LOW,2026-06-02,,true
927,LOW,HIGH,LOW,2026-06-02,,true
929,LOW,HIGH,LOW,2026-06-02,,true
931,LOW,HIGH,LOW,2026-06-02,,true
934,LOW,HIGH,LOW,2026-06-02,,true
947,LOW,HIGH,LOW,2026-06-02,,true
962,LOW,LOW,LOW,2026-06-02,,true
965,LOW,LOW,LOW,2026-06-02,,true
967,LOW,LOW,LOW,2026-06-02,,true
968,LOW,LOW,LOW,2026-06-02,,true
969,LOW,LOW,LOW,2026-06-02,,true
971,LOW,LOW,LOW,2026-06-02,,true
972,LOW,LOW,LOW,2026-06-02,,true
977,LOW,LOW,LOW,2026-06-02,,true
980,LOW,LOW,LOW,2026-06-02,,true
981,LOW,LOW,LOW,2026-06-02,,true
986,LOW,LOW,LOW,2026-06-02,,true
988,LOW,LOW,LOW,2026-06-02,,true
993,LOW,LOW,LOW,2026-06-02,,true
996,LOW,LOW,LOW,2026-06-02,,true
1000,LOW,LOW,LOW,2026-06-02,,true
1002,LOW,LOW,LOW,2026-06-02,,true
1005,LOW,LOW,LOW,2026-06-02,,true
1009,LOW,LOW,LOW,2026-06-02,,true
1015,LOW,LOW,LOW,2026-06-02,,true
1016,LOW,LOW,LOW,2026-06-02,,true
1025,LOW,HIGH,LOW,2026-06-02,,true
1033,LOW,HIGH,LOW,2026-06-02,,true
1034,LOW,HIGH,LOW,2026-06-02,,true
1038,LOW,HIGH,LOW,2026-06-02,,true
1041,LOW,HIGH,LOW,2026-06-02,,true
1043,LOW,HIGH,LOW,2026-06-02,,true
1045,LOW,HIGH,LOW,2026-06-02,,true
1052,LOW,HIGH,LOW,2026-06-02,,true
1056,LOW,HIGH,LOW,2026-06-02,,true
1077,LOW,HIGH,LOW,2026-06-02,,true
1078,LOW,HIGH,LOW,2026-06-02,,true
1080,LOW,HIGH,LOW,2026-06-02,,true
1082,LOW,HIGH,LOW,2026-06-02,,true
1087,LOW,HIGH,LOW,2026-06-02,,true
1088,LOW,HIGH,LOW,2026-06-02,,true
1093,LOW,HIGH,LOW,2026-06-02,,true
1095,LOW,HIGH,LOW,2026-06-02,,true
1099,LOW,HIGH,LOW,2026-06-02,,true
1100,LOW,HIGH,LOW,2026-06-02,,true
1104,LOW,HIGH,LOW,2026-06-02,,true
1108,LOW,HIGH,LOW,2026-06-02,,true
1109,LOW,HIGH,LOW,2026-06-02,,true
1113,LOW,HIGH,LOW,2026-06-02,,true
1115,LOW,HIGH,LOW,2026-06-02,,true
1118,LOW,HIGH,LOW,2026-06-02,,true
1121,LOW,HIGH,LOW,2026-06-02,,true
1131,LOW,LOW,LOW,2026-06-02,,true
1137,LOW,LOW,LOW,2026-06-02,,true
1138,LOW,LOW,LOW,2026-06-02,,true
1139,LOW,LOW,LOW,2026-06-02,,true
1141,LOW,LOW,LOW,2026-06-02,,true
1143,LOW,LOW,LOW,2026-06-02,,true
1145,LOW,LOW,LOW,2026-06-02,,true
1149,LOW,LOW,LOW,2026-06-02,,true
1151,LOW,LOW,LOW,2026-06-02,,true
1154,LOW,LOW,LOW,2026-06-02,,true
1158,LOW,LOW,LOW,2026-06-02,,true
1160,LOW,LOW,LOW,2026-06-02,,true
1162,LOW,LOW,LOW,2026-06-02,,true
1174,LOW,LOW,LOW,2026-06-02,,true
1182,LOW,LOW,LOW,2026-06-02,,true
1183,LOW,LOW,LOW,2026-06-02,,true
1184,LOW,LOW,LOW,2026-06-02,,true
1185,LOW,LOW,LOW,2026-06-02,,true
1191,LOW,LOW,LOW,2026-06-02,,true
1193,LOW,LOW,LOW,2026-06-02,,true
1200,LOW,LOW,LOW,2026-06-02,,true
1201,LOW,LOW,LOW,2026-06-02,,true
1206,LOW,LOW,LOW,2026-06-02,,true
1207,LOW,LOW,LOW,2026-06-02,,true
1214,LOW,LOW,LOW,2026-06-02,,true
1220,LOW,LOW,LOW,2026-06-02,,true
1225,LOW,LOW,LOW,2026-06-02,,true
1229,LOW,LOW,LOW,2026-06-02,,true
1235,LOW,LOW,LOW,2026-06-02,,true
1237,LOW,LOW,LOW,2026-06-02,,true
1241,LOW,LOW,LOW,2026-06-02,,true
1245,LOW,LOW,LOW,2026-06-02,,true
1251,LOW,LOW,LOW,2026-06-02,,true
1256,LOW,LOW,LOW,2026-06-02,,true
1258,LOW,LOW,LOW,2026-06-02,,true
1261,LOW,LOW,LOW,2026-06-02,,true
1262,LOW,LOW,LOW,2026-06-02,,true
1265,LOW,LOW,LOW,2026-06-02,,true
1271,LOW,LOW,LOW,2026-06-02,,true
1272,LOW,LOW,LOW,2026-06-02,,true
1275,LOW,LOW,LOW,2026-06-02,,true
1278,LOW,LOW,LOW,2026-06-02,,true
1279,LOW,LOW,LOW,2026-06-02,,true
1283,LOW,LOW,LOW,2026-06-02,,true
1294,LOW,LOW,LOW,2026-06-02,,true
1299,LOW,LOW,LOW,2026-06-02,,true
1300,LOW,LOW,LOW,2026-06-02,,true
1310,LOW,LOW,LOW,2026-06-02,,true
1330,LOW,LOW,LOW,2026-06-02,,true
1335,LOW,LOW,LOW,2026-06-02,,true
1346,LOW,LOW,LOW,2026-06-02,,true
1354,LOW,LOW,LOW,2026-06-02,,true
1357,LOW,LOW,LOW,2026-06-02,,true
1364,LOW,LOW,LOW,2026-06-02,,true
1377,LOW,HIGH,LOW,2026-06-02,,true
1380,LOW,HIGH,LOW,2026-06-02,,true
1383,LOW,HIGH,LOW,2026-06-02,,true
1385,LOW,HIGH,LOW,2026-06-02,,true
1397,LOW,HIGH,LOW,2026-06-02,,true
1398,LOW,HIGH,LOW,2026-06-02,,true
1399,LOW,HIGH,LOW,2026-06-02,,true
1400,LOW,HIGH,LOW,2026-06-02,,true
1401,LOW,HIGH,LOW,2026-06-02,,true
1403,LOW,HIGH,LOW,2026-06-02,,true
1405,LOW,HIGH,LOW,2026-06-02,,true
1406,LOW,HIGH,LOW,2026-06-02,,true
1410,LOW,HIGH,LOW,2026-06-02,,true
1411,LOW,HIGH,LOW,2026-06-02,,true
1413,LOW,HIGH,LOW,2026-06-02,,true
1417,LOW,HIGH,LOW,2026-06-02,,true
1418,LOW,HIGH,LOW,2026-06-02,,true
1419,LOW,HIGH,LOW,2026-06-02,,true
1425,LOW,LOW,LOW,2026-06-02,,true
1426,LOW,LOW,LOW,2026-06-02,,true
1430,LOW,LOW,LOW,2026-06-02,,true
1434,LOW,LOW,LOW,2026-06-02,,true
1437,LOW,LOW,LOW,2026-06-02,,true
1442,LOW,LOW,LOW,2026-06-02,,true
1443,LOW,LOW,LOW,2026-06-02,,true
1445,LOW,LOW,LOW,2026-06-02,,true
1446,LOW,LOW,LOW,2026-06-02,,true
1450,LOW,LOW,LOW,2026-06-02,,true
1451,LOW,LOW,LOW,2026-06-02,,true
1454,LOW,LOW,LOW,2026-06-02,,true
1455,LOW,LOW,LOW,2026-06-02,,true
1456,LOW,LOW,LOW,2026-06-02,,true
1460,LOW,LOW,LOW,2026-06-02,,true
1473,LOW,LOW,LOW,2026-06-02,,true
1475,LOW,LOW,LOW,2026-06-02,,true
1476,LOW,LOW,LOW,2026-06-02,,true
1485,LOW,LOW,LOW,2026-06-02,,true
1488,LOW,LOW,LOW,2026-06-02,,true
1489,LOW,LOW,LOW,2026-06-02,,true
1491,LOW,LOW,LOW,2026-06-02,,true
1493,LOW,LOW,LOW,2026-06-02,,true
1495,LOW,LOW,LOW,2026-06-02,,true
1497,LOW,LOW,LOW,2026-06-02,,true
1503,LOW,LOW,LOW,2026-06-02,,true
1506,LOW,LOW,LOW,2026-06-02,,true
1509,LOW,LOW,LOW,2026-06-02,,true
1514,LOW,LOW,LOW,2026-06-02,,true
1515,LOW,LOW,LOW,2026-06-02,,true
1517,LOW,LOW,LOW,2026-06-02,,true
1518,LOW,LOW,LOW,2026-06-02,,true
1519,LOW,LOW,LOW,2026-06-02,,true
1523,LOW,LOW,LOW,2026-06-02,,true
1536,LOW,LOW,LOW,2026-06-02,,true
1538,LOW,LOW,LOW,2026-06-02,,true
1546,LOW,LOW,LOW,2026-06-02,,true
1550,LOW,HIGH,LOW,2026-06-02,,true
1552,LOW,HIGH,LOW,2026-06-02,,true
1563,LOW,HIGH,LOW,2026-06-02,,true
1564,LOW,HIGH,LOW,2026-06-02,,true
1568,LOW,HIGH,LOW,2026-06-02,,true
1572,LOW,HIGH,LOW,2026-06-02,,true
1574,LOW,HIGH,LOW,2026-06-02,,true
1580,LOW,HIGH,LOW,2026-06-02,,true
1581,LOW,HIGH,LOW,2026-06-02,,true
1585,LOW,HIGH,LOW,2026-06-02,,true
1587,LOW,HIGH,LOW,2026-06-02,,true
1595,LOW,LOW,LOW,2026-06-02,,true
1598,LOW,LOW,LOW,2026-06-02,,true
1613,LOW,LOW,LOW,2026-06-02,,true
1619,LOW,LOW,LOW,2026-06-02,,true
1620,LOW,LOW,LOW,2026-06-02,,true
1631,LOW,LOW,LOW,2026-06-02,,true
1636,LOW,LOW,LOW,2026-06-02,,true
1642,LOW,LOW,LOW,2026-06-02,,true
1643,LOW,LOW,LOW,2026-06-02,,true
1644,LOW,LOW,LOW,2026-06-02,,true
1646,LOW,LOW,LOW,2026-06-02,,true
1656,LOW,HIGH,LOW,2026-06-02,,true
1657,LOW,HIGH,LOW,2026-06-02,,true
1659,LOW,HIGH,LOW,2026-06-02,,true
1666,LOW,HIGH,LOW,2026-06-02,,true
1675,LOW,HIGH,LOW,2026-06-02,,true
1682,LOW,HIGH,LOW,2026-06-02,,true
1683,LOW,HIGH,LOW,2026-06-02,,true
1692,LOW,HIGH,LOW,2026-06-02,,true
1694,LOW,HIGH,LOW,2026-06-02,,true
1696,LOW,HIGH,LOW,2026-06-02,,true
1710,LOW,HIGH,LOW,2026-06-02,,true
1711,LOW,HIGH,LOW,2026-06-02,,true
1718,LOW,LOW,LOW,2026-06-02,,true
1719,LOW,LOW,LOW,2026-06-02,,true
1721,LOW,LOW,LOW,2026-06-02,,true
1722,LOW,LOW,LOW,2026-06-02,,true
1723,LOW,LOW,LOW,2026-06-02,,true
1728,LOW,LOW,LOW,2026-06-02,,true
1732,LOW,LOW,LOW,2026-06-02,,true
1735,LOW,LOW,LOW,2026-06-02,,true
1736,LOW,LOW,LOW,2026-06-02,,true
1740,LOW,LOW,LOW,2026-06-02,,true
1744,LOW,LOW,LOW,2026-06-02,,true
1747,LOW,LOW,LOW,2026-06-02,,true
1748,LOW,LOW,LOW,2026-06-02,,true
1754,LOW,LOW,LOW,2026-06-02,,true
1756,LOW,LOW,LOW,2026-06-02,,true
1765,LOW,LOW,LOW,2026-06-02,,true
1767,LOW,LOW,LOW,2026-06-02,,true
1771,LOW,LOW,LOW,2026-06-02,,true
1772,LOW,LOW,LOW,2026-06-02,,true
1777,LOW,LOW,LOW,2026-06-02,,true
1786,LOW,LOW,LOW,2026-06-02,,true
1790,LOW,LOW,LOW,2026-06-02,,true
1791,LOW,LOW,LOW,2026-06-02,,true
1792,LOW,LOW,LOW,2026-06-02,,true
1800,LOW,LOW,LOW,2026-06-02,,true
1802,LOW,LOW,LOW,2026-06-02,,true
1804,LOW,LOW,LOW,2026-06-02,,true
1807,LOW,LOW,LOW,2026-06-02,,true
1810,LOW,LOW,LOW,2026-06-02,,true
1812,LOW,LOW,LOW,2026-06-02,,true
1814,LOW,LOW,LOW,2026-06-02,,true
1819,LOW,LOW,LOW,2026-06-02,,true
1830,LOW,LOW,LOW,2026-06-02,,true
1831,LOW,LOW,LOW,2026-06-02,,true
1832,LOW,LOW,LOW,2026-06-02,,true
1834,LOW,LOW,LOW,2026-06-02,,true
1840,LOW,LOW,LOW,2026-06-02,,true
1844,LOW,LOW,LOW,2026-06-02,,true
1848,LOW,LOW,LOW,2026-06-02,,true
1850,LOW,LOW,LOW,2026-06-02,,true
1854,LOW,LOW,LOW,2026-06-02,,true
1856,LOW,LOW,LOW,2026-06-02,,true
1857,LOW,LOW,LOW,2026-06-02,,true
1865,LOW,LOW,LOW,2026-06-02,,true
1869,LOW,LOW,LOW,2026-06-02,,true
1874,LOW,LOW,LOW,2026-06-02,,true
1887,LOW,LOW,LOW,2026-06-02,,true
1894,LOW,LOW,LOW,2026-06-02,,true
1897,LOW,LOW,LOW,2026-06-02,,true
1899,LOW,LOW,LOW,2026-06-02,,true
1900,LOW,LOW,LOW,2026-06-02,,true
1905,LOW,LOW,LOW,2026-06-02,,true
1909,LOW,LOW,LOW,2026-06-02,,true
1911,LOW,LOW,LOW,2026-06-02,,true
1912,LOW,LOW,LOW,2026-06-02,,true
1913,LOW,LOW,LOW,2026-06-02,,true
1915,LOW,LOW,LOW,2026-06-02,,true
1919,LOW,LOW,LOW,2026-06-02,,true
1923,LOW,LOW,LOW,2026-06-02,,true
1924,LOW,LOW,LOW,2026-06-02,,true
1926,LOW,LOW,LOW,2026-06-02,,true
1929,LOW,LOW,LOW,2026-06-02,,true
1930,LOW,LOW,LOW,2026-06-02,,true
1936,LOW,LOW,LOW,2026-06-02,,true
1946,LOW,LOW,LOW,2026-06-02,,true
1961,LOW,LOW,LOW,2026-06-02,,true
1962,LOW,LOW,LOW,2026-06-02,,true
1963,LOW,LOW,LOW,2026-06-02,,true
1964,LOW,LOW,LOW,2026-06-02,,true
1968,LOW,LOW,LOW,2026-06-02,,true
1979,LOW,LOW,LOW,2026-06-02,,true
1988,LOW,LOW,LOW,2026-06-02,,true
1989,LOW,LOW,LOW,2026-06-02,,true
1990,LOW,LOW,LOW,2026-06-02,,true
1991,LOW,LOW,LOW,2026-06-02,,true
1992,LOW,LOW,LOW,2026-06-02,,true
1995,LOW,LOW,LOW,2026-06-02,,true
1998,LOW,LOW,LOW,2026-06-02,,true
2004,LOW,LOW,LOW,2026-06-02,,true
2006,LOW,LOW,LOW,2026-06-02,,true
2007,LOW,LOW,LOW,2026-06-02,,true
2010,LOW,LOW,LOW,2026-06-02,,true
2011,LOW,LOW,LOW,2026-06-02,,true
2012,LOW,LOW,LOW,2026-06-02,,true
2016,LOW,LOW,LOW,2026-06-02,,true
2018,LOW,LOW,LOW,2026-06-02,,true
2022,LOW,LOW,LOW,2026-06-02,,true
2030,LOW,LOW,LOW,2026-06-02,,true
2037,LOW,LOW,LOW,2026-06-02,,true
2043,LOW,LOW,LOW,2026-06-02,,true
2049,LOW,LOW,LOW,2026-06-02,,true
2050,LOW,LOW,LOW,2026-06-02,,true
2052,LOW,LOW,LOW,2026-06-02,,true
2053,LOW,LOW,LOW,2026-06-02,,true
2058,LOW,LOW,LOW,2026-06-02,,true
2062,LOW,LOW,LOW,2026-06-02,,true
2065,LOW,LOW,LOW,2026-06-02,,true
2066,LOW,LOW,LOW,2026-06-02,,true
2070,LOW,LOW,LOW,2026-06-02,,true
2074,LOW,LOW,LOW,2026-06-02,,true
2085,LOW,LOW,LOW,2026-06-02,,true
2087,LOW,LOW,LOW,2026-06-02,,true
2092,LOW,LOW,LOW,2026-06-02,,true
2093,LOW,LOW,LOW,2026-06-02,,true
2094,LOW,LOW,LOW,2026-06-02,,true
2096,LOW,LOW,LOW,2026-06-02,,true
2098,LOW,LOW,LOW,2026-06-02,,true
2099,LOW,LOW,LOW,2026-06-02,,true
2110,LOW,LOW,LOW,2026-06-02,,true
2113,LOW,LOW,LOW,2026-06-02,,true
2115,LOW,LOW,LOW,2026-06-02,,true
2117,LOW,LOW,LOW,2026-06-02,,true
2119,LOW,LOW,LOW,2026-06-02,,true
2133,LOW,LOW,LOW,2026-06-02,,true
2140,LOW,LOW,LOW,2026-06-02,,true
2147,LOW,LOW,LOW,2026-06-02,,true
2154,LOW,LOW,LOW,2026-06-02,,true
2155,LOW,LOW,LOW,2026-06-02,,true
2156,LOW,LOW,LOW,2026-06-02,,true
2157,LOW,LOW,LOW,2026-06-02,,true
2159,LOW,LOW,LOW,2026-06-02,,true
2161,LOW,LOW,LOW,2026-06-02,,true
2162,LOW,LOW,LOW,2026-06-02,,true
2163,LOW,LOW,LOW,2026-06-02,,true
2164,LOW,LOW,LOW,2026-06-02,,true
2166,LOW,LOW,LOW,2026-06-02,,true
2167,LOW,LOW,LOW,2026-06-02,,true
2168,LOW,LOW,LOW,2026-06-02,,true
2169,LOW,LOW,LOW,2026-06-02,,true
2170,LOW,LOW,LOW,2026-06-02,,true
2172,LOW,LOW,LOW,2026-06-02,,true
2175,LOW,LOW,LOW,2026-06-02,,true
2176,LOW,LOW,LOW,2026-06-02,,true
2179,LOW,LOW,LOW,2026-06-02,,true
2184,LOW,LOW,LOW,2026-06-02,,true
2186,LOW,LOW,LOW,2026-06-02,,true
2189,LOW,LOW,LOW,2026-06-02,,true
2196,LOW,LOW,LOW,2026-06-02,,true
2199,LOW,LOW,LOW,2026-06-02,,true
2201,LOW,LOW,LOW,2026-06-02,,true
2203,LOW,LOW,LOW,2026-06-02,,true
2205,LOW,LOW,LOW,2026-06-02,,true
2209,LOW,LOW,LOW,2026-06-02,,true
2213,LOW,LOW,LOW,2026-06-02,,true
2216,LOW,LOW,LOW,2026-06-02,,true
2226,LOW,LOW,LOW,2026-06-02,,true
2231,LOW,LOW,LOW,2026-06-02,,true
2232,LOW,LOW,LOW,2026-06-02,,true
2235,LOW,LOW,LOW,2026-06-02,,true
2241,LOW,LOW,LOW,2026-06-02,,true
2242,LOW,LOW,LOW,2026-06-02,,true
2245,LOW,HIGH,LOW,2026-06-02,,true
2246,LOW,HIGH,LOW,2026-06-02,,true
2250,LOW,HIGH,LOW,2026-06-02,,true
2260,LOW,HIGH,LOW,2026-06-02,,true
2263,LOW,HIGH,LOW,2026-06-02,,true
2266,LOW,HIGH,LOW,2026-06-02,,true
2276,LOW,HIGH,LOW,2026-06-02,,true
2283,LOW,HIGH,LOW,2026-06-02,,true
2289,LOW,HIGH,LOW,2026-06-02,,true
2303,LOW,HIGH,LOW,2026-06-02,,true
2308,LOW,LOW,LOW,2026-06-02,,true
2310,LOW,LOW,LOW,2026-06-02,,true
2312,LOW,LOW,LOW,2026-06-02,,true
2315,LOW,LOW,LOW,2026-06-02,,true
2316,LOW,LOW,LOW,2026-06-02,,true
2321,LOW,LOW,LOW,2026-06-02,,true
2322,LOW,LOW,LOW,2026-06-02,,true
2325,LOW,LOW,LOW,2026-06-02,,true
2326,LOW,LOW,LOW,2026-06-02,,true
2327,LOW,LOW,LOW,2026-06-02,,true
2337,LOW,LOW,LOW,2026-06-02,,true
2338,LOW,LOW,LOW,2026-06-02,,true
2346,LOW,LOW,LOW,2026-06-02,,true
2347,LOW,LOW,LOW,2026-06-02,,true
2351,LOW,LOW,LOW,2026-06-02,,true
2354,LOW,LOW,LOW,2026-06-02,,true
2360,LOW,LOW,LOW,2026-06-02,,true
2361,LOW,LOW,LOW,2026-06-02,,true
2365,LOW,LOW,LOW,2026-06-02,,true
2367,LOW,LOW,LOW,2026-06-02,,true
2370,LOW,LOW,LOW,2026-06-02,,true
2371,LOW,LOW,LOW,2026-06-02,,true
2374,LOW,LOW,LOW,2026-06-02,,true
2379,LOW,LOW,LOW,2026-06-02,,true
2381,LOW,LOW,LOW,2026-06-02,,true
2385,LOW,LOW,LOW,2026-06-02,,true
2393,LOW,LOW,LOW,2026-06-02,,true
2399,LOW,LOW,LOW,2026-06-02,,true
2402,LOW,LOW,LOW,2026-06-02,,true
2405,LOW,LOW,LOW,2026-06-02,,true
2409,LOW,LOW,LOW,2026-06-02,,true
2410,LOW,LOW,LOW,2026-06-02,,true
2414,LOW,LOW,LOW,2026-06-02,,true
2415,LOW,LOW,LOW,2026-06-02,,true
2421,LOW,LOW,LOW,2026-06-02,,true
2422,LOW,LOW,LOW,2026-06-02,,true
2430,LOW,LOW,LOW,2026-06-02,,true
2431,LOW,LOW,LOW,2026-06-02,,true
2432,LOW,LOW,LOW,2026-06-02,,true
2436,LOW,LOW,LOW,2026-06-02,,true
2444,LOW,LOW,LOW,2026-06-02,,true
2445,LOW,LOW,LOW,2026-06-02,,true
2448,LOW,LOW,LOW,2026-06-02,,true
2450,LOW,LOW,LOW,2026-06-02,,true
2452,LOW,LOW,LOW,2026-06-02,,true
2454,LOW,LOW,LOW,2026-06-02,,true
2456,LOW,LOW,LOW,2026-06-02,,true
2458,LOW,LOW,LOW,2026-06-02,,true
2459,LOW,LOW,LOW,2026-06-02,,true
2471,LOW,LOW,LOW,2026-06-02,,true
2472,LOW,LOW,LOW,2026-06-02,,true
2480,LOW,LOW,LOW,2026-06-02,,true
2481,LOW,LOW,LOW,2026-06-02,,true
2484,LOW,LOW,LOW,2026-06-02,,true
2486,LOW,LOW,LOW,2026-06-02,,true
2488,LOW,LOW,LOW,2026-06-02,,true
2489,LOW,LOW,LOW,2026-06-02,,true
2491,LOW,LOW,LOW,2026-06-02,,true
2496,LOW,LOW,LOW,2026-06-02,,true
2501,LOW,LOW,LOW,2026-06-02,,true
2507,LOW,LOW,LOW,2026-06-02,,true
2509,LOW,LOW,LOW,2026-06-02,,true
2512,LOW,LOW,LOW,2026-06-02,,true
2517,LOW,LOW,LOW,2026-06-02,,true
2522,LOW,LOW,LOW,2026-06-02,,true
2524,LOW,LOW,LOW,2026-06-02,,true
2525,LOW,LOW,LOW,2026-06-02,,true
2526,LOW,LOW,LOW,2026-06-02,,true
2536,LOW,LOW,LOW,2026-06-02,,true
2538,LOW,LOW,LOW,2026-06-02,,true
2541,LOW,HIGH,LOW,2026-06-02,,true
2543,LOW,HIGH,LOW,2026-06-02,,true
2544,LOW,HIGH,LOW,2026-06-02,,true
2547,LOW,HIGH,LOW,2026-06-02,,true
2552,LOW,HIGH,LOW,2026-06-02,,true
2561,LOW,HIGH,LOW,2026-06-02,,true
2569,LOW,HIGH,LOW,2026-06-02,,true
2572,LOW,HIGH,LOW,2026-06-02,,true
2575,LOW,HIGH,LOW,2026-06-02,,true
2580,LOW,HIGH,LOW,2026-06-02,,true
2583,LOW,HIGH,LOW,2026-06-02,,true
2586,LOW,HIGH,LOW,2026-06-02,,true
2587,LOW,HIGH,LOW,2026-06-02,,true
2590,LOW,HIGH,LOW,2026-06-02,,true
2591,LOW,HIGH,LOW,2026-06-02,,true
2593,LOW,HIGH,LOW,2026-06-02,,true
2597,LOW,HIGH,LOW,2026-06-02,,true
2598,LOW,HIGH,LOW,2026-06-02,,true
2612,LOW,LOW,LOW,2026-06-02,,true
2619,LOW,LOW,LOW,2026-06-02,,true
2620,LOW,LOW,LOW,2026-06-02,,true
2628,LOW,LOW,LOW,2026-06-02,,true
2629,LOW,LOW,LOW,2026-06-02,,true
2633,LOW,LOW,LOW,2026-06-02,,true
2642,LOW,LOW,LOW,2026-06-02,,true
2657,LOW,LOW,LOW,2026-06-02,,true
2659,LOW,LOW,LOW,2026-06-02,,true
2670,LOW,LOW,LOW,2026-06-02,,true
2671,LOW,LOW,LOW,2026-06-02,,true
2684,LOW,LOW,LOW,2026-06-02,,true
2687,LOW,LOW,LOW,2026-06-02,,true
2688,LOW,LOW,LOW,2026-06-02,,true
2691,LOW,LOW,LOW,2026-06-02,,true
2692,LOW,LOW,LOW,2026-06-02,,true
2694,LOW,LOW,LOW,2026-06-02,,true
2695,LOW,LOW,LOW,2026-06-02,,true
2704,LOW,LOW,LOW,2026-06-02,,true
2707,LOW,LOW,LOW,2026-06-02,,true
2710,LOW,LOW,LOW,2026-06-02,,true
2712,LOW,LOW,LOW,2026-06-02,,true
2717,LOW,LOW,LOW,2026-06-02,,true
2720,LOW,LOW,LOW,2026-06-02,,true
2725,LOW,LOW,LOW,2026-06-02,,true
2728,LOW,LOW,LOW,2026-06-02,,true
2729,LOW,LOW,LOW,2026-06-02,,true
2733,LOW,LOW,LOW,2026-06-02,,true
2734,LOW,LOW,LOW,2026-06-02,,true
2736,LOW,LOW,LOW,2026-06-02,,true
2741,LOW,LOW,LOW,2026-06-02,,true
2742,LOW,LOW,LOW,2026-06-02,,true
2747,LOW,LOW,LOW,2026-06-02,,true
2758,LOW,LOW,LOW,2026-06-02,,true
2759,LOW,LOW,LOW,2026-06-02,,true
2760,LOW,LOW,LOW,2026-06-02,,true
2761,LOW,LOW,LOW,2026-06-02,,true
2764,LOW,LOW,LOW,2026-06-02,,true
2768,LOW,LOW,LOW,2026-06-02,,true
2773,LOW,LOW,LOW,2026-06-02,,true
2774,LOW,LOW,LOW,2026-06-02,,true
2775,LOW,LOW,LOW,2026-06-02,,true
2786,LOW,LOW,LOW,2026-06-02,,true
2790,LOW,LOW,LOW,2026-06-02,,true
2796,LOW,LOW,LOW,2026-06-02,,true
2797,LOW,LOW,LOW,2026-06-02,,true
2799,LOW,LOW,LOW,2026-06-02,,true
2801,LOW,LOW,LOW,2026-06-02,,true
2802,LOW,LOW,LOW,2026-06-02,,true
2803,LOW,LOW,LOW,2026-06-02,,true
2805,LOW,LOW,LOW,2026-06-02,,true
2810,LOW,LOW,LOW,2026-06-02,,true
2814,LOW,LOW,LOW,2026-06-02,,true
2815,LOW,LOW,LOW,2026-06-02,,true
2826,LOW,LOW,LOW,2026-06-02,,true
2845,LOW,LOW,LOW,2026-06-02,,true
2846,LOW,LOW,LOW,2026-06-02,,true
2851,LOW,LOW,LOW,2026-06-02,,true
2864,LOW,LOW,LOW,2026-06-02,,true
2871,LOW,LOW,LOW,2026-06-02,,true
2874,LOW,LOW,LOW,2026-06-02,,true
2875,LOW,LOW,LOW,2026-06-02,,true
2877,LOW,LOW,LOW,2026-06-02,,true
2890,LOW,LOW,LOW,2026-06-02,,true
2892,LOW,LOW,LOW,2026-06-02,,true
2903,LOW,LOW,LOW,2026-06-02,,true
2904,LOW,LOW,LOW,2026-06-02,,true
2912,LOW,LOW,LOW,2026-06-02,,true
2914,LOW,LOW,LOW,2026-06-02,,true
2926,LOW,LOW,LOW,2026-06-02,,true
2934,LOW,LOW,LOW,2026-06-02,,true
2952,LOW,LOW,LOW,2026-06-02,,true
2955,LOW,LOW,LOW,2026-06-02,,true
2957,LOW,LOW,LOW,2026-06-02,,true
2958,LOW,LOW,LOW,2026-06-02,,true
2962,LOW,LOW,LOW,2026-06-02,,true
2964,LOW,LOW,LOW,2026-06-02,,true
2973,LOW,LOW,LOW,2026-06-02,,true
2977,LOW,LOW,LOW,2026-06-02,,true
2981,LOW,LOW,LOW,2026-06-02,,true
2982,LOW,LOW,LOW,2026-06-02,,true
2984,LOW,LOW,LOW,2026-06-02,,true
2985,LOW,LOW,LOW,2026-06-02,,true
2999,LOW,LOW,LOW,2026-06-02,,true
3009,LOW,HIGH,LOW,2026-06-02,,true
3015,LOW,HIGH,LOW,2026-06-02,,true
3019,LOW,HIGH,LOW,2026-06-02,,true
3023,LOW,HIGH,LOW,2026-06-02,,true
3025,LOW,HIGH,LOW,2026-06-02,,true
3027,LOW,HIGH,LOW,2026-06-02,,true
3034,LOW,HIGH,LOW,2026-06-02,,true
3035,LOW,HIGH,LOW,2026-06-02,,true
3037,LOW,HIGH,LOW,2026-06-02,,true
3040,LOW,HIGH,LOW,2026-06-02,,true
3047,LOW,HIGH,LOW,2026-06-02,,true
3051,LOW,HIGH,LOW,2026-06-02,,true
3054,LOW,HIGH,LOW,2026-06-02,,true
3061,LOW,HIGH,LOW,2026-06-02,,true
3063,LOW,HIGH,LOW,2026-06-02,,true
3073,LOW,LOW,LOW,2026-06-02,,true
3074,LOW,LOW,LOW,2026-06-02,,true
3076,LOW,LOW,LOW,2026-06-02,,true
3078,LOW,LOW,LOW,2026-06-02,,true
3079,LOW,LOW,LOW,2026-06-02,,true
3081,LOW,LOW,LOW,2026-06-02,,true
3099,LOW,LOW,LOW,2026-06-02,,true
3101,LOW,LOW,LOW,2026-06-02,,true
3102,LOW,LOW,LOW,2026-06-02,,true
3109,LOW,LOW,LOW,2026-06-02,,true
3111,LOW,LOW,LOW,2026-06-02,,true
3118,LOW,LOW,LOW,2026-06-02,,true
3123,LOW,LOW,LOW,2026-06-02,,true
3124,LOW,LOW,LOW,2026-06-02,,true
3125,LOW,LOW,LOW,2026-06-02,,true
3130,LOW,LOW,LOW,2026-06-02,,true
3131,LOW,LOW,LOW,2026-06-02,,true
3143,LOW,LOW,LOW,2026-06-02,,true
3151,LOW,LOW,LOW,2026-06-02,,true
3153,LOW,LOW,LOW,2026-06-02,,true
3155,LOW,LOW,LOW,2026-06-02,,true
3160,LOW,LOW,LOW,2026-06-02,,true
3161,LOW,LOW,LOW,2026-06-02,,true
3165,LOW,LOW,LOW,2026-06-02,,true
3169,LOW,LOW,LOW,2026-06-02,,true
3173,LOW,LOW,LOW,2026-06-02,,true
3174,LOW,LOW,LOW,2026-06-02,,true
3179,LOW,LOW,LOW,2026-06-02,,true
3180,LOW,LOW,LOW,2026-06-02,,true
3182,LOW,LOW,LOW,2026-06-02,,true
3191,LOW,LOW,LOW,2026-06-02,,true
3195,LOW,LOW,LOW,2026-06-02,,true
3196,LOW,LOW,LOW,2026-06-02,,true
3197,LOW,LOW,LOW,2026-06-02,,true
3212,LOW,LOW,LOW,2026-06-02,,true
3213,LOW,LOW,LOW,2026-06-02,,true
3214,LOW,LOW,LOW,2026-06-02,,true
3218,LOW,LOW,LOW,2026-06-02,,true
3220,LOW,LOW,LOW,2026-06-02,,true
3223,LOW,LOW,LOW,2026-06-02,,true
3225,LOW,LOW,LOW,2026-06-02,,true
3232,LOW,LOW,LOW,2026-06-02,,true
3234,LOW,LOW,LOW,2026-06-02,,true
3236,LOW,LOW,LOW,2026-06-02,,true
3248,LOW,LOW,LOW,2026-06-02,,true
3267,LOW,LOW,LOW,2026-06-02,,true
3273,LOW,LOW,LOW,2026-06-02,,true
3276,LOW,LOW,LOW,2026-06-02,,true
3277,LOW,LOW,LOW,2026-06-02,,true
3281,LOW,LOW,LOW,2026-06-02,,true
3283,LOW,LOW,LOW,2026-06-02,,true
3288,LOW,LOW,LOW,2026-06-02,,true
3289,LOW,LOW,LOW,2026-06-02,,true
3306,LOW,LOW,LOW,2026-06-02,,true
3311,LOW,LOW,LOW,2026-06-02,,true
3323,LOW,LOW,LOW,2026-06-02,,true
3324,LOW,LOW,LOW,2026-06-02,,true
3326,LOW,LOW,LOW,2026-06-02,,true
3327,LOW,HIGH,LOW,2026-06-02,,true
3330,LOW,HIGH,LOW,2026-06-02,,true
3332,LOW,HIGH,LOW,2026-06-02,,true
3342,LOW,HIGH,LOW,2026-06-02,,true
3344,LOW,HIGH,LOW,2026-06-02,,true
3346,LOW,HIGH,LOW,2026-06-02,,true
3354,LOW,HIGH,LOW,2026-06-02,,true
3359,LOW,HIGH,LOW,2026-06-02,,true
3360,LOW,HIGH,LOW,2026-06-02,,true
3364,LOW,HIGH,LOW,2026-06-02,,true
3382,LOW,HIGH,LOW,2026-06-02,,true
3383,LOW,HIGH,LOW,2026-06-02,,true
3385,LOW,HIGH,LOW,2026-06-02,,true
3386,LOW,HIGH,LOW,2026-06-02,,true
3387,LOW,LOW,LOW,2026-06-02,,true
3390,LOW,LOW,LOW,2026-06-02,,true
3391,LOW,LOW,LOW,2026-06-02,,true
3397,LOW,LOW,LOW,2026-06-02,,true
3400,LOW,LOW,LOW,2026-06-02,,true
3401,LOW,LOW,LOW,2026-06-02,,true
3402,LOW,LOW,LOW,2026-06-02,,true
3405,LOW,LOW,LOW,2026-06-02,,true
3408,LOW,LOW,LOW,2026-06-02,,true
3410,LOW,LOW,LOW,2026-06-02,,true
3413,LOW,LOW,LOW,2026-06-02,,true
3421,LOW,LOW,LOW,2026-06-02,,true
3426,LOW,LOW,LOW,2026-06-02,,true
3427,LOW,LOW,LOW,2026-06-02,,true
3435,LOW,LOW,LOW,2026-06-02,,true
3436,LOW,LOW,LOW,2026-06-02,,true
3438,LOW,LOW,LOW,2026-06-02,,true
3439,LOW,LOW,LOW,2026-06-02,,true
3440,LOW,LOW,LOW,2026-06-02,,true
3445,LOW,LOW,LOW,2026-06-02,,true
3448,LOW,LOW,LOW,2026-06-02,,true
3449,LOW,LOW,LOW,2026-06-02,,true
3450,LOW,LOW,LOW,2026-06-02,,true
3453,LOW,HIGH,LOW,2026-06-02,,true
3454,LOW,HIGH,LOW,2026-06-02,,true
3471,LOW,HIGH,LOW,2026-06-02,,true
3479,LOW,HIGH,LOW,2026-06-02,,true
3481,LOW,HIGH,LOW,2026-06-02,,true
3485,LOW,HIGH,LOW,2026-06-02,,true
3486,LOW,HIGH,LOW,2026-06-02,,true
3488,LOW,HIGH,LOW,2026-06-02,,true
3493,LOW,HIGH,LOW,2026-06-02,,true
3497,LOW,HIGH,LOW,2026-06-02,,true
3499,LOW,HIGH,LOW,2026-06-02,,true
3507,LOW,HIGH,LOW,2026-06-02,,true
3508,LOW,HIGH,LOW,2026-06-02,,true
3509,LOW,HIGH,LOW,2026-06-02,,true
3511,LOW,HIGH,LOW,2026-06-02,,true
3512,LOW,HIGH,LOW,2026-06-02,,true
3514,LOW,LOW,LOW,2026-06-02,,true
3520,LOW,LOW,LOW,2026-06-02,,true
3527,LOW,LOW,LOW,2026-06-02,,true
3528,LOW,LOW,LOW,2026-06-02,,true
3531,LOW,LOW,LOW,2026-06-02,,true
3545,LOW,LOW,LOW,2026-06-02,,true
3548,LOW,LOW,LOW,2026-06-02,,true
3555,LOW,LOW,LOW,2026-06-02,,true
3562,LOW,LOW,LOW,2026-06-02,,true
3565,LOW,LOW,LOW,2026-06-02,,true
3572,LOW,LOW,LOW,2026-06-02,,true
3578,LOW,LOW,LOW,2026-06-02,,true
3579,LOW,HIGH,LOW,2026-06-02,,true
3587,LOW,HIGH,LOW,2026-06-02,,true
3591,LOW,HIGH,LOW,2026-06-02,,true
3593,LOW,HIGH,LOW,2026-06-02,,true
3594,LOW,HIGH,LOW,2026-06-02,,true
3605,LOW,HIGH,LOW,2026-06-02,,true
3607,LOW,HIGH,LOW,2026-06-02,,true
3610,LOW,HIGH,LOW,2026-06-02,,true
3611,LOW,HIGH,LOW,2026-06-02,,true
3614,LOW,HIGH,LOW,2026-06-02,,true
3615,LOW,HIGH,LOW,2026-06-02,,true
3617,LOW,HIGH,LOW,2026-06-02,,true
3624,LOW,HIGH,LOW,2026-06-02,,true
3626,LOW,HIGH,LOW,2026-06-02,,true
3628,LOW,HIGH,LOW,2026-06-02,,true
3630,LOW,HIGH,LOW,2026-06-02,,true
3631,LOW,HIGH,LOW,2026-06-02,,true
3636,LOW,HIGH,LOW,2026-06-02,,true
3638,LOW,HIGH,LOW,2026-06-02,,true
3644,LOW,LOW,LOW,2026-06-02,,true
3647,LOW,LOW,LOW,2026-06-02,,true
3648,LOW,LOW,LOW,2026-06-02,,true
3651,LOW,LOW,LOW,2026-06-02,,true
3655,LOW,LOW,LOW,2026-06-02,,true
3662,LOW,LOW,LOW,2026-06-02,,true
3663,LOW,LOW,LOW,2026-06-02,,true
3664,LOW,LOW,LOW,2026-06-02,,true
3672,LOW,LOW,LOW,2026-06-02,,true
3676,LOW,LOW,LOW,2026-06-02,,true
3677,LOW,LOW,LOW,2026-06-02,,true
3679,LOW,LOW,LOW,2026-06-02,,true
3682,LOW,LOW,LOW,2026-06-02,,true
3685,LOW,LOW,LOW,2026-06-02,,true
3691,LOW,LOW,LOW,2026-06-02,,true
3698,LOW,LOW,LOW,2026-06-02,,true
3701,LOW,LOW,LOW,2026-06-02,,true
3703,LOW,LOW,LOW,2026-06-02,,true
3709,LOW,LOW,LOW,2026-06-02,,true
3712,LOW,LOW,LOW,2026-06-02,,true
3719,LOW,LOW,LOW,2026-06-02,,true
3722,LOW,LOW,LOW,2026-06-02,,true
3727,LOW,LOW,LOW,2026-06-02,,true
3730,LOW,LOW,LOW,2026-06-02,,true
3732,LOW,LOW,LOW,2026-06-02,,true
3737,LOW,LOW,LOW,2026-06-02,,true
3738,LOW,LOW,LOW,2026-06-02,,true
3739,LOW,LOW,LOW,2026-06-02,,true
3742,LOW,LOW,LOW,2026-06-02,,true
3743,LOW,LOW,LOW,2026-06-02,,true
3744,LOW,LOW,LOW,2026-06-02,,true
3745,LOW,LOW,LOW,2026-06-02,,true
3746,LOW,LOW,LOW,2026-06-02,,true
3749,LOW,LOW,LOW,2026-06-02,,true
3758,LOW,LOW,LOW,2026-06-02,,true
3768,LOW,LOW,LOW,2026-06-02,,true
3771,LOW,LOW,LOW,2026-06-02,,true
3776,LOW,LOW,LOW,2026-06-02,,true
3779,LOW,LOW,LOW,2026-06-02,,true
3783,LOW,LOW,LOW,2026-06-02,,true
3787,LOW,LOW,LOW,2026-06-02,,true
3788,LOW,LOW,LOW,2026-06-02,,true
3799,LOW,LOW,LOW,2026-06-02,,true
3804,LOW,LOW,LOW,2026-06-02,,true
3814,LOW,LOW,LOW,2026-06-02,,true
3817,LOW,LOW,LOW,2026-06-02,,true
3818,LOW,LOW,LOW,2026-06-02,,true
3821,LOW,LOW,LOW,2026-06-02,,true
3822,LOW,LOW,LOW,2026-06-02,,true
3825,LOW,LOW,LOW,2026-06-02,,true
3832,LOW,LOW,LOW,2026-06-02,,true
3835,LOW,LOW,LOW,2026-06-02,,true
3840,LOW,LOW,LOW,2026-06-02,,true
3842,LOW,LOW,LOW,2026-06-02,,true
3844,LOW,LOW,LOW,2026-06-02,,true
3845,LOW,LOW,LOW,2026-06-02,,true
3846,LOW,LOW,LOW,2026-06-02,,true
3847,LOW,LOW,LOW,2026-06-02,,true
3850,LOW,LOW,LOW,2026-06-02,,true
3855,LOW,LOW,LOW,2026-06-02,,true
3867,LOW,LOW,LOW,2026-06-02,,true
3869,LOW,LOW,LOW,2026-06-02,,true
3873,LOW,LOW,LOW,2026-06-02,,true
3878,LOW,LOW,LOW,2026-06-02,,true
3880,LOW,LOW,LOW,2026-06-02,,true
3883,LOW,LOW,LOW,2026-06-02,,true
3886,LOW,LOW,LOW,2026-06-02,,true
3893,LOW,LOW,LOW,2026-06-02,,true
3900,LOW,LOW,LOW,2026-06-02,,true
3901,LOW,LOW,LOW,2026-06-02,,true
3903,LOW,LOW,LOW,2026-06-02,,true
3904,LOW,LOW,LOW,2026-06-02,,true
3909,LOW,LOW,LOW,2026-06-02,,true
3911,LOW,LOW,LOW,2026-06-02,,true
3915,LOW,LOW,LOW,2026-06-02,,true
3931,LOW,LOW,LOW,2026-06-02,,true
3933,LOW,LOW,LOW,2026-06-02,,true
3935,LOW,LOW,LOW,2026-06-02,,true
3939,LOW,LOW,LOW,2026-06-02,,true
3940,LOW,LOW,LOW,2026-06-02,,true
3955,LOW,LOW,LOW,2026-06-02,,true
3957,LOW,LOW,LOW,2026-06-02,,true
3959,LOW,LOW,LOW,2026-06-02,,true
3964,LOW,LOW,LOW,2026-06-02,,true
3965,LOW,LOW,LOW,2026-06-02,,true
3969,LOW,LOW,LOW,2026-06-02,,true
3970,LOW,LOW,LOW,2026-06-02,,true
3971,LOW,LOW,LOW,2026-06-02,,true
3972,LOW,LOW,LOW,2026-06-02,,true
3981,LOW,LOW,LOW,2026-06-02,,true
3982,LOW,LOW,LOW,2026-06-02,,true
3983,LOW,LOW,LOW,2026-06-02,,true
3990,LOW,LOW,LOW,2026-06-02,,true
3991,LOW,LOW,LOW,2026-06-02,,true
3992,LOW,LOW,LOW,2026-06-02,,true
4003,LOW,LOW,LOW,2026-06-02,,true
4008,LOW,LOW,LOW,2026-06-02,,true
4009,LOW,LOW,LOW,2026-06-02,,true
4010,LOW,LOW,LOW,2026-06-02,,true
4013,LOW,LOW,LOW,2026-06-02,,true
4017,LOW,LOW,LOW,2026-06-02,,true
4019,LOW,LOW,LOW,2026-06-02,,true
4020,LOW,LOW,LOW,2026-06-02,,true
4032,LOW,HIGH,LOW,2026-06-02,,true
4033,LOW,HIGH,LOW,2026-06-02,,true
4034,LOW,HIGH,LOW,2026-06-02,,true
4035,LOW,HIGH,LOW,2026-06-02,,true
4037,LOW,HIGH,LOW,2026-06-02,,true
4039,LOW,HIGH,LOW,2026-06-02,,true
4040,LOW,HIGH,LOW,2026-06-02,,true
4041,LOW,HIGH,LOW,2026-06-02,,true
4042,LOW,HIGH,LOW,2026-06-02,,true
4045,LOW,HIGH,LOW,2026-06-02,,true
4046,LOW,HIGH,LOW,2026-06-02,,true
4051,LOW,HIGH,LOW,2026-06-02,,true
4052,LOW,HIGH,LOW,2026-06-02,,true
4053,LOW,HIGH,LOW,2026-06-02,,true
4054,LOW,HIGH,LOW,2026-06-02,,true
4058,LOW,HIGH,LOW,2026-06-02,,true
4059,LOW,HIGH,LOW,2026-06-02,,true
4062,LOW,LOW,LOW,2026-06-02,,true
4066,LOW,LOW,LOW,2026-06-02,,true
4071,LOW,LOW,LOW,2026-06-02,,true
4074,LOW,LOW,LOW,2026-06-02,,true
4079,LOW,LOW,LOW,2026-06-02,,true
4084,LOW,LOW,LOW,2026-06-02,,true
4086,LOW,LOW,LOW,2026-06-02,,true
4090,LOW,LOW,LOW,2026-06-02,,true
4099,LOW,LOW,LOW,2026-06-02,,true
4100,LOW,LOW,LOW,2026-06-02,,true
4102,LOW,LOW,LOW,2026-06-02,,true
4107,LOW,LOW,LOW,2026-06-02,,true
4108,LOW,LOW,LOW,2026-06-02,,true
4111,LOW,LOW,LOW,2026-06-02,,true
4113,LOW,LOW,LOW,2026-06-02,,true
4117,LOW,LOW,LOW,2026-06-02,,true
4121,LOW,LOW,LOW,2026-06-02,,true
4127,LOW,LOW,LOW,2026-06-02,,true
4133,LOW,LOW,LOW,2026-06-02,,true
4134,LOW,LOW,LOW,2026-06-02,,true
4135,LOW,LOW,LOW,2026-06-02,,true
4139,LOW,LOW,LOW,2026-06-02,,true
4145,LOW,LOW,LOW,2026-06-02,,true
4146,LOW,LOW,LOW,2026-06-02,,true
4148,LOW,LOW,LOW,2026-06-02,,true
4149,LOW,LOW,LOW,2026-06-02,,true
4151,LOW,LOW,LOW,2026-06-02,,true
4153,LOW,LOW,LOW,2026-06-02,,true
4163,LOW,LOW,LOW,2026-06-02,,true
4165,LOW,LOW,LOW,2026-06-02,,true
4166,LOW,LOW,LOW,2026-06-02,,true
4173,LOW,LOW,LOW,2026-06-02,,true
4174,LOW,LOW,LOW,2026-06-02,,true
4179,LOW,LOW,LOW,2026-06-02,,true
4180,LOW,LOW,LOW,2026-06-02,,true
4183,LOW,LOW,LOW,2026-06-02,,true
4184,LOW,LOW,LOW,2026-06-02,,true
4185,LOW,LOW,LOW,2026-06-02,,true
4189,LOW,LOW,LOW,2026-06-02,,true
4192,LOW,LOW,LOW,2026-06-02,,true
4194,LOW,LOW,LOW,2026-06-02,,true
4195,LOW,LOW,LOW,2026-06-02,,true
4201,LOW,LOW,LOW,2026-06-02,,true
4203,LOW,LOW,LOW,2026-06-02,,true
4214,LOW,LOW,LOW,2026-06-02,,true
4218,LOW,LOW,LOW,2026-06-02,,true
4221,LOW,LOW,LOW,2026-06-02,,true
4222,LOW,LOW,LOW,2026-06-02,,true
4223,LOW,LOW,LOW,2026-06-02,,true
4226,LOW,LOW,LOW,2026-06-02,,true
4232,LOW,LOW,LOW,2026-06-02,,true
4234,LOW,LOW,LOW,2026-06-02,,true
4236,LOW,LOW,LOW,2026-06-02,,true
4244,LOW,LOW,LOW,2026-06-02,,true
4248,LOW,HIGH,LOW,2026-06-02,,true
4251,LOW,HIGH,LOW,2026-06-02,,true
4258,LOW,HIGH,LOW,2026-06-02,,true
4263,LOW,HIGH,LOW,2026-06-02,,true
4265,LOW,HIGH,LOW,2026-06-02,,true
4277,LOW,HIGH,LOW,2026-06-02,,true
4279,LOW,HIGH,LOW,2026-06-02,,true
4280,LOW,HIGH,LOW,2026-06-02,,true
4281,LOW,HIGH,LOW,2026-06-02,,true
4284,LOW,HIGH,LOW,2026-06-02,,true
4288,LOW,HIGH,LOW,2026-06-02,,true
4295,LOW,HIGH,LOW,2026-06-02,,true
4296,LOW,HIGH,LOW,2026-06-02,,true
4299,LOW,HIGH,LOW,2026-06-02,,true
4300,LOW,HIGH,LOW,2026-06-02,,true
4301,LOW,HIGH,LOW,2026-06-02,,true
4305,LOW,HIGH,LOW,2026-06-02,,true
4306,LOW,LOW,LOW,2026-06-02,,true
4310,LOW,HIGH,LOW,2026-06-02,,true
4315,LOW,HIGH,LOW,2026-06-02,,true
4326,LOW,HIGH,LOW,2026-06-02,,true
4328,LOW,HIGH,LOW,2026-06-02,,true
4330,LOW,HIGH,LOW,2026-06-02,,true
4337,LOW,HIGH,LOW,2026-06-02,,true
4346,LOW,HIGH,LOW,2026-06-02,,true
4348,LOW,HIGH,LOW,2026-06-02,,true
4352,LOW,HIGH,LOW,2026-06-02,,true
4353,LOW,HIGH,LOW,2026-06-02,,true
4355,LOW,HIGH,LOW,2026-06-02,,true
4359,LOW,HIGH,LOW,2026-06-02,,true
4361,LOW,HIGH,LOW,2026-06-02,,true
4365,LOW,HIGH,LOW,2026-06-02,,true
4369,LOW,LOW,LOW,2026-06-02,,true
4370,LOW,LOW,LOW,2026-06-02,,true
4383,LOW,LOW,LOW,2026-06-02,,true
4384,LOW,LOW,LOW,2026-06-02,,true
4385,LOW,LOW,LOW,2026-06-02,,true
4387,LOW,LOW,LOW,2026-06-02,,true
4388,LOW,LOW,LOW,2026-06-02,,true
4390,LOW,LOW,LOW,2026-06-02,,true
4394,LOW,LOW,LOW,2026-06-02,,true
4397,LOW,LOW,LOW,2026-06-02,,true
4404,LOW,LOW,LOW,2026-06-02,,true
4410,LOW,LOW,LOW,2026-06-02,,true
4416,LOW,LOW,LOW,2026-06-02,,true
4419,LOW,LOW,LOW,2026-06-02,,true
4422,LOW,LOW,LOW,2026-06-02,,true
4426,LOW,LOW,LOW,2026-06-02,,true
4428,LOW,LOW,LOW,2026-06-02,,true
4432,LOW,LOW,LOW,2026-06-02,,true
4440,LOW,LOW,LOW,2026-06-02,,true
4444,LOW,LOW,LOW,2026-06-02,,true
4445,LOW,LOW,LOW,2026-06-02,,true
4448,LOW,LOW,LOW,2026-06-02,,true
4450,LOW,LOW,LOW,2026-06-02,,true
4456,LOW,LOW,LOW,2026-06-02,,true
4458,LOW,LOW,LOW,2026-06-02,,true
4460,LOW,LOW,LOW,2026-06-02,,true
4467,LOW,LOW,LOW,2026-06-02,,true
4478,LOW,LOW,LOW,2026-06-02,,true
4485,LOW,LOW,LOW,2026-06-02,,true
4491,LOW,LOW,LOW,2026-06-02,,true
4492,LOW,LOW,LOW,2026-06-02,,true
4499,LOW,LOW,LOW,2026-06-02,,true
4503,LOW,LOW,LOW,2026-06-02,,true
4504,LOW,LOW,LOW,2026-06-02,,true
4510,LOW,LOW,LOW,2026-06-02,,true
4514,LOW,LOW,LOW,2026-06-02,,true
4516,LOW,LOW,LOW,2026-06-02,,true
4527,LOW,LOW,LOW,2026-06-02,,true
4529,LOW,LOW,LOW,2026-06-02,,true
4536,LOW,LOW,LOW,2026-06-02,,true
4543,LOW,LOW,LOW,2026-06-02,,true
4544,LOW,LOW,LOW,2026-06-02,,true
4547,LOW,LOW,LOW,2026-06-02,,true
4548,LOW,LOW,LOW,2026-06-02,,true
4556,LOW,LOW,LOW,2026-06-02,,true
4568,LOW,HIGH,LOW,2026-06-02,,true
4569,LOW,HIGH,LOW,2026-06-02,,true
4570,LOW,HIGH,LOW,2026-06-02,,true
4574,LOW,HIGH,LOW,2026-06-02,,true
4576,LOW,HIGH,LOW,2026-06-02,,true
4578,LOW,HIGH,LOW,2026-06-02,,true
4582,LOW,HIGH,LOW,2026-06-02,,true
4583,LOW,HIGH,LOW,2026-06-02,,true
4587,LOW,HIGH,LOW,2026-06-02,,true
4596,LOW,HIGH,LOW,2026-06-02,,true
4603,LOW,HIGH,LOW,2026-06-02,,true
4608,LOW,HIGH,LOW,2026-06-02,,true
4610,LOW,HIGH,LOW,2026-06-02,,true
4615,LOW,HIGH,LOW,2026-06-02,,true
4625,LOW,LOW,LOW,2026-06-02,,true
4626,LOW,LOW,LOW,2026-06-02,,true
4628,LOW,LOW,LOW,2026-06-02,,true
4629,LOW,LOW,LOW,2026-06-02,,true
4636,LOW,LOW,LOW,2026-06-02,,true
4637,LOW,LOW,LOW,2026-06-02,,true
4638,LOW,LOW,LOW,2026-06-02,,true
4654,LOW,LOW,LOW,2026-06-02,,true
4655,LOW,LOW,LOW,2026-06-02,,true
4673,LOW,LOW,LOW,2026-06-02,,true
4680,LOW,LOW,LOW,2026-06-02,,true
4681,LOW,LOW,LOW,2026-06-02,,true
4682,LOW,LOW,LOW,2026-06-02,,true
4683,LOW,LOW,LOW,2026-06-02,,true
4687,LOW,LOW,LOW,2026-06-02,,true
4692,LOW,LOW,LOW,2026-06-02,,true
4696,LOW,LOW,LOW,2026-06-02,,true
4698,LOW,LOW,LOW,2026-06-02,,true
4702,LOW,LOW,LOW,2026-06-02,,true
4704,LOW,LOW,LOW,2026-06-02,,true
4707,LOW,LOW,LOW,2026-06-02,,true
4724,LOW,LOW,LOW,2026-06-02,,true
4742,LOW,LOW,LOW,2026-06-02,,true
4757,LOW,LOW,LOW,2026-06-02,,true
4766,LOW,LOW,LOW,2026-06-02,,true
4767,LOW,LOW,LOW,2026-06-02,,true
4769,LOW,LOW,LOW,2026-06-02,,true
4770,LOW,LOW,LOW,2026-06-02,,true
4771,LOW,LOW,LOW,2026-06-02,,true
4777,LOW,LOW,LOW,2026-06-02,,true
4778,LOW,LOW,LOW,2026-06-02,,true
4781,LOW,LOW,LOW,2026-06-02,,true
4782,LOW,LOW,LOW,2026-06-02,,true
4785,LOW,LOW,LOW,2026-06-02,,true
4786,LOW,LOW,LOW,2026-06-02,,true
4789,LOW,LOW,LOW,2026-06-02,,true
4790,LOW,LOW,LOW,2026-06-02,,true
4792,LOW,LOW,LOW,2026-06-02,,true
4793,LOW,LOW,LOW,2026-06-02,,true
4797,LOW,LOW,LOW,2026-06-02,,true
4806,LOW,LOW,LOW,2026-06-02,,true
4808,LOW,LOW,LOW,2026-06-02,,true
4818,LOW,LOW,LOW,2026-06-02,,true
4821,LOW,LOW,LOW,2026-06-02,,true
4822,LOW,LOW,LOW,2026-06-02,,true
4829,LOW,LOW,LOW,2026-06-02,,true
4835,LOW,LOW,LOW,2026-06-02,,true
4839,LOW,LOW,LOW,2026-06-02,,true
4842,LOW,HIGH,LOW,2026-06-02,,true
4847,LOW,HIGH,LOW,2026-06-02,,true
4849,LOW,HIGH,LOW,2026-06-02,,true
4852,LOW,HIGH,LOW,2026-06-02,,true
4854,LOW,HIGH,LOW,2026-06-02,,true
4857,LOW,HIGH,LOW,2026-06-02,,true
4858,LOW,HIGH,LOW,2026-06-02,,true
4859,LOW,HIGH,LOW,2026-06-02,,true
4860,LOW,HIGH,LOW,2026-06-02,,true
4864,LOW,HIGH,LOW,2026-06-02,,true
4872,LOW,HIGH,LOW,2026-06-02,,true
4873,LOW,HIGH,LOW,2026-06-02,,true
4874,LOW,HIGH,LOW,2026-06-02,,true
4892,LOW,HIGH,LOW,2026-06-02,,true
4899,LOW,HIGH,LOW,2026-06-02,,true
4902,LOW,LOW,LOW,2026-06-02,,true
4903,LOW,LOW,LOW,2026-06-02,,true
4905,LOW,LOW,LOW,2026-06-02,,true
4906,LOW,LOW,LOW,2026-06-02,,true
4919,LOW,LOW,LOW,2026-06-02,,true
4921,LOW,LOW,LOW,2026-06-02,,true
4922,LOW,LOW,LOW,2026-06-02,,true
4927,LOW,LOW,LOW,2026-06-02,,true
4928,LOW,LOW,LOW,2026-06-02,,true
4929,LOW,LOW,LOW,2026-06-02,,true
4930,LOW,LOW,LOW,2026-06-02,,true
4932,LOW,LOW,LOW,2026-06-02,,true
4934,LOW,LOW,LOW,2026-06-02,,true
4939,LOW,LOW,LOW,2026-06-02,,true
4948,LOW,LOW,LOW,2026-06-02,,true
4957,LOW,LOW,LOW,2026-06-02,,true
4958,LOW,LOW,LOW,2026-06-02,,true
4959,LOW,LOW,LOW,2026-06-02,,true
4961,LOW,LOW,LOW,2026-06-02,,true
4962,LOW,LOW,LOW,2026-06-02,,true
4964,LOW,LOW,LOW,2026-06-02,,true
4965,LOW,LOW,LOW,2026-06-02,,true
4973,LOW,HIGH,LOW,2026-06-02,,true
4980,LOW,HIGH,LOW,2026-06-02,,true
4982,LOW,HIGH,LOW,2026-06-02,,true
4984,LOW,HIGH,LOW,2026-06-02,,true
4989,LOW,HIGH,LOW,2026-06-02,,true
4991,LOW,HIGH,LOW,2026-06-02,,true
4995,LOW,HIGH,LOW,2026-06-02,,true
5000,LOW,HIGH,LOW,2026-06-02,,true
5008,LOW,HIGH,LOW,2026-06-02,,true
5009,LOW,HIGH,LOW,2026-06-02,,true
5014,LOW,HIGH,LOW,2026-06-02,,true
5020,LOW,HIGH,LOW,2026-06-02,,true
5025,LOW,HIGH,LOW,2026-06-02,,true
5026,LOW,HIGH,LOW,2026-06-02,,true
5028,LOW,LOW,LOW,2026-06-02,,true
5029,LOW,LOW,LOW,2026-06-02,,true
5030,LOW,LOW,LOW,2026-06-02,,true
5031,LOW,LOW,LOW,2026-06-02,,true
5033,LOW,LOW,LOW,2026-06-02,,true
5034,LOW,LOW,LOW,2026-06-02,,true
5039,LOW,LOW,LOW,2026-06-02,,true
5040,LOW,LOW,LOW,2026-06-02,,true
5044,LOW,LOW,LOW,2026-06-02,,true
5045,LOW,LOW,LOW,2026-06-02,,true
5046,LOW,LOW,LOW,2026-06-02,,true
5054,LOW,LOW,LOW,2026-06-02,,true
5058,LOW,LOW,LOW,2026-06-02,,true
5065,LOW,LOW,LOW,2026-06-02,,true
5067,LOW,LOW,LOW,2026-06-02,,true
5074,LOW,LOW,LOW,2026-06-02,,true
5075,LOW,LOW,LOW,2026-06-02,,true
5085,LOW,LOW,LOW,2026-06-02,,true
5089,LOW,LOW,LOW,2026-06-02,,true
5095,LOW,LOW,LOW,2026-06-02,,true
5099,LOW,LOW,LOW,2026-06-02,,true
5102,LOW,LOW,LOW,2026-06-02,,true
5110,LOW,LOW,LOW,2026-06-02,,true
5113,LOW,LOW,LOW,2026-06-02,,true
5117,LOW,LOW,LOW,2026-06-02,,true
5118,LOW,LOW,LOW,2026-06-02,,true
5119,LOW,LOW,LOW,2026-06-02,,true
5121,LOW,LOW,LOW,2026-06-02,,true
5133,LOW,LOW,LOW,2026-06-02,,true
5137,LOW,LOW,LOW,2026-06-02,,true
5149,LOW,LOW,LOW,2026-06-02,,true
5153,LOW,LOW,LOW,2026-06-02,,true
5157,LOW,LOW,LOW,2026-06-02,,true
5158,LOW,LOW,LOW,2026-06-02,,true
5161,LOW,LOW,LOW,2026-06-02,,true
5165,LOW,HIGH,LOW,2026-06-02,,true
5172,LOW,HIGH,LOW,2026-06-02,,true
5185,LOW,HIGH,LOW,2026-06-02,,true
5189,LOW,HIGH,LOW,2026-06-02,,true
5193,LOW,HIGH,LOW,2026-06-02,,true
5198,LOW,HIGH,LOW,2026-06-02,,true
5199,LOW,HIGH,LOW,2026-06-02,,true
5203,LOW,HIGH,LOW,2026-06-02,,true
5206,LOW,LOW,LOW,2026-06-02,,true
5210,LOW,LOW,LOW,2026-06-02,,true
5213,LOW,LOW,LOW,2026-06-02,,true
5215,LOW,LOW,LOW,2026-06-02,,true
5219,LOW,LOW,LOW,2026-06-02,,true
5227,LOW,LOW,LOW,2026-06-02,,true
5229,LOW,LOW,LOW,2026-06-02,,true
5231,LOW,LOW,LOW,2026-06-02,,true
5236,LOW,LOW,LOW,2026-06-02,,true
5245,LOW,LOW,LOW,2026-06-02,,true
5247,LOW,LOW,LOW,2026-06-02,,true
5253,LOW,LOW,LOW,2026-06-02,,true
5254,LOW,LOW,LOW,2026-06-02,,true
5257,LOW,LOW,LOW,2026-06-02,,true
5258,LOW,LOW,LOW,2026-06-02,,true
5260,LOW,LOW,LOW,2026-06-02,,true
5267,LOW,LOW,LOW,2026-06-02,,true
5270,LOW,LOW,LOW,2026-06-02,,true
5273,LOW,LOW,LOW,2026-06-02,,true
5274,LOW,LOW,LOW,2026-06-02,,true
5276,LOW,LOW,LOW,2026-06-02,,true
5278,LOW,LOW,LOW,2026-06-02,,true
5279,LOW,LOW,LOW,2026-06-02,,true
5283,LOW,LOW,LOW,2026-06-02,,true
5284,LOW,LOW,LOW,2026-06-02,,true
5286,LOW,LOW,LOW,2026-06-02,,true
5295,LOW,LOW,LOW,2026-06-02,,true
5297,LOW,LOW,LOW,2026-06-02,,true
5312,LOW,LOW,LOW,2026-06-02,,true
5325,LOW,LOW,LOW,2026-06-02,,true
5330,LOW,LOW,LOW,2026-06-02,,true
5333,LOW,LOW,LOW,2026-06-02,,true
5336,LOW,LOW,LOW,2026-06-02,,true
5341,LOW,LOW,LOW,2026-06-02,,true
5345,LOW,LOW,LOW,2026-06-02,,true
5355,LOW,LOW,LOW,2026-06-02,,true
5356,LOW,LOW,LOW,2026-06-02,,true
5365,LOW,LOW,LOW,2026-06-02,,true
5366,LOW,LOW,LOW,2026-06-02,,true
5367,LOW,LOW,LOW,2026-06-02,,true
5368,LOW,LOW,LOW,2026-06-02,,true
5374,LOW,LOW,LOW,2026-06-02,,true
5377,LOW,LOW,LOW,2026-06-02,,true
5380,LOW,LOW,LOW,2026-06-02,,true
5386,LOW,LOW,LOW,2026-06-02,,true
5387,LOW,LOW,LOW,2026-06-02,,true
5398,LOW,LOW,LOW,2026-06-02,,true
5400,LOW,LOW,LOW,2026-06-02,,true
5403,LOW,LOW,LOW,2026-06-02,,true
5406,LOW,LOW,LOW,2026-06-02,,true
5408,LOW,LOW,LOW,2026-06-02,,true
5419,LOW,LOW,LOW,2026-06-02,,true
5420,LOW,LOW,LOW,2026-06-02,,true
5422,LOW,LOW,LOW,2026-06-02,,true
5424,LOW,LOW,LOW,2026-06-02,,true
5425,LOW,LOW,LOW,2026-06-02,,true
5427,LOW,LOW,LOW,2026-06-02,,true
5440,LOW,LOW,LOW,2026-06-02,,true
5446,LOW,LOW,LOW,2026-06-02,,true
5448,LOW,LOW,LOW,2026-06-02,,true
5449,LOW,LOW,LOW,2026-06-02,,true
5461,LOW,LOW,LOW,2026-06-02,,true
5462,LOW,LOW,LOW,2026-06-02,,true
5464,LOW,LOW,LOW,2026-06-02,,true
5467,LOW,LOW,LOW,2026-06-02,,true
5471,LOW,LOW,LOW,2026-06-02,,true
5487,LOW,LOW,LOW,2026-06-02,,true
5488,LOW,LOW,LOW,2026-06-02,,true
5489,LOW,LOW,LOW,2026-06-02,,true
5491,LOW,LOW,LOW,2026-06-02,,true
5493,LOW,LOW,LOW,2026-06-02,,true
5497,LOW,LOW,LOW,2026-06-02,,true
5498,LOW,LOW,LOW,2026-06-02,,true
5499,LOW,LOW,LOW,2026-06-02,,true
5502,LOW,LOW,LOW,2026-06-02,,true
5521,LOW,HIGH,LOW,2026-06-02,,true
5525,LOW,HIGH,LOW,2026-06-02,,true
5534,LOW,HIGH,LOW,2026-06-02,,true
5542,LOW,HIGH,LOW,2026-06-02,,true
5547,LOW,HIGH,LOW,2026-06-02,,true
5553,LOW,HIGH,LOW,2026-06-02,,true
5556,LOW,HIGH,LOW,2026-06-02,,true
5559,LOW,HIGH,LOW,2026-06-02,,true
5564,LOW,HIGH,LOW,2026-06-02,,true
5569,HIGH,LOW,HIGH,2026-06-02,,true
5576,LOW,LOW,LOW,2026-06-02,,true
5579,LOW,LOW,LOW,2026-06-02,,true
5580,LOW,LOW,LOW,2026-06-02,,true
5581,LOW,LOW,LOW,2026-06-02,,true
5590,LOW,LOW,LOW,2026-06-02,,true
5593,LOW,LOW,LOW,2026-06-02,,true
5599,LOW,LOW,LOW,2026-06-02,,true
5603,LOW,LOW,LOW,2026-06-02,,true
5609,LOW,LOW,LOW,2026-06-02,,true
5611,LOW,LOW,LOW,2026-06-02,,true
5613,LOW,LOW,LOW,2026-06-02,,true
5616,LOW,LOW,LOW,2026-06-02,,true
5617,LOW,LOW,LOW,2026-06-02,,true
5619,LOW,LOW,LOW,2026-06-02,,true
5622,LOW,LOW,LOW,2026-06-02,,true
5623,LOW,LOW,LOW,2026-06-02,,true
5633,LOW,LOW,LOW,2026-06-02,,true
5636,LOW,HIGH,LOW,2026-06-02,,true
5638,LOW,HIGH,LOW,2026-06-02,,true
5640,LOW,HIGH,LOW,2026-06-02,,true
5649,LOW,HIGH,LOW,2026-06-02,,true
5652,LOW,HIGH,LOW,2026-06-02,,true
5655,LOW,HIGH,LOW,2026-06-02,,true
5663,LOW,HIGH,LOW,2026-06-02,,true
5669,LOW,HIGH,LOW,2026-06-02,,true
5673,LOW,HIGH,LOW,2026-06-02,,true
5676,LOW,HIGH,LOW,2026-06-02,,true
5677,LOW,HIGH,LOW,2026-06-02,,true
5680,LOW,HIGH,LOW,2026-06-02,,true
5681,LOW,HIGH,LOW,2026-06-02,,true
5682,LOW,HIGH,LOW,2026-06-02,,true
5683,LOW,HIGH,LOW,2026-06-02,,true
5689,LOW,HIGH,LOW,2026-06-02,,true
5693,LOW,HIGH,LOW,2026-06-02,,true
5698,LOW,LOW,LOW,2026-06-02,,true
5702,LOW,LOW,LOW,2026-06-02,,true
5706,LOW,LOW,LOW,2026-06-02,,true
5713,LOW,LOW,LOW,2026-06-02,,true
5714,LOW,LOW,LOW,2026-06-02,,true
5723,LOW,LOW,LOW,2026-06-02,,true
5727,LOW,LOW,LOW,2026-06-02,,true
5728,LOW,LOW,LOW,2026-06-02,,true
5729,LOW,LOW,LOW,2026-06-02,,true
5735,LOW,LOW,LOW,2026-06-02,,true
5742,LOW,LOW,LOW,2026-06-02,,true
5747,LOW,LOW,LOW,2026-06-02,,true
5748,LOW,LOW,LOW,2026-06-02,,true
5750,LOW,LOW,LOW,2026-06-02,,true
5759,LOW,LOW,LOW,2026-06-02,,true
5762,LOW,LOW,LOW,2026-06-02,,true
5766,LOW,LOW,LOW,2026-06-02,,true
5770,LOW,LOW,LOW,2026-06-02,,true
5776,LOW,LOW,LOW,2026-06-02,,true
5792,LOW,LOW,LOW,2026-06-02,,true
5793,LOW,LOW,LOW,2026-06-02,,true
5800,LOW,LOW,LOW,2026-06-02,,true
5811,LOW,LOW,LOW,2026-06-02,,true
5812,LOW,LOW,LOW,2026-06-02,,true
5822,LOW,LOW,LOW,2026-06-02,,true
5828,LOW,LOW,LOW,2026-06-02,,true
5829,LOW,LOW,LOW,2026-06-02,,true
5833,LOW,LOW,LOW,2026-06-02,,true
5834,LOW,LOW,LOW,2026-06-02,,true
5841,LOW,LOW,LOW,2026-06-02,,true
5844,LOW,LOW,LOW,2026-06-02,,true
5852,LOW,LOW,LOW,2026-06-02,,true
5853,LOW,LOW,LOW,2026-06-02,,true
5860,LOW,LOW,LOW,2026-06-02,,true
5867,LOW,LOW,LOW,2026-06-02,,true
5870,LOW,LOW,LOW,2026-06-02,,true
5871,LOW,LOW,LOW,2026-06-02,,true
5875,LOW,LOW,LOW,2026-06-02,,true
5881,LOW,LOW,LOW,2026-06-02,,true
5887,LOW,LOW,LOW,2026-06-02,,true
5892,LOW,LOW,LOW,2026-06-02,,true
5893,LOW,LOW,LOW,2026-06-02,,true
5896,LOW,LOW,LOW,2026-06-02,,true
5899,LOW,LOW,LOW,2026-06-02,,true
5905,LOW,LOW,LOW,2026-06-02,,true
5906,LOW,LOW,LOW,2026-06-02,,true
5909,LOW,LOW,LOW,2026-06-02,,true
5913,LOW,LOW,LOW,2026-06-02,,true
5915,LOW,LOW,LOW,2026-06-02,,true
5917,LOW,LOW,LOW,2026-06-02,,true
5919,LOW,LOW,LOW,2026-06-02,,true
5922,LOW,LOW,LOW,2026-06-02,,true
5923,LOW,LOW,LOW,2026-06-02,,true
5932,LOW,LOW,LOW,2026-06-02,,true
5936,LOW,LOW,LOW,2026-06-02,,true
5940,LOW,LOW,LOW,2026-06-02,,true
5948,LOW,LOW,LOW,2026-06-02,,true
5952,LOW,LOW,LOW,2026-06-02,,true
5956,LOW,LOW,LOW,2026-06-02,,true
5958,LOW,LOW,LOW,2026-06-02,,true
5964,LOW,LOW,LOW,2026-06-02,,true
5969,LOW,LOW,LOW,2026-06-02,,true
5971,LOW,LOW,LOW,2026-06-02,,true
5972,LOW,LOW,LOW,2026-06-02,,true
5977,LOW,LOW,LOW,2026-06-02,,true
5981,LOW,LOW,LOW,2026-06-02,,true
5992,LOW,LOW,LOW,2026-06-02,,true
5995,LOW,LOW,LOW,2026-06-02,,true
5996,LOW,LOW,LOW,2026-06-02,,true
6000,LOW,LOW,LOW,2026-06-02,,true
6006,LOW,LOW,LOW,2026-06-02,,true
6010,LOW,LOW,LOW,2026-06-02,,true
6012,LOW,LOW,LOW,2026-06-02,,true
6015,LOW,LOW,LOW,2026-06-02,,true
6020,LOW,LOW,LOW,2026-06-02,,true
6022,LOW,LOW,LOW,2026-06-02,,true
6026,LOW,LOW,LOW,2026-06-02,,true
6030,LOW,LOW,LOW,2026-06-02,,true
6031,LOW,LOW,LOW,2026-06-02,,true
6033,LOW,LOW,LOW,2026-06-02,,true
6036,LOW,LOW,LOW,2026-06-02,,true
6039,LOW,LOW,LOW,2026-06-02,,true
6042,LOW,LOW,LOW,2026-06-02,,true
6048,LOW,LOW,LOW,2026-06-02,,true
6050,LOW,LOW,LOW,2026-06-02,,true
6052,LOW,LOW,LOW,2026-06-02,,true
6053,LOW,LOW,LOW,2026-06-02,,true
6057,LOW,HIGH,LOW,2026-06-02,,true
6060,LOW,HIGH,LOW,2026-06-02,,true
6061,LOW,HIGH,LOW,2026-06-02,,true
6062,LOW,HIGH,LOW,2026-06-02,,true
6065,LOW,HIGH,LOW,2026-06-02,,true
6071,LOW,HIGH,LOW,2026-06-02,,true
6078,LOW,HIGH,LOW,2026-06-02,,true
6088,LOW,HIGH,LOW,2026-06-02,,true
6090,LOW,HIGH,LOW,2026-06-02,,true
6092,LOW,HIGH,LOW,2026-06-02,,true
6095,LOW,HIGH,LOW,2026-06-02,,true
6098,LOW,HIGH,LOW,2026-06-02,,true
6100,LOW,HIGH,LOW,2026-06-02,,true
6113,LOW,HIGH,LOW,2026-06-02,,true
6118,LOW,LOW,LOW,2026-06-02,,true
6119,LOW,LOW,LOW,2026-06-02,,true
6125,LOW,LOW,LOW,2026-06-02,,true
6135,LOW,LOW,LOW,2026-06-02,,true
6136,LOW,LOW,LOW,2026-06-02,,true
6140,LOW,LOW,LOW,2026-06-02,,true
6143,LOW,LOW,LOW,2026-06-02,,true
6144,LOW,LOW,LOW,2026-06-02,,true
6152,LOW,LOW,LOW,2026-06-02,,true
6161,LOW,LOW,LOW,2026-06-02,,true
6168,LOW,LOW,LOW,2026-06-02,,true
6186,LOW,LOW,LOW,2026-06-02,,true
6187,LOW,LOW,LOW,2026-06-02,,true
6192,LOW,LOW,LOW,2026-06-02,,true
6202,LOW,LOW,LOW,2026-06-02,,true
6203,LOW,LOW,LOW,2026-06-02,,true
6204,LOW,LOW,LOW,2026-06-02,,true
6206,LOW,LOW,LOW,2026-06-02,,true
6209,LOW,LOW,LOW,2026-06-02,,true
6211,LOW,LOW,LOW,2026-06-02,,true
6224,LOW,LOW,LOW,2026-06-02,,true
6226,LOW,LOW,LOW,2026-06-02,,true
6227,LOW,LOW,LOW,2026-06-02,,true
6229,LOW,LOW,LOW,2026-06-02,,true
6233,LOW,LOW,LOW,2026-06-02,,true
6235,LOW,LOW,LOW,2026-06-02,,true
6243,LOW,LOW,LOW,2026-06-02,,true
6248,LOW,LOW,LOW,2026-06-02,,true
6249,LOW,LOW,LOW,2026-06-02,,true
6255,LOW,LOW,LOW,2026-06-02,,true
6257,LOW,LOW,LOW,2026-06-02,,true
6258,LOW,LOW,LOW,2026-06-02,,true
6259,LOW,LOW,LOW,2026-06-02,,true
6263,LOW,LOW,LOW,2026-06-02,,true
6273,LOW,LOW,LOW,2026-06-02,,true
6280,LOW,LOW,LOW,2026-06-02,,true
6282,LOW,LOW,LOW,2026-06-02,,true
6286,LOW,LOW,LOW,2026-06-02,,true
6290,LOW,LOW,LOW,2026-06-02,,true
6292,LOW,LOW,LOW,2026-06-02,,true
6294,LOW,LOW,LOW,2026-06-02,,true
6308,LOW,LOW,LOW,2026-06-02,,true
6309,LOW,LOW,LOW,2026-06-02,,true
6311,LOW,LOW,LOW,2026-06-02,,true
6315,LOW,LOW,LOW,2026-06-02,,true
6318,LOW,LOW,LOW,2026-06-02,,true
6321,LOW,LOW,LOW,2026-06-02,,true
6322,LOW,LOW,LOW,2026-06-02,,true
6328,LOW,LOW,LOW,2026-06-02,,true
6329,LOW,LOW,LOW,2026-06-02,,true
6332,LOW,LOW,LOW,2026-06-02,,true
6336,LOW,LOW,LOW,2026-06-02,,true
6339,LOW,LOW,LOW,2026-06-02,,true
6340,LOW,LOW,LOW,2026-06-02,,true
6343,LOW,LOW,LOW,2026-06-02,,true
6344,LOW,LOW,LOW,2026-06-02,,true
6347,LOW,LOW,LOW,2026-06-02,,true
6351,LOW,HIGH,LOW,2026-06-02,,true
6352,LOW,HIGH,LOW,2026-06-02,,true
6353,LOW,HIGH,LOW,2026-06-02,,true
6355,LOW,HIGH,LOW,2026-06-02,,true
6358,LOW,HIGH,LOW,2026-06-02,,true
6360,LOW,HIGH,LOW,2026-06-02,,true
6361,LOW,HIGH,LOW,2026-06-02,,true
6363,LOW,HIGH,LOW,2026-06-02,,true
6365,LOW,HIGH,LOW,2026-06-02,,true
6366,LOW,HIGH,LOW,2026-06-02,,true
6372,LOW,HIGH,LOW,2026-06-02,,true
6378,LOW,HIGH,LOW,2026-06-02,,true
6380,LOW,HIGH,LOW,2026-06-02,,true
6385,LOW,HIGH,LOW,2026-06-02,,true
6389,LOW,HIGH,LOW,2026-06-02,,true
6392,LOW,HIGH,LOW,2026-06-02,,true
6395,LOW,HIGH,LOW,2026-06-02,,true
6397,LOW,HIGH,LOW,2026-06-02,,true
6399,LOW,HIGH,LOW,2026-06-02,,true
6410,LOW,HIGH,LOW,2026-06-02,,true
6411,LOW,LOW,LOW,2026-06-02,,true
6415,LOW,LOW,LOW,2026-06-02,,true
6420,LOW,LOW,LOW,2026-06-02,,true
6428,LOW,LOW,LOW,2026-06-02,,true
6430,LOW,LOW,LOW,2026-06-02,,true
6433,LOW,LOW,LOW,2026-06-02,,true
6434,LOW,LOW,LOW,2026-06-02,,true
6441,LOW,LOW,LOW,2026-06-02,,true
6444,LOW,LOW,LOW,2026-06-02,,true
6445,LOW,LOW,LOW,2026-06-02,,true
6451,LOW,LOW,LOW,2026-06-02,,true
6455,LOW,LOW,LOW,2026-06-02,,true
6459,LOW,LOW,LOW,2026-06-02,,true
6463,LOW,LOW,LOW,2026-06-02,,true
6467,LOW,LOW,LOW,2026-06-02,,true
6468,LOW,LOW,LOW,2026-06-02,,true
6473,LOW,LOW,LOW,2026-06-02,,true
6478,LOW,LOW,LOW,2026-06-02,,true
6479,LOW,LOW,LOW,2026-06-02,,true
6480,LOW,LOW,LOW,2026-06-02,,true
6481,LOW,LOW,LOW,2026-06-02,,true
6483,LOW,LOW,LOW,2026-06-02,,true
6485,LOW,LOW,LOW,2026-06-02,,true
6489,LOW,LOW,LOW,2026-06-02,,true
6491,LOW,LOW,LOW,2026-06-02,,true
6494,LOW,LOW,LOW,2026-06-02,,true
6495,LOW,LOW,LOW,2026-06-02,,true
6504,LOW,LOW,LOW,2026-06-02,,true
6509,LOW,LOW,LOW,2026-06-02,,true
6512,LOW,LOW,LOW,2026-06-02,,true
6516,LOW,LOW,LOW,2026-06-02,,true
6517,LOW,LOW,LOW,2026-06-02,,true
6519,LOW,LOW,LOW,2026-06-02,,true
6523,LOW,LOW,LOW,2026-06-02,,true
6524,LOW,LOW,LOW,2026-06-02,,true
6526,LOW,LOW,LOW,2026-06-02,,true
6531,LOW,LOW,LOW,2026-06-02,,true
6535,LOW,LOW,LOW,2026-06-02,,true
6536,LOW,LOW,LOW,2026-06-02,,true
6541,LOW,LOW,LOW,2026-06-02,,true
6542,LOW,LOW,LOW,2026-06-02,,true
6550,LOW,LOW,LOW,2026-06-02,,true
6552,LOW,LOW,LOW,2026-06-02,,true
6557,LOW,LOW,LOW,2026-06-02,,true
6559,LOW,LOW,LOW,2026-06-02,,true
6560,LOW,LOW,LOW,2026-06-02,,true
6564,LOW,LOW,LOW,2026-06-02,,true
6565,LOW,LOW,LOW,2026-06-02,,true
6568,LOW,LOW,LOW,2026-06-02,,true
6571,LOW,LOW,LOW,2026-06-02,,true
6573,LOW,LOW,LOW,2026-06-02,,true
6574,LOW,LOW,LOW,2026-06-02,,true
6588,LOW,LOW,LOW,2026-06-02,,true
6591,LOW,LOW,LOW,2026-06-02,,true
6593,LOW,LOW,LOW,2026-06-02,,true
6594,LOW,LOW,LOW,2026-06-02,,true
6595,LOW,LOW,LOW,2026-06-02,,true
6600,LOW,LOW,LOW,2026-06-02,,true
6601,LOW,LOW,LOW,2026-06-02,,true
6603,LOW,LOW,LOW,2026-06-02,,true
6604,LOW,LOW,LOW,2026-06-02,,true
6605,LOW,LOW,LOW,2026-06-02,,true
6607,LOW,LOW,LOW,2026-06-02,,true
6610,LOW,LOW,LOW,2026-06-02,,true
6612,LOW,LOW,LOW,2026-06-02,,true
6616,LOW,LOW,LOW,2026-06-02,,true
6617,LOW,LOW,LOW,2026-06-02,,true
6619,LOW,LOW,LOW,2026-06-02,,true
6621,LOW,LOW,LOW,2026-06-02,,true
6624,LOW,LOW,LOW,2026-06-02,,true
6635,LOW,LOW,LOW,2026-06-02,,true
6642,LOW,LOW,LOW,2026-06-02,,true
6648,LOW,LOW,LOW,2026-06-02,,true
6649,LOW,LOW,LOW,2026-06-02,,true
6652,LOW,LOW,LOW,2026-06-02,,true
6656,LOW,LOW,LOW,2026-06-02,,true
6667,LOW,LOW,LOW,2026-06-02,,true
6684,LOW,LOW,LOW,2026-06-02,,true
6694,LOW,LOW,LOW,2026-06-02,,true
6699,LOW,LOW,LOW,2026-06-02,,true
6703,LOW,LOW,LOW,2026-06-02,,true
6705,LOW,LOW,LOW,2026-06-02,,true
6709,LOW,LOW,LOW,2026-06-02,,true
6712,LOW,LOW,LOW,2026-06-02,,true
6713,LOW,LOW,LOW,2026-06-02,,true
6718,LOW,LOW,LOW,2026-06-02,,true
6723,LOW,LOW,LOW,2026-06-02,,true
6726,LOW,LOW,LOW,2026-06-02,,true
6733,LOW,LOW,LOW,2026-06-02,,true
6735,LOW,LOW,LOW,2026-06-02,,true
6738,LOW,LOW,LOW,2026-06-02,,true
6751,LOW,LOW,LOW,2026-06-02,,true
6755,LOW,LOW,LOW,2026-06-02,,true
6756,LOW,LOW,LOW,2026-06-02,,true
6759,LOW,LOW,LOW,2026-06-02,,true
6760,LOW,LOW,LOW,2026-06-02,,true
6762,LOW,LOW,LOW,2026-06-02,,true
6765,LOW,LOW,LOW,2026-06-02,,true
6768,LOW,LOW,LOW,2026-06-02,,true
6773,LOW,LOW,LOW,2026-06-02,,true
6781,LOW,LOW,LOW,2026-06-02,,true
6792,LOW,LOW,LOW,2026-06-02,,true
6793,LOW,LOW,LOW,2026-06-02,,true
6795,LOW,LOW,LOW,2026-06-02,,true
6801,LOW,LOW,LOW,2026-06-02,,true
6804,LOW,LOW,LOW,2026-06-02,,true
6808,LOW,LOW,LOW,2026-06-02,,true
6814,LOW,LOW,LOW,2026-06-02,,true
6817,LOW,LOW,LOW,2026-06-02,,true
6818,LOW,LOW,LOW,2026-06-02,,true
6827,LOW,LOW,LOW,2026-06-02,,true
6837,LOW,LOW,LOW,2026-06-02,,true
6842,LOW,LOW,LOW,2026-06-02,,true
6843,LOW,LOW,LOW,2026-06-02,,true
6845,LOW,LOW,LOW,2026-06-02,,true
6846,LOW,LOW,LOW,2026-06-02,,true
6850,LOW,LOW,LOW,2026-06-02,,true
6853,LOW,LOW,LOW,2026-06-02,,true
6855,LOW,LOW,LOW,2026-06-02,,true
6858,LOW,LOW,LOW,2026-06-02,,true
6863,LOW,LOW,LOW,2026-06-02,,true
6864,LOW,LOW,LOW,2026-06-02,,true
6866,LOW,LOW,LOW,2026-06-02,,true
6867,LOW,LOW,LOW,2026-06-02,,true
6870,LOW,LOW,LOW,2026-06-02,,true
6877,LOW,LOW,LOW,2026-06-02,,true
6882,LOW,LOW,LOW,2026-06-02,,true
6887,LOW,LOW,LOW,2026-06-02,,true
6889,LOW,LOW,LOW,2026-06-02,,true
6894,LOW,LOW,LOW,2026-06-02,,true
6900,LOW,LOW,LOW,2026-06-02,,true
6907,LOW,LOW,LOW,2026-06-02,,true
6908,LOW,LOW,LOW,2026-06-02,,true
6910,LOW,LOW,LOW,2026-06-02,,true
6921,LOW,LOW,LOW,2026-06-02,,true
6923,LOW,LOW,LOW,2026-06-02,,true
6931,LOW,LOW,LOW,2026-06-02,,true
6933,LOW,LOW,LOW,2026-06-02,,true
6937,LOW,LOW,LOW,2026-06-02,,true
6938,LOW,LOW,LOW,2026-06-02,,true
6941,LOW,LOW,LOW,2026-06-02,,true
6942,LOW,LOW,LOW,2026-06-02,,true
6952,LOW,LOW,LOW,2026-06-02,,true
6960,LOW,LOW,LOW,2026-06-02,,true
6968,LOW,LOW,LOW,2026-06-02,,true
6971,LOW,LOW,LOW,2026-06-02,,true
6974,LOW,LOW,LOW,2026-06-02,,true
6982,LOW,LOW,LOW,2026-06-02,,true
6983,LOW,LOW,LOW,2026-06-02,,true
6998,LOW,LOW,LOW,2026-06-02,,true
6999,LOW,LOW,LOW,2026-06-02,,true
7000,LOW,LOW,LOW,2026-06-02,,true
7003,LOW,LOW,LOW,2026-06-02,,true
7006,LOW,LOW,LOW,2026-06-02,,true
7008,LOW,LOW,LOW,2026-06-02,,true
7011,LOW,LOW,LOW,2026-06-02,,true
7012,LOW,LOW,LOW,2026-06-02,,true
7020,LOW,LOW,LOW,2026-06-02,,true
7023,LOW,LOW,LOW,2026-06-02,,true
7038,LOW,HIGH,LOW,2026-06-02,,true
7044,LOW,HIGH,LOW,2026-06-02,,true
7046,LOW,HIGH,LOW,2026-06-02,,true
7047,LOW,HIGH,LOW,2026-06-02,,true
7049,LOW,HIGH,LOW,2026-06-02,,true
7051,LOW,HIGH,LOW,2026-06-02,,true
7053,LOW,HIGH,LOW,2026-06-02,,true
7055,LOW,HIGH,LOW,2026-06-02,,true
7058,LOW,HIGH,LOW,2026-06-02,,true
7065,LOW,HIGH,LOW,2026-06-02,,true
7072,LOW,HIGH,LOW,2026-06-02,,true
7076,LOW,HIGH,LOW,2026-06-02,,true
7082,LOW,HIGH,LOW,2026-06-02,,true
7085,LOW,HIGH,LOW,2026-06-02,,true
7089,LOW,HIGH,LOW,2026-06-02,,true
7090,LOW,HIGH,LOW,2026-06-02,,true
7091,LOW,HIGH,LOW,2026-06-02,,true
7092,LOW,HIGH,LOW,2026-06-02,,true
7095,LOW,HIGH,LOW,2026-06-02,,true
7098,LOW,LOW,LOW,2026-06-02,,true
7100,LOW,LOW,LOW,2026-06-02,,true
7102,LOW,LOW,LOW,2026-06-02,,true
7111,LOW,LOW,LOW,2026-06-02,,true
7136,LOW,LOW,LOW,2026-06-02,,true
7137,LOW,LOW,LOW,2026-06-02,,true
7138,LOW,LOW,LOW,2026-06-02,,true
7140,LOW,LOW,LOW,2026-06-02,,true
7144,LOW,LOW,LOW,2026-06-02,,true
7145,LOW,LOW,LOW,2026-06-02,,true
7155,LOW,LOW,LOW,2026-06-02,,true
7156,LOW,LOW,LOW,2026-06-02,,true
7157,LOW,LOW,LOW,2026-06-02,,true
7158,LOW,LOW,LOW,2026-06-02,,true
7159,LOW,LOW,LOW,2026-06-02,,true
7161,LOW,HIGH,LOW,2026-06-02,,true
7166,LOW,HIGH,LOW,2026-06-02,,true
7170,LOW,HIGH,LOW,2026-06-02,,true
7179,LOW,HIGH,LOW,2026-06-02,,true
7180,LOW,HIGH,LOW,2026-06-02,,true
7181,LOW,HIGH,LOW,2026-06-02,,true
7188,LOW,HIGH,LOW,2026-06-02,,true
7196,LOW,HIGH,LOW,2026-06-02,,true
7198,LOW,HIGH,LOW,2026-06-02,,true
7201,LOW,HIGH,LOW,2026-06-02,,true
7205,LOW,HIGH,LOW,2026-06-02,,true
7206,LOW,HIGH,LOW,2026-06-02,,true
7210,LOW,HIGH,LOW,2026-06-02,,true
7213,LOW,HIGH,LOW,2026-06-02,,true
7214,LOW,HIGH,LOW,2026-06-02,,true
7219,LOW,HIGH,LOW,2026-06-02,,true
7220,LOW,HIGH,LOW,2026-06-02,,true
7224,LOW,HIGH,LOW,2026-06-02,,true
7225,LOW,HIGH,LOW,2026-06-02,,true
7226,LOW,HIGH,LOW,2026-06-02,,true
7228,LOW,HIGH,LOW,2026-06-02,,true
7231,LOW,HIGH,LOW,2026-06-02,,true
7234,LOW,HIGH,LOW,2026-06-02,,true
7235,LOW,HIGH,LOW,2026-06-02,,true
7238,HIGH,LOW,HIGH,2026-06-02,,true
7240,HIGH,LOW,HIGH,2026-06-02,,true
7245,HIGH,LOW,HIGH,2026-06-02,,true
7247,HIGH,LOW,HIGH,2026-06-02,,true
7252,HIGH,LOW,HIGH,2026-06-02,,true
7256,HIGH,LOW,HIGH,2026-06-02,,true
7263,HIGH,LOW,HIGH,2026-06-02,,true
7264,HIGH,LOW,HIGH,2026-06-02,,true
7267,HIGH,LOW,HIGH,2026-06-02,,true
7268,HIGH,LOW,HIGH,2026-06-02,,true
7269,HIGH,LOW,HIGH,2026-06-02,,true
7276,HIGH,LOW,HIGH,2026-06-02,,true
7280,HIGH,LOW,HIGH,2026-06-02,,true
7298,LOW,LOW,LOW,2026-06-02,,true
7299,LOW,LOW,LOW,2026-06-02,,true
7302,LOW,LOW,LOW,2026-06-02,,true
7304,LOW,LOW,LOW,2026-06-02,,true
7310,LOW,LOW,LOW,2026-06-02,,true
7314,LOW,LOW,LOW,2026-06-02,,true
7316,LOW,LOW,LOW,2026-06-02,,true
7317,LOW,LOW,LOW,2026-06-02,,true
7322,LOW,LOW,LOW,2026-06-02,,true
7334,LOW,LOW,LOW,2026-06-02,,true
7336,LOW,LOW,LOW,2026-06-02,,true
7339,LOW,LOW,LOW,2026-06-02,,true
7342,LOW,LOW,LOW,2026-06-02,,true
7346,LOW,LOW,LOW,2026-06-02,,true
7348,LOW,HIGH,LOW,2026-06-02,,true
7349,LOW,HIGH,LOW,2026-06-02,,true
7350,LOW,HIGH,LOW,2026-06-02,,true
7352,LOW,HIGH,LOW,2026-06-02,,true
7363,LOW,HIGH,LOW,2026-06-02,,true
7367,LOW,HIGH,LOW,2026-06-02,,true
7374,LOW,HIGH,LOW,2026-06-02,,true
7380,LOW,HIGH,LOW,2026-06-02,,true
7387,LOW,HIGH,LOW,2026-06-02,,true
7399,LOW,HIGH,LOW,2026-06-02,,true
7402,LOW,HIGH,LOW,2026-06-02,,true
7409,LOW,LOW,LOW,2026-06-02,,true
7410,LOW,LOW,LOW,2026-06-02,,true
7412,LOW,LOW,LOW,2026-06-02,,true
7414,LOW,LOW,LOW,2026-06-02,,true
7415,LOW,LOW,LOW,2026-06-02,,true
7417,LOW,LOW,LOW,2026-06-02,,true
7418,LOW,LOW,LOW,2026-06-02,,true
7419,LOW,LOW,LOW,2026-06-02,,true
7425,LOW,LOW,LOW,2026-06-02,,true
7433,LOW,LOW,LOW,2026-06-02,,true
7438,LOW,LOW,LOW,2026-06-02,,true
7440,LOW,LOW,LOW,2026-06-02,,true
7443,LOW,LOW,LOW,2026-06-02,,true
7446,LOW,LOW,LOW,2026-06-02,,true
7448,LOW,LOW,LOW,2026-06-02,,true
7453,LOW,LOW,LOW,2026-06-02,,true
7456,LOW,LOW,LOW,2026-06-02,,true
7461,LOW,LOW,LOW,2026-06-02,,true
7474,LOW,HIGH,LOW,2026-06-02,,true
7484,LOW,HIGH,LOW,2026-06-02,,true
7488,LOW,HIGH,LOW,2026-06-02,,true
7489,LOW,HIGH,LOW,2026-06-02,,true
7497,LOW,HIGH,LOW,2026-06-02,,true
7501,LOW,HIGH,LOW,2026-06-02,,true
7505,LOW,HIGH,LOW,2026-06-02,,true
7506,LOW,HIGH,LOW,2026-06-02,,true
7512,LOW,HIGH,LOW,2026-06-02,,true
7514,LOW,HIGH,LOW,2026-06-02,,true
7518,LOW,HIGH,LOW,2026-06-02,,true
7525,LOW,HIGH,LOW,2026-06-02,,true
7535,LOW,LOW,LOW,2026-06-02,,true
7548,LOW,LOW,LOW,2026-06-02,,true
7553,LOW,LOW,LOW,2026-06-02,,true
7566,LOW,LOW,LOW,2026-06-02,,true
7567,LOW,LOW,LOW,2026-06-02,,true
7568,LOW,LOW,LOW,2026-06-02,,true
7571,LOW,LOW,LOW,2026-06-02,,true
7572,LOW,LOW,LOW,2026-06-02,,true
7575,LOW,LOW,LOW,2026-06-02,,true
7576,LOW,LOW,LOW,2026-06-02,,true
7585,LOW,LOW,LOW,2026-06-02,,true
7588,LOW,LOW,LOW,2026-06-02,,true
7589,LOW,LOW,LOW,2026-06-02,,true
7590,LOW,LOW,LOW,2026-06-02,,true
7593,LOW,LOW,LOW,2026-06-02,,true
7601,LOW,HIGH,LOW,2026-06-02,,true
7604,LOW,HIGH,LOW,2026-06-02,,true
7616,LOW,HIGH,LOW,2026-06-02,,true
7617,LOW,HIGH,LOW,2026-06-02,,true
7626,LOW,HIGH,LOW,2026-06-02,,true
7630,LOW,HIGH,LOW,2026-06-02,,true
7633,LOW,HIGH,LOW,2026-06-02,,true
7636,LOW,HIGH,LOW,2026-06-02,,true
7640,LOW,HIGH,LOW,2026-06-02,,true
7643,LOW,HIGH,LOW,2026-06-02,,true
7645,LOW,HIGH,LOW,2026-06-02,,true
7650,LOW,HIGH,LOW,2026-06-02,,true
7656,LOW,HIGH,LOW,2026-06-02,,true
7658,LOW,LOW,LOW,2026-06-02,,true
7660,LOW,LOW,LOW,2026-06-02,,true
7662,LOW,LOW,LOW,2026-06-02,,true
7664,LOW,LOW,LOW,2026-06-02,,true
7666,LOW,LOW,LOW,2026-06-02,,true
7667,LOW,LOW,LOW,2026-06-02,,true
7670,LOW,LOW,LOW,2026-06-02,,true
7671,LOW,LOW,LOW,2026-06-02,,true
7677,LOW,LOW,LOW,2026-06-02,,true
7678,LOW,LOW,LOW,2026-06-02,,true
7680,LOW,LOW,LOW,2026-06-02,,true
7685,LOW,LOW,LOW,2026-06-02,,true
7688,LOW,LOW,LOW,2026-06-02,,true
7692,LOW,LOW,LOW,2026-06-02,,true
7693,LOW,LOW,LOW,2026-06-02,,true
7694,LOW,LOW,LOW,2026-06-02,,true
7701,LOW,LOW,LOW,2026-06-02,,true
7703,LOW,LOW,LOW,2026-06-02,,true
7708,LOW,LOW,LOW,2026-06-02,,true
7709,LOW,LOW,LOW,2026-06-02,,true
7711,LOW,LOW,LOW,2026-06-02,,true
7713,LOW,LOW,LOW,2026-06-02,,true
7714,LOW,LOW,LOW,2026-06-02,,true
7716,LOW,LOW,LOW,2026-06-02,,true
7717,LOW,LOW,LOW,2026-06-02,,true
7718,LOW,LOW,LOW,2026-06-02,,true
7719,LOW,LOW,LOW,2026-06-02,,true
7727,LOW,HIGH,LOW,2026-06-02,,true
7738,LOW,HIGH,LOW,2026-06-02,,true
7743,LOW,HIGH,LOW,2026-06-02,,true
7744,LOW,HIGH,LOW,2026-06-02,,true
7746,LOW,HIGH,LOW,2026-06-02,,true
7747,LOW,HIGH,LOW,2026-06-02,,true
7750,LOW,HIGH,LOW,2026-06-02,,true
7754,LOW,HIGH,LOW,2026-06-02,,true
7757,LOW,HIGH,LOW,2026-06-02,,true
7768,LOW,HIGH,LOW,2026-06-02,,true
7769,LOW,HIGH,LOW,2026-06-02,,true
7771,LOW,HIGH,LOW,2026-06-02,,true
7774,LOW,HIGH,LOW,2026-06-02,,true
7781,LOW,HIGH,LOW,2026-06-02,,true
7784,LOW,LOW,LOW,2026-06-02,,true
7786,LOW,LOW,LOW,2026-06-02,,true
7796,LOW,LOW,LOW,2026-06-02,,true
7805,LOW,LOW,LOW,2026-06-02,,true
7810,LOW,LOW,LOW,2026-06-02,,true
7812,LOW,LOW,LOW,2026-06-02,,true
7819,LOW,LOW,LOW,2026-06-02,,true
7822,LOW,LOW,LOW,2026-06-02,,true
7824,LOW,LOW,LOW,2026-06-02,,true
7829,LOW,LOW,LOW,2026-06-02,,true
7830,LOW,LOW,LOW,2026-06-02,,true
7832,LOW,LOW,LOW,2026-06-02,,true
7840,LOW,LOW,LOW,2026-06-02,,true
7841,LOW,LOW,LOW,2026-06-02,,true
7852,LOW,HIGH,LOW,2026-06-02,,true
7855,LOW,HIGH,LOW,2026-06-02,,true
7858,LOW,HIGH,LOW,2026-06-02,,true
7861,LOW,HIGH,LOW,2026-06-02,,true
7862,LOW,HIGH,LOW,2026-06-02,,true
7871,LOW,HIGH,LOW,2026-06-02,,true
7873,LOW,HIGH,LOW,2026-06-02,,true
7876,LOW,HIGH,LOW,2026-06-02,,true
7877,LOW,HIGH,LOW,2026-06-02,,true
7878,LOW,HIGH,LOW,2026-06-02,,true
7886,LOW,HIGH,LOW,2026-06-02,,true
7889,LOW,HIGH,LOW,2026-06-02,,true
7894,LOW,HIGH,LOW,2026-06-02,,true
7895,LOW,HIGH,LOW,2026-06-02,,true
7905,LOW,HIGH,LOW,2026-06-02,,true
7906,LOW,HIGH,LOW,2026-06-02,,true
7908,LOW,HIGH,LOW,2026-06-02,,true
7911,LOW,LOW,LOW,2026-06-02,,true
7918,LOW,LOW,LOW,2026-06-02,,true
7922,LOW,LOW,LOW,2026-06-02,,true
7925,LOW,LOW,LOW,2026-06-02,,true
7926,LOW,LOW,LOW,2026-06-02,,true
7931,LOW,LOW,LOW,2026-06-02,,true
7932,LOW,LOW,LOW,2026-06-02,,true
7939,LOW,LOW,LOW,2026-06-02,,true
7943,LOW,LOW,LOW,2026-06-02,,true
7945,LOW,LOW,LOW,2026-06-02,,true
7946,LOW,LOW,LOW,2026-06-02,,true
7949,LOW,LOW,LOW,2026-06-02,,true
7950,LOW,LOW,LOW,2026-06-02,,true
7952,LOW,LOW,LOW,2026-06-02,,true
7957,LOW,LOW,LOW,2026-06-02,,true
7959,LOW,LOW,LOW,2026-06-02,,true
7961,LOW,LOW,LOW,2026-06-02,,true
7963,LOW,LOW,LOW,2026-06-02,,true
7965,LOW,LOW,LOW,2026-06-02,,true
7968,LOW,LOW,LOW,2026-06-02,,true
7976,LOW,HIGH,LOW,2026-06-02,,true
7983,LOW,HIGH,LOW,2026-06-02,,true
7986,LOW,HIGH,LOW,2026-06-02,,true
7989,LOW,HIGH,LOW,2026-06-02,,true
7991,LOW,HIGH,LOW,2026-06-02,,true
7992,LOW,HIGH,LOW,2026-06-02,,true
7993,LOW,HIGH,LOW,2026-06-02,,true
8007,LOW,HIGH,LOW,2026-06-02,,true
8013,LOW,HIGH,LOW,2026-06-02,,true
8019,LOW,HIGH,LOW,2026-06-02,,true
8027,LOW,HIGH,LOW,2026-06-02,,true
8028,LOW,HIGH,LOW,2026-06-02,,true
8030,LOW,HIGH,LOW,2026-06-02,,true
8048,LOW,LOW,LOW,2026-06-02,,true
8057,LOW,LOW,LOW,2026-06-02,,true
8058,LOW,LOW,LOW,2026-06-02,,true
8065,LOW,LOW,LOW,2026-06-02,,true
8073,LOW,LOW,LOW,2026-06-02,,true
8076,LOW,LOW,LOW,2026-06-02,,true
8082,LOW,LOW,LOW,2026-06-02,,true
8086,LOW,LOW,LOW,2026-06-02,,true
8088,LOW,LOW,LOW,2026-06-02,,true
8092,LOW,LOW,LOW,2026-06-02,,true
8094,LOW,LOW,LOW,2026-06-02,,true
8097,LOW,LOW,LOW,2026-06-02,,true
8099,LOW,LOW,LOW,2026-06-02,,true
8101,LOW,HIGH,LOW,2026-06-02,,true
8103,LOW,HIGH,LOW,2026-06-02,,true
8104,LOW,HIGH,LOW,2026-06-02,,true
8109,LOW,HIGH,LOW,2026-06-02,,true
8113,LOW,HIGH,LOW,2026-06-02,,true
8114,LOW,HIGH,LOW,2026-06-02,,true
8115,LOW,HIGH,LOW,2026-06-02,,true
8130,LOW,HIGH,LOW,2026-06-02,,true
8131,LOW,HIGH,LOW,2026-06-02,,true
8133,LOW,HIGH,LOW,2026-06-02,,true
8135,LOW,HIGH,LOW,2026-06-02,,true
8140,LOW,HIGH,LOW,2026-06-02,,true
8141,LOW,HIGH,LOW,2026-06-02,,true
8143,LOW,HIGH,LOW,2026-06-02,,true
8144,LOW,HIGH,LOW,2026-06-02,,true
8147,LOW,HIGH,LOW,2026-06-02,,true
8151,LOW,HIGH,LOW,2026-06-02,,true
8152,LOW,HIGH,LOW,2026-06-02,,true
8155,LOW,HIGH,LOW,2026-06-02,,true
8166,LOW,LOW,LOW,2026-06-02,,true
8168,LOW,LOW,LOW,2026-06-02,,true
8169,LOW,LOW,LOW,2026-06-02,,true
8179,LOW,LOW,LOW,2026-06-02,,true
8186,LOW,LOW,LOW,2026-06-02,,true
8187,LOW,LOW,LOW,2026-06-02,,true
8188,LOW,LOW,LOW,2026-06-02,,true
8191,LOW,LOW,LOW,2026-06-02,,true
8192,LOW,LOW,LOW,2026-06-02,,true
8195,LOW,LOW,LOW,2026-06-02,,true
8196,LOW,LOW,LOW,2026-06-02,,true
8204,LOW,LOW,LOW,2026-06-02,,true
8207,LOW,LOW,LOW,2026-06-02,,true
8215,LOW,LOW,LOW,2026-06-02,,true
8216,LOW,LOW,LOW,2026-06-02,,true
8217,LOW,LOW,LOW,2026-06-02,,true
8218,LOW,LOW,LOW,2026-06-02,,true
8221,LOW,LOW,LOW,2026-06-02,,true
8248,LOW,LOW,LOW,2026-06-02,,true
8249,LOW,LOW,LOW,2026-06-02,,true
8258,LOW,LOW,LOW,2026-06-02,,true
8260,LOW,LOW,LOW,2026-06-02,,true
8263,LOW,LOW,LOW,2026-06-02,,true
8270,LOW,LOW,LOW,2026-06-02,,true
8273,LOW,HIGH,LOW,2026-06-02,,true
8276,LOW,HIGH,LOW,2026-06-02,,true
8280,LOW,HIGH,LOW,2026-06-02,,true
8287,LOW,HIGH,LOW,2026-06-02,,true
8288,LOW,HIGH,LOW,2026-06-02,,true
8291,LOW,HIGH,LOW,2026-06-02,,true
8292,LOW,HIGH,LOW,2026-06-02,,true
8293,LOW,HIGH,LOW,2026-06-02,,true
8298,LOW,HIGH,LOW,2026-06-02,,true
8299,LOW,HIGH,LOW,2026-06-02,,true
8302,LOW,HIGH,LOW,2026-06-02,,true
8308,LOW,HIGH,LOW,2026-06-02,,true
8311,LOW,HIGH,LOW,2026-06-02,,true
8315,LOW,HIGH,LOW,2026-06-02,,true
8317,LOW,HIGH,LOW,2026-06-02,,true
8320,LOW,HIGH,LOW,2026-06-02,,true
8323,LOW,HIGH,LOW,2026-06-02,,true
8324,LOW,HIGH,LOW,2026-06-02,,true
8327,LOW,HIGH,LOW,2026-06-02,,true
8330,LOW,HIGH,LOW,2026-06-02,,true
8331,LOW,HIGH,LOW,2026-06-02,,true
8332,LOW,LOW,LOW,2026-06-02,,true
8334,LOW,LOW,LOW,2026-06-02,,true
8337,LOW,LOW,LOW,2026-06-02,,true
8341,LOW,LOW,LOW,2026-06-02,,true
8342,LOW,LOW,LOW,2026-06-02,,true
8343,LOW,LOW,LOW,2026-06-02,,true
8344,LOW,LOW,LOW,2026-06-02,,true
8348,LOW,LOW,LOW,2026-06-02,,true
8349,LOW,LOW,LOW,2026-06-02,,true
8355,LOW,LOW,LOW,2026-06-02,,true
8358,LOW,LOW,LOW,2026-06-02,,true
8364,LOW,LOW,LOW,2026-06-02,,true
8368,LOW,LOW,LOW,2026-06-02,,true
8373,LOW,LOW,LOW,2026-06-02,,true
8382,LOW,HIGH,LOW,2026-06-02,,true
8384,LOW,HIGH,LOW,2026-06-02,,true
8386,LOW,HIGH,LOW,2026-06-02,,true
8388,LOW,HIGH,LOW,2026-06-02,,true
8390,LOW,HIGH,LOW,2026-06-02,,true
8393,LOW,HIGH,LOW,2026-06-02,,true
8397,LOW,HIGH,LOW,2026-06-02,,true
8400,LOW,HIGH,LOW,2026-06-02,,true
8401,LOW,HIGH,LOW,2026-06-02,,true
8404,LOW,HIGH,LOW,2026-06-02,,true
8411,LOW,HIGH,LOW,2026-06-02,,true
8421,LOW,LOW,LOW,2026-06-02,,true
8424,LOW,LOW,LOW,2026-06-02,,true
8427,LOW,LOW,LOW,2026-06-02,,true
8429,LOW,LOW,LOW,2026-06-02,,true
8431,LOW,LOW,LOW,2026-06-02,,true
8435,LOW,LOW,LOW,2026-06-02,,true
8442,LOW,LOW,LOW,2026-06-02,,true
8444,LOW,LOW,LOW,2026-06-02,,true
8445,LOW,LOW,LOW,2026-06-02,,true
8449,LOW,LOW,LOW,2026-06-02,,true
8455,LOW,LOW,LOW,2026-06-02,,true
8458,LOW,LOW,LOW,2026-06-02,,true
8460,LOW,LOW,LOW,2026-06-02,,true
8466,LOW,LOW,LOW,2026-06-02,,true
8473,LOW,LOW,LOW,2026-06-02,,true
8475,LOW,LOW,LOW,2026-06-02,,true
8478,LOW,LOW,LOW,2026-06-02,,true
8479,LOW,LOW,LOW,2026-06-02,,true
8481,LOW,LOW,LOW,2026-06-02,,true
8485,LOW,LOW,LOW,2026-06-02,,true
8489,LOW,LOW,LOW,2026-06-02,,true
8490,LOW,LOW,LOW,2026-06-02,,true
8494,LOW,LOW,LOW,2026-06-02,,true
8500,LOW,LOW,LOW,2026-06-02,,true
8505,LOW,LOW,LOW,2026-06-02,,true
8509,LOW,LOW,LOW,2026-06-02,,true
8513,LOW,LOW,LOW,2026-06-02,,true
8517,LOW,LOW,LOW,2026-06-02,,true
8519,LOW,LOW,LOW,2026-06-02,,true
8526,LOW,LOW,LOW,2026-06-02,,true
8529,LOW,LOW,LOW,2026-06-02,,true
8530,LOW,LOW,LOW,2026-06-02,,true
8546,LOW,LOW,LOW,2026-06-02,,true
8548,LOW,LOW,LOW,2026-06-02,,true
8549,LOW,LOW,LOW,2026-06-02,,true
8554,LOW,LOW,LOW,2026-06-02,,true
8555,LOW,LOW,LOW,2026-06-02,,true
8559,LOW,LOW,LOW,2026-06-02,,true
8561,LOW,LOW,LOW,2026-06-02,,true
8565,LOW,LOW,LOW,2026-06-02,,true
8573,LOW,LOW,LOW,2026-06-02,,true
8576,LOW,HIGH,LOW,2026-06-02,,true
8584,LOW,HIGH,LOW,2026-06-02,,true
8586,LOW,HIGH,LOW,2026-06-02,,true
8591,LOW,HIGH,LOW,2026-06-02,,true
8594,LOW,HIGH,LOW,2026-06-02,,true
8596,LOW,HIGH,LOW,2026-06-02,,true
8597,LOW,HIGH,LOW,2026-06-02,,true
8598,LOW,HIGH,LOW,2026-06-02,,true
8599,LOW,HIGH,LOW,2026-06-02,,true
8604,LOW,HIGH,LOW,2026-06-02,,true
8611,LOW,HIGH,LOW,2026-06-02,,true
8614,LOW,HIGH,LOW,2026-06-02,,true
8619,LOW,HIGH,LOW,2026-06-02,,true
8622,LOW,HIGH,LOW,2026-06-02,,true
8623,LOW,HIGH,LOW,2026-06-02,,true
8624,LOW,HIGH,LOW,2026-06-02,,true
8644,LOW,LOW,LOW,2026-06-02,,true
8647,LOW,LOW,LOW,2026-06-02,,true
8649,LOW,LOW,LOW,2026-06-02,,true
8650,LOW,LOW,LOW,2026-06-02,,true
8651,LOW,LOW,LOW,2026-06-02,,true
8652,LOW,LOW,LOW,2026-06-02,,true
8661,LOW,LOW,LOW,2026-06-02,,true
8663,LOW,LOW,LOW,2026-06-02,,true
8664,LOW,LOW,LOW,2026-06-02,,true
8670,LOW,LOW,LOW,2026-06-02,,true
8672,LOW,LOW,LOW,2026-06-02,,true
8673,LOW,LOW,LOW,2026-06-02,,true
8674,LOW,LOW,LOW,2026-06-02,,true
8675,LOW,LOW,LOW,2026-06-02,,true
8677,LOW,LOW,LOW,2026-06-02,,true
8679,LOW,LOW,LOW,2026-06-02,,true
8681,LOW,LOW,LOW,2026-06-02,,true
8687,LOW,LOW,LOW,2026-06-02,,true
8702,LOW,LOW,LOW,2026-06-02,,true
8704,LOW,LOW,LOW,2026-06-02,,true
8708,LOW,LOW,LOW,2026-06-02,,true
8710,LOW,LOW,LOW,2026-06-02,,true
8712,LOW,LOW,LOW,2026-06-02,,true
8716,LOW,HIGH,LOW,2026-06-02,,true
8720,LOW,HIGH,LOW,2026-06-02,,true
8721,LOW,HIGH,LOW,2026-06-02,,true
8725,LOW,HIGH,LOW,2026-06-02,,true
8730,LOW,HIGH,LOW,2026-06-02,,true
8736,LOW,HIGH,LOW,2026-06-02,,true
8741,LOW,HIGH,LOW,2026-06-02,,true
8746,LOW,HIGH,LOW,2026-06-02,,true
8755,LOW,LOW,LOW,2026-06-02,,true
8758,LOW,LOW,LOW,2026-06-02,,true
8767,LOW,LOW,LOW,2026-06-02,,true
8769,LOW,LOW,LOW,2026-06-02,,true
8775,LOW,LOW,LOW,2026-06-02,,true
8776,LOW,LOW,LOW,2026-06-02,,true
8787,LOW,LOW,LOW,2026-06-02,,true
8791,LOW,LOW,LOW,2026-06-02,,true
8794,LOW,LOW,LOW,2026-06-02,,true
8800,LOW,LOW,LOW,2026-06-02,,true
8806,LOW,LOW,LOW,2026-06-02,,true
8816,LOW,LOW,LOW,2026-06-02,,true
8817,LOW,LOW,LOW,2026-06-02,,true
8824,LOW,LOW,LOW,2026-06-02,,true
8826,LOW,LOW,LOW,2026-06-02,,true
8839,LOW,LOW,LOW,2026-06-02,,true
8845,LOW,LOW,LOW,2026-06-02,,true
8851,LOW,LOW,LOW,2026-06-02,,true
8853,LOW,LOW,LOW,2026-06-02,,true
8855,LOW,LOW,LOW,2026-06-02,,true
8861,LOW,LOW,LOW,2026-06-02,,true
8863,LOW,LOW,LOW,2026-06-02,,true
8865,LOW,LOW,LOW,2026-06-02,,true
8872,LOW,LOW,LOW,2026-06-02,,true
8874,LOW,LOW,LOW,2026-06-02,,true
8878,LOW,LOW,LOW,2026-06-02,,true
8886,LOW,LOW,LOW,2026-06-02,,true
8888,LOW,LOW,LOW,2026-06-02,,true
8889,LOW,LOW,LOW,2026-06-02,,true
8898,LOW,LOW,LOW,2026-06-02,,true
8899,LOW,LOW,LOW,2026-06-02,,true
8903,LOW,LOW,LOW,2026-06-02,,true
8906,LOW,LOW,LOW,2026-06-02,,true
8908,LOW,LOW,LOW,2026-06-02,,true
8909,LOW,LOW,LOW,2026-06-02,,true
8911,LOW,LOW,LOW,2026-06-02,,true
8914,LOW,LOW,LOW,2026-06-02,,true
8924,LOW,LOW,LOW,2026-06-02,,true
8925,LOW,LOW,LOW,2026-06-02,,true
8926,LOW,LOW,LOW,2026-06-02,,true
8929,LOW,LOW,LOW,2026-06-02,,true
8933,LOW,LOW,LOW,2026-06-02,,true
8936,LOW,LOW,LOW,2026-06-02,,true
8947,LOW,LOW,LOW,2026-06-02,,true
8950,LOW,LOW,LOW,2026-06-02,,true
8958,LOW,LOW,LOW,2026-06-02,,true
8963,LOW,LOW,LOW,2026-06-02,,true
8964,LOW,LOW,LOW,2026-06-02,,true
8976,LOW,LOW,LOW,2026-06-02,,true
8977,LOW,LOW,LOW,2026-06-02,,true
8979,LOW,LOW,LOW,2026-06-02,,true
8983,LOW,LOW,LOW,2026-06-02,,true
8984,LOW,LOW,LOW,2026-06-02,,true
8985,LOW,LOW,LOW,2026-06-02,,true
8989,LOW,LOW,LOW,2026-06-02,,true
8990,LOW,LOW,LOW,2026-06-02,,true
8991,LOW,LOW,LOW,2026-06-02,,true
8998,LOW,LOW,LOW,2026-06-02,,true
9005,LOW,LOW,LOW,2026-06-02,,true
9006,LOW,LOW,LOW,2026-06-02,,true
9008,LOW,LOW,LOW,2026-06-02,,true
9012,LOW,LOW,LOW,2026-06-02,,true
9015,LOW,LOW,LOW,2026-06-02,,true
9020,LOW,HIGH,LOW,2026-06-02,,true
9021,LOW,HIGH,LOW,2026-06-02,,true
9023,LOW,HIGH,LOW,2026-06-02,,true
9024,LOW,HIGH,LOW,2026-06-02,,true
9027,LOW,HIGH,LOW,2026-06-02,,true
9030,LOW,HIGH,LOW,2026-06-02,,true
9040,LOW,HIGH,LOW,2026-06-02,,true
9044,LOW,HIGH,LOW,2026-06-02,,true
9051,LOW,HIGH,LOW,2026-06-02,,true
9056,LOW,LOW,LOW,2026-06-02,,true
9067,LOW,HIGH,LOW,2026-06-02,,true
9068,LOW,HIGH,LOW,2026-06-02,,true
9069,LOW,HIGH,LOW,2026-06-02,,true
9074,LOW,HIGH,LOW,2026-06-02,,true
9076,LOW,HIGH,LOW,2026-06-02,,true
9078,LOW,HIGH,LOW,2026-06-02,,true
9085,LOW,HIGH,LOW,2026-06-02,,true
9089,LOW,HIGH,LOW,2026-06-02,,true
9092,LOW,HIGH,LOW,2026-06-02,,true
9111,LOW,HIGH,LOW,2026-06-02,,true
9112,LOW,HIGH,LOW,2026-06-02,,true
9115,LOW,HIGH,LOW,2026-06-02,,true
9116,LOW,HIGH,LOW,2026-06-02,,true
9118,LOW,LOW,LOW,2026-06-02,,true
9122,LOW,LOW,LOW,2026-06-02,,true
9123,LOW,LOW,LOW,2026-06-02,,true
9127,LOW,LOW,LOW,2026-06-02,,true
9130,LOW,LOW,LOW,2026-06-02,,true
9132,LOW,LOW,LOW,2026-06-02,,true
9133,LOW,LOW,LOW,2026-06-02,,true
9135,LOW,LOW,LOW,2026-06-02,,true
9136,LOW,LOW,LOW,2026-06-02,,true
9137,LOW,LOW,LOW,2026-06-02,,true
9138,LOW,LOW,LOW,2026-06-02,,true
9147,LOW,LOW,LOW,2026-06-02,,true
9151,LOW,LOW,LOW,2026-06-02,,true
9155,LOW,LOW,LOW,2026-06-02,,true
9156,LOW,LOW,LOW,2026-06-02,,true
9162,LOW,LOW,LOW,2026-06-02,,true
9168,LOW,LOW,LOW,2026-06-02,,true
9169,LOW,LOW,LOW,2026-06-02,,true
9183,LOW,LOW,LOW,2026-06-02,,true
9192,LOW,LOW,LOW,2026-06-02,,true
9193,LOW,LOW,LOW,2026-06-02,,true
9195,LOW,LOW,LOW,2026-06-02,,true
9199,LOW,LOW,LOW,2026-06-02,,true
9206,LOW,LOW,LOW,2026-06-02,,true
9207,LOW,LOW,LOW,2026-06-02,,true
9208,LOW,LOW,LOW,2026-06-02,,true
9209,LOW,LOW,LOW,2026-06-02,,true
9210,LOW,LOW,LOW,2026-06-02,,true
9216,LOW,LOW,LOW,2026-06-02,,true
9218,LOW,LOW,LOW,2026-06-02,,true
9228,LOW,LOW,LOW,2026-06-02,,true
9230,LOW,LOW,LOW,2026-06-02,,true
9231,LOW,LOW,LOW,2026-06-02,,true
9234,LOW,LOW,LOW,2026-06-02,,true
9238,LOW,LOW,LOW,2026-06-02,,true
9239,LOW,LOW,LOW,2026-06-02,,true
9243,LOW,LOW,LOW,2026-06-02,,true
9244,LOW,LOW,LOW,2026-06-02,,true
9259,LOW,LOW,LOW,2026-06-02,,true
9270,LOW,LOW,LOW,2026-06-02,,true
9271,LOW,LOW,LOW,2026-06-02,,true
9273,LOW,LOW,LOW,2026-06-02,,true
9276,LOW,LOW,LOW,2026-06-02,,true
9279,LOW,LOW,LOW,2026-06-02,,true
9282,LOW,LOW,LOW,2026-06-02,,true
9285,LOW,LOW,LOW,2026-06-02,,true
9286,LOW,LOW,LOW,2026-06-02,,true
9292,LOW,LOW,LOW,2026-06-02,,true
9298,LOW,LOW,LOW,2026-06-02,,true
9299,LOW,LOW,LOW,2026-06-02,,true
9301,LOW,LOW,LOW,2026-06-02,,true
9304,LOW,LOW,LOW,2026-06-02,,true
9305,LOW,LOW,LOW,2026-06-02,,true
9321,LOW,LOW,LOW,2026-06-02,,true
9323,LOW,LOW,LOW,2026-06-02,,true
9324,LOW,LOW,LOW,2026-06-02,,true
9325,LOW,LOW,LOW,2026-06-02,,true
9327,LOW,LOW,LOW,2026-06-02,,true
9329,LOW,LOW,LOW,2026-06-02,,true
9339,LOW,LOW,LOW,2026-06-02,,true
9342,LOW,LOW,LOW,2026-06-02,,true
9346,LOW,LOW,LOW,2026-06-02,,true
9349,LOW,LOW,LOW,2026-06-02,,true
9357,LOW,LOW,LOW,2026-06-02,,true
9366,LOW,LOW,LOW,2026-06-02,,true
9367,LOW,LOW,LOW,2026-06-02,,true
9368,LOW,LOW,LOW,2026-06-02,,true
9369,LOW,LOW,LOW,2026-06-02,,true
9374,LOW,LOW,LOW,2026-06-02,,true
9377,LOW,LOW,LOW,2026-06-02,,true
9381,LOW,LOW,LOW,2026-06-02,,true
9382,LOW,LOW,LOW,2026-06-02,,true
9384,LOW,LOW,LOW,2026-06-02,,true
9389,LOW,LOW,LOW,2026-06-02,,true
9393,LOW,LOW,LOW,2026-06-02,,true
9395,LOW,LOW,LOW,2026-06-02,,true
9399,LOW,HIGH,LOW,2026-06-02,,true
9404,LOW,HIGH,LOW,2026-06-02,,true
9409,LOW,HIGH,LOW,2026-06-02,,true
9410,LOW,HIGH,LOW,2026-06-02,,true
9411,LOW,HIGH,LOW,2026-06-02,,true
9413,LOW,HIGH,LOW,2026-06-02,,true
9416,LOW,HIGH,LOW,2026-06-02,,true
9421,LOW,HIGH,LOW,2026-06-02,,true
9423,LOW,HIGH,LOW,2026-06-02,,true
9429,LOW,HIGH,LOW,2026-06-02,,true
9435,LOW,HIGH,LOW,2026-06-02,,true
9443,LOW,HIGH,LOW,2026-06-02,,true
9450,LOW,HIGH,LOW,2026-06-02,,true
9455,LOW,HIGH,LOW,2026-06-02,,true
9460,LOW,LOW,LOW,2026-06-02,,true
9469,LOW,LOW,LOW,2026-06-02,,true
9479,LOW,LOW,LOW,2026-06-02,,true
9480,LOW,LOW,LOW,2026-06-02,,true
9486,LOW,LOW,LOW,2026-06-02,,true
9488,LOW,LOW,LOW,2026-06-02,,true
9489,LOW,LOW,LOW,2026-06-02,,true
9490,LOW,LOW,LOW,2026-06-02,,true
9495,LOW,LOW,LOW,2026-06-02,,true
9496,LOW,LOW,LOW,2026-06-02,,true
9516,LOW,LOW,LOW,2026-06-02,,true
9517,LOW,LOW,LOW,2026-06-02,,true
9521,LOW,LOW,LOW,2026-06-02,,true
9524,LOW,LOW,LOW,2026-06-02,,true
9530,LOW,LOW,LOW,2026-06-02,,true
9531,LOW,LOW,LOW,2026-06-02,,true
9532,LOW,LOW,LOW,2026-06-02,,true
9541,LOW,LOW,LOW,2026-06-02,,true
9542,LOW,LOW,LOW,2026-06-02,,true
9543,LOW,LOW,LOW,2026-06-02,,true
9554,LOW,LOW,LOW,2026-06-02,,true
9556,LOW,LOW,LOW,2026-06-02,,true
9563,LOW,LOW,LOW,2026-06-02,,true
9565,LOW,LOW,LOW,2026-06-02,,true
9566,LOW,LOW,LOW,2026-06-02,,true
9572,LOW,LOW,LOW,2026-06-02,,true
9573,LOW,LOW,LOW,2026-06-02,,true
9574,LOW,LOW,LOW,2026-06-02,,true
9578,LOW,LOW,LOW,2026-06-02,,true
9579,LOW,LOW,LOW,2026-06-02,,true
9580,LOW,LOW,LOW,2026-06-02,,true
9581,LOW,LOW,LOW,2026-06-02,,true
9583,LOW,LOW,LOW,2026-06-02,,true
9586,LOW,LOW,LOW,2026-06-02,,true
9589,LOW,LOW,LOW,2026-06-02,,true
9599,LOW,LOW,LOW,2026-06-02,,true
9604,LOW,LOW,LOW,2026-06-02,,true
9608,LOW,LOW,LOW,2026-06-02,,true
9613,LOW,LOW,LOW,2026-06-02,,true
9617,LOW,LOW,LOW,2026-06-02,,true
9620,LOW,LOW,LOW,2026-06-02,,true
9623,LOW,LOW,LOW,2026-06-02,,true
9629,LOW,LOW,LOW,2026-06-02,,true
9636,LOW,LOW,LOW,2026-06-02,,true
9645,LOW,LOW,LOW,2026-06-02,,true
9651,LOW,LOW,LOW,2026-06-02,,true
9659,LOW,LOW,LOW,2026-06-02,,true
9673,LOW,LOW,LOW,2026-06-02,,true
9677,LOW,LOW,LOW,2026-06-02,,true
9679,LOW,LOW,LOW,2026-06-02,,true
9680,LOW,LOW,LOW,2026-06-02,,true
9686,LOW,LOW,LOW,2026-06-02,,true
9690,LOW,LOW,LOW,2026-06-02,,true
9693,LOW,LOW,LOW,2026-06-02,,true
9694,LOW,LOW,LOW,2026-06-02,,true
9696,LOW,LOW,LOW,2026-06-02,,true
9701,LOW,LOW,LOW,2026-06-02,,true
9704,LOW,LOW,LOW,2026-06-02,,true
9706,LOW,LOW,LOW,2026-06-02,,true
9707,LOW,LOW,LOW,2026-06-02,,true
9712,LOW,LOW,LOW,2026-06-02,,true
9715,LOW,LOW,LOW,2026-06-02,,true
9720,LOW,LOW,LOW,2026-06-02,,true
9721,LOW,LOW,LOW,2026-06-02,,true
9738,LOW,LOW,LOW,2026-06-02,,true
9739,LOW,LOW,LOW,2026-06-02,,true
9743,LOW,LOW,LOW,2026-06-02,,true
9745,LOW,LOW,LOW,2026-06-02,,true
9748,LOW,LOW,LOW,2026-06-02,,true
9749,LOW,LOW,LOW,2026-06-02,,true
9751,LOW,LOW,LOW,2026-06-02,,true
9762,LOW,LOW,LOW,2026-06-02,,true
9765,LOW,LOW,LOW,2026-06-02,,true
9768,LOW,LOW,LOW,2026-06-02,,true
9770,LOW,LOW,LOW,2026-06-02,,true
9771,LOW,LOW,LOW,2026-06-02,,true
9789,LOW,LOW,LOW,2026-06-02,,true
9790,LOW,LOW,LOW,2026-06-02,,true
9798,LOW,HIGH,LOW,2026-06-02,,true
9800,LOW,HIGH,LOW,2026-06-02,,true
9802,LOW,HIGH,LOW,2026-06-02,,true
9808,LOW,HIGH,LOW,2026-06-02,,true
9822,LOW,HIGH,LOW,2026-06-02,,true
9823,LOW,HIGH,LOW,2026-06-02,,true
9830,LOW,HIGH,LOW,2026-06-02,,true
9833,LOW,HIGH,LOW,2026-06-02,,true
9838,LOW,HIGH,LOW,2026-06-02,,true
9847,LOW,HIGH,LOW,2026-06-02,,true
9849,LOW,HIGH,LOW,2026-06-02,,true
9851,LOW,HIGH,LOW,2026-06-02,,true
9852,LOW,HIGH,LOW,2026-06-02,,true
9854,LOW,LOW,LOW,2026-06-02,,true
9858,LOW,LOW,LOW,2026-06-02,,true
9859,LOW,LOW,LOW,2026-06-02,,true
9863,LOW,LOW,LOW,2026-06-02,,true
9867,LOW,LOW,LOW,2026-06-02,,true
9873,LOW,LOW,LOW,2026-06-02,,true
9878,LOW,LOW,LOW,2026-06-02,,true
9888,LOW,LOW,LOW,2026-06-02,,true
9889,LOW,LOW,LOW,2026-06-02,,true
9891,LOW,LOW,LOW,2026-06-02,,true
9892,LOW,LOW,LOW,2026-06-02,,true
9902,LOW,LOW,LOW,2026-06-02,,true
9913,LOW,LOW,LOW,2026-06-02,,true
9916,LOW,LOW,LOW,2026-06-02,,true
9925,LOW,LOW,LOW,2026-06-02,,true
9927,LOW,LOW,LOW,2026-06-02,,true
9931,LOW,LOW,LOW,2026-06-02,,true
9947,LOW,LOW,LOW,2026-06-02,,true
9949,LOW,LOW,LOW,2026-06-02,,true
9952,LOW,LOW,LOW,2026-06-02,,true
9956,LOW,LOW,LOW,2026-06-02,,true
9959,LOW,LOW,LOW,2026-06-02,,true
9960,LOW,LOW,LOW,2026-06-02,,true
9961,LOW,LOW,LOW,2026-06-02,,true
9967,LOW,LOW,LOW,2026-06-02,,true
9969,LOW,LOW,LOW,2026-06-02,,true
9983,LOW,LOW,LOW,2026-06-02,,true
9988,LOW,LOW,LOW,2026-06-02,,true
9989,LOW,LOW,LOW,2026-06-02,,true
9994,LOW,LOW,LOW,2026-06-02,,true
9997,LOW,LOW,LOW,2026-06-02,,true
10003,LOW,LOW,LOW,2026-06-02,,true
10007,LOW,LOW,LOW,2026-06-02,,true
10008,LOW,LOW,LOW,2026-06-02,,true
10011,LOW,LOW,LOW,2026-06-02,,true
10015,LOW,LOW,LOW,2026-06-02,,true
10018,LOW,LOW,LOW,2026-06-02,,true
10024,LOW,LOW,LOW,2026-06-02,,true
10026,LOW,LOW,LOW,2026-06-02,,true
10031,LOW,LOW,LOW,2026-06-02,,true
10038,LOW,LOW,LOW,2026-06-02,,true
10040,LOW,LOW,LOW,2026-06-02,,true
10050,LOW,LOW,LOW,2026-06-02,,true
10055,LOW,LOW,LOW,2026-06-02,,true
10058,LOW,LOW,LOW,2026-06-02,,true
10067,LOW,LOW,LOW,2026-06-02,,true
10069,LOW,LOW,LOW,2026-06-02,,true
10072,LOW,LOW,LOW,2026-06-02,,true
10074,LOW,LOW,LOW,2026-06-02,,true
10079,LOW,LOW,LOW,2026-06-02,,true
10083,LOW,LOW,LOW,2026-06-02,,true
10092,LOW,LOW,LOW,2026-06-02,,true
10094,LOW,LOW,LOW,2026-06-02,,true
10097,LOW,LOW,LOW,2026-06-02,,true
10104,LOW,LOW,LOW,2026-06-02,,true
10109,LOW,LOW,LOW,2026-06-02,,true
10113,LOW,LOW,LOW,2026-06-02,,true
10118,LOW,LOW,LOW,2026-06-02,,true
10119,LOW,LOW,LOW,2026-06-02,,true
10123,LOW,LOW,LOW,2026-06-02,,true
10124,LOW,LOW,LOW,2026-06-02,,true
10125,LOW,LOW,LOW,2026-06-02,,true
10151,LOW,LOW,LOW,2026-06-02,,true
10152,LOW,LOW,LOW,2026-06-02,,true
10153,LOW,LOW,LOW,2026-06-02,,true
10154,LOW,LOW,LOW,2026-06-02,,true
10155,LOW,LOW,LOW,2026-06-02,,true
10157,LOW,LOW,LOW,2026-06-02,,true
10163,LOW,LOW,LOW,2026-06-02,,true
10169,LOW,LOW,LOW,2026-06-02,,true
10170,LOW,LOW,LOW,2026-06-02,,true
10172,LOW,LOW,LOW,2026-06-02,,true
10173,LOW,LOW,LOW,2026-06-02,,true
10184,LOW,LOW,LOW,2026-06-02,,true
10191,LOW,HIGH,LOW,2026-06-02,,true
10201,LOW,HIGH,LOW,2026-06-02,,true
10206,LOW,HIGH,LOW,2026-06-02,,true
10211,LOW,HIGH,LOW,2026-06-02,,true
10213,LOW,HIGH,LOW,2026-06-02,,true
10214,LOW,HIGH,LOW,2026-06-02,,true
10222,LOW,HIGH,LOW,2026-06-02,,true
10225,LOW,HIGH,LOW,2026-06-02,,true
10228,LOW,HIGH,LOW,2026-06-02,,true
10238,LOW,HIGH,LOW,2026-06-02,,true
10240,LOW,HIGH,LOW,2026-06-02,,true
10247,LOW,HIGH,LOW,2026-06-02,,true
10252,LOW,LOW,LOW,2026-06-02,,true
10253,LOW,LOW,LOW,2026-06-02,,true
10254,LOW,LOW,LOW,2026-06-02,,true
10264,LOW,LOW,LOW,2026-06-02,,true
10271,LOW,LOW,LOW,2026-06-02,,true
10278,LOW,LOW,LOW,2026-06-02,,true
10279,LOW,LOW,LOW,2026-06-02,,true
10286,LOW,LOW,LOW,2026-06-02,,true
10290,LOW,LOW,LOW,2026-06-02,,true
10297,LOW,LOW,LOW,2026-06-02,,true
10298,LOW,LOW,LOW,2026-06-02,,true
10299,LOW,LOW,LOW,2026-06-02,,true
10310,LOW,LOW,LOW,2026-06-02,,true
10312,LOW,LOW,LOW,2026-06-02,,true
10317,LOW,LOW,LOW,2026-06-02,,true
10319,LOW,LOW,LOW,2026-06-02,,true
10328,LOW,LOW,LOW,2026-06-02,,true
10332,LOW,LOW,LOW,2026-06-02,,true
10334,LOW,LOW,LOW,2026-06-02,,true
10336,LOW,LOW,LOW,2026-06-02,,true
10340,LOW,LOW,LOW,2026-06-02,,true
10351,LOW,LOW,LOW,2026-06-02,,true
10352,LOW,LOW,LOW,2026-06-02,,true
10360,LOW,LOW,LOW,2026-06-02,,true
10362,LOW,LOW,LOW,2026-06-02,,true
10372,LOW,LOW,LOW,2026-06-02,,true
10376,LOW,LOW,LOW,2026-06-02,,true
10379,LOW,LOW,LOW,2026-06-02,,true
10380,LOW,LOW,LOW,2026-06-02,,true
10384,LOW,LOW,LOW,2026-06-02,,true
10387,LOW,LOW,LOW,2026-06-02,,true
10394,LOW,LOW,LOW,2026-06-02,,true
10398,LOW,LOW,LOW,2026-06-02,,true
10409,LOW,LOW,LOW,2026-06-02,,true
10412,LOW,LOW,LOW,2026-06-02,,true
10423,LOW,LOW,LOW,2026-06-02,,true
10429,LOW,LOW,LOW,2026-06-02,,true
10430,LOW,LOW,LOW,2026-06-02,,true
10433,LOW,LOW,LOW,2026-06-02,,true
10435,LOW,LOW,LOW,2026-06-02,,true
10437,LOW,LOW,LOW,2026-06-02,,true
10444,LOW,LOW,LOW,2026-06-02,,true
10451,LOW,LOW,LOW,2026-06-02,,true
10456,LOW,LOW,LOW,2026-06-02,,true
10464,LOW,LOW,LOW,2026-06-02,,true
10465,LOW,LOW,LOW,2026-06-02,,true
10475,LOW,LOW,LOW,2026-06-02,,true
10476,LOW,LOW,LOW,2026-06-02,,true
10477,LOW,LOW,LOW,2026-06-02,,true
10483,LOW,LOW,LOW,2026-06-02,,true
10488,LOW,LOW,LOW,2026-06-02,,true
10491,LOW,LOW,LOW,2026-06-02,,true
10492,LOW,LOW,LOW,2026-06-02,,true
10493,LOW,LOW,LOW,2026-06-02,,true
10500,LOW,LOW,LOW,2026-06-02,,true
10502,LOW,LOW,LOW,2026-06-02,,true
10508,LOW,LOW,LOW,2026-06-02,,true
10518,LOW,LOW,LOW,2026-06-02,,true
10520,LOW,LOW,LOW,2026-06-02,,true
10527,LOW,LOW,LOW,2026-06-02,,true
10528,LOW,LOW,LOW,2026-06-02,,true
10536,LOW,LOW,LOW,2026-06-02,,true
10551,LOW,LOW,LOW,2026-06-02,,true
10555,LOW,LOW,LOW,2026-06-02,,true
10556,LOW,LOW,LOW,2026-06-02,,true
10557,LOW,LOW,LOW,2026-06-02,,true
10562,LOW,LOW,LOW,2026-06-02,,true
10564,LOW,LOW,LOW,2026-06-02,,true
10571,LOW,LOW,LOW,2026-06-02,,true
10577,LOW,LOW,LOW,2026-06-02,,true
10589,LOW,LOW,LOW,2026-06-02,,true
10590,LOW,LOW,LOW,2026-06-02,,true
10594,LOW,LOW,LOW,2026-06-02,,true
10605,LOW,LOW,LOW,2026-06-02,,true
10606,LOW,LOW,LOW,2026-06-02,,true
10612,LOW,LOW,LOW,2026-06-02,,true
10616,LOW,LOW,LOW,2026-06-02,,true
10618,LOW,LOW,LOW,2026-06-02,,true
10619,LOW,LOW,LOW,2026-06-02,,true
10624,LOW,LOW,LOW,2026-06-02,,true
10629,LOW,LOW,LOW,2026-06-02,,true
10630,LOW,LOW,LOW,2026-06-02,,true
10631,LOW,LOW,LOW,2026-06-02,,true
10635,LOW,LOW,LOW,2026-06-02,,true
10638,LOW,LOW,LOW,2026-06-02,,true
10643,LOW,LOW,LOW,2026-06-02,,true
10644,LOW,LOW,LOW,2026-06-02,,true
10649,LOW,LOW,LOW,2026-06-02,,true
10654,LOW,LOW,LOW,2026-06-02,,true
10658,LOW,LOW,LOW,2026-06-02,,true
10659,LOW,LOW,LOW,2026-06-02,,true
10661,LOW,LOW,LOW,2026-06-02,,true
10663,LOW,LOW,LOW,2026-06-02,,true
10677,LOW,LOW,LOW,2026-06-02,,true
10679,LOW,LOW,LOW,2026-06-02,,true
10680,LOW,LOW,LOW,2026-06-02,,true
10696,LOW,LOW,LOW,2026-06-02,,true
10703,LOW,LOW,LOW,2026-06-02,,true
10712,LOW,LOW,LOW,2026-06-02,,true
10715,LOW,LOW,LOW,2026-06-02,,true
10719,LOW,LOW,LOW,2026-06-02,,true
10728,LOW,LOW,LOW,2026-06-02,,true
10730,LOW,LOW,LOW,2026-06-02,,true
10732,LOW,LOW,LOW,2026-06-02,,true
10750,LOW,LOW,LOW,2026-06-02,,true
10752,LOW,LOW,LOW,2026-06-02,,true
10754,LOW,LOW,LOW,2026-06-02,,true
10759,LOW,LOW,LOW,2026-06-02,,true
10760,LOW,LOW,LOW,2026-06-02,,true
10767,LOW,LOW,LOW,2026-06-02,,true
10768,LOW,LOW,LOW,2026-06-02,,true
10769,LOW,LOW,LOW,2026-06-02,,true
10776,LOW,HIGH,LOW,2026-06-02,,true
10778,LOW,HIGH,LOW,2026-06-02,,true
10781,LOW,HIGH,LOW,2026-06-02,,true
10782,LOW,HIGH,LOW,2026-06-02,,true
10785,LOW,HIGH,LOW,2026-06-02,,true
10799,LOW,HIGH,LOW,2026-06-02,,true
10813,LOW,HIGH,LOW,2026-06-02,,true
10814,LOW,HIGH,LOW,2026-06-02,,true
10815,LOW,HIGH,LOW,2026-06-02,,true
10816,LOW,HIGH,LOW,2026-06-02,,true
10819,LOW,HIGH,LOW,2026-06-02,,true
10824,LOW,HIGH,LOW,2026-06-02,,true
10826,LOW,HIGH,LOW,2026-06-02,,true
10830,LOW,HIGH,LOW,2026-06-02,,true
10839,LOW,LOW,LOW,2026-06-02,,true
10841,LOW,LOW,LOW,2026-06-02,,true
10849,LOW,LOW,LOW,2026-06-02,,true
10851,LOW,LOW,LOW,2026-06-02,,true
10856,LOW,LOW,LOW,2026-06-02,,true
10858,LOW,LOW,LOW,2026-06-02,,true
10860,LOW,LOW,LOW,2026-06-02,,true
10862,LOW,LOW,LOW,2026-06-02,,true
10865,LOW,LOW,LOW,2026-06-02,,true
10866,LOW,LOW,LOW,2026-06-02,,true
10869,LOW,LOW,LOW,2026-06-02,,true
10870,LOW,LOW,LOW,2026-06-02,,true
10874,LOW,LOW,LOW,2026-06-02,,true
10875,LOW,LOW,LOW,2026-06-02,,true
10881,LOW,LOW,LOW,2026-06-02,,true
10886,LOW,LOW,LOW,2026-06-02,,true
10896,LOW,LOW,LOW,2026-06-02,,true
10918,LOW,LOW,LOW,2026-06-02,,true
10929,LOW,LOW,LOW,2026-06-02,,true
10930,LOW,LOW,LOW,2026-06-02,,true
10937,LOW,LOW,LOW,2026-06-02,,true
10946,LOW,LOW,LOW,2026-06-02,,true
10947,LOW,LOW,LOW,2026-06-02,,true
10955,LOW,LOW,LOW,2026-06-02,,true
10960,LOW,LOW,LOW,2026-06-02,,true
10975,LOW,LOW,LOW,2026-06-02,,true
10977,LOW,LOW,LOW,2026-06-02,,true
10979,LOW,LOW,LOW,2026-06-02,,true
10980,LOW,LOW,LOW,2026-06-02,,true
10983,LOW,LOW,LOW,2026-06-02,,true
10985,LOW,LOW,LOW,2026-06-02,,true
10996,LOW,LOW,LOW,2026-06-02,,true
11002,LOW,HIGH,LOW,2026-06-02,,true
11005,LOW,HIGH,LOW,2026-06-02,,true
11009,LOW,HIGH,LOW,2026-06-02,,true
11010,LOW,HIGH,LOW,2026-06-02,,true
11015,LOW,HIGH,LOW,2026-06-02,,true
11017,LOW,HIGH,LOW,2026-06-02,,true
11020,LOW,HIGH,LOW,2026-06-02,,true
11027,LOW,HIGH,LOW,2026-06-02,,true
11029,LOW,HIGH,LOW,2026-06-02,,true
11031,LOW,HIGH,LOW,2026-06-02,,true
11033,LOW,HIGH,LOW,2026-06-02,,true
11034,LOW,HIGH,LOW,2026-06-02,,true
11040,LOW,HIGH,LOW,2026-06-02,,true
11044,LOW,HIGH,LOW,2026-06-02,,true
11048,LOW,HIGH,LOW,2026-06-02,,true
11053,LOW,HIGH,LOW,2026-06-02,,true
11059,LOW,HIGH,LOW,2026-06-02,,true
11062,LOW,LOW,LOW,2026-06-02,,true
11063,LOW,LOW,LOW,2026-06-02,,true
11064,LOW,LOW,LOW,2026-06-02,,true
11071,LOW,LOW,LOW,2026-06-02,,true
11072,LOW,LOW,LOW,2026-06-02,,true
11086,LOW,LOW,LOW,2026-06-02,,true
11090,LOW,LOW,LOW,2026-06-02,,true
11091,LOW,LOW,LOW,2026-06-02,,true
11100,LOW,LOW,LOW,2026-06-02,,true
11105,LOW,LOW,LOW,2026-06-02,,true
11107,LOW,LOW,LOW,2026-06-02,,true
11108,LOW,LOW,LOW,2026-06-02,,true
11109,LOW,LOW,LOW,2026-06-02,,true
11121,LOW,LOW,LOW,2026-06-02,,true
11126,LOW,LOW,LOW,2026-06-02,,true
11128,LOW,LOW,LOW,2026-06-02,,true
11132,LOW,LOW,LOW,2026-06-02,,true
11138,LOW,LOW,LOW,2026-06-02,,true
11151,LOW,LOW,LOW,2026-06-02,,true
11153,LOW,LOW,LOW,2026-06-02,,true
11159,LOW,LOW,LOW,2026-06-02,,true
11165,LOW,LOW,LOW,2026-06-02,,true
11167,LOW,LOW,LOW,2026-06-02,,true
11170,LOW,LOW,LOW,2026-06-02,,true
11171,LOW,LOW,LOW,2026-06-02,,true
11181,LOW,LOW,LOW,2026-06-02,,true
11182,LOW,LOW,LOW,2026-06-02,,true
11185,LOW,LOW,LOW,2026-06-02,,true
11189,LOW,LOW,LOW,2026-06-02,,true
11190,LOW,LOW,LOW,2026-06-02,,true
11191,LOW,LOW,LOW,2026-06-02,,true
11193,LOW,LOW,LOW,2026-06-02,,true
11199,LOW,LOW,LOW,2026-06-02,,true
11201,LOW,LOW,LOW,2026-06-02,,true
11202,LOW,LOW,LOW,2026-06-02,,true
11203,LOW,LOW,LOW,2026-06-02,,true
11206,LOW,LOW,LOW,2026-06-02,,true
11212,LOW,LOW,LOW,2026-06-02,,true
11224,LOW,LOW,LOW,2026-06-02,,true
11230,LOW,LOW,LOW,2026-06-02,,true
11243,LOW,LOW,LOW,2026-06-02,,true
11244,LOW,LOW,LOW,2026-06-02,,true
11246,LOW,LOW,LOW,2026-06-02,,true
11250,LOW,LOW,LOW,2026-06-02,,true
11252,LOW,LOW,LOW,2026-06-02,,true
11255,LOW,LOW,LOW,2026-06-02,,true
11256,LOW,LOW,LOW,2026-06-02,,true
11259,LOW,LOW,LOW,2026-06-02,,true
11261,LOW,LOW,LOW,2026-06-02,,true
11265,LOW,LOW,LOW,2026-06-02,,true
11267,LOW,LOW,LOW,2026-06-02,,true
11268,LOW,LOW,LOW,2026-06-02,,true
11269,LOW,LOW,LOW,2026-06-02,,true
11273,LOW,LOW,LOW,2026-06-02,,true
11277,LOW,LOW,LOW,2026-06-02,,true
11278,LOW,LOW,LOW,2026-06-02,,true
11281,LOW,LOW,LOW,2026-06-02,,true
11282,LOW,LOW,LOW,2026-06-02,,true
11284,LOW,LOW,LOW,2026-06-02,,true
11289,LOW,LOW,LOW,2026-06-02,,true
11296,LOW,LOW,LOW,2026-06-02,,true
11297,LOW,LOW,LOW,2026-06-02,,true
11299,LOW,LOW,LOW,2026-06-02,,true
11302,LOW,LOW,LOW,2026-06-02,,true
11304,LOW,LOW,LOW,2026-06-02,,true
11308,LOW,LOW,LOW,2026-06-02,,true
11310,LOW,LOW,LOW,2026-06-02,,true
11330,LOW,LOW,LOW,2026-06-02,,true
11331,LOW,LOW,LOW,2026-06-02,,true
11340,LOW,LOW,LOW,2026-06-02,,true
11345,LOW,LOW,LOW,2026-06-02,,true
11351,LOW,LOW,LOW,2026-06-02,,true
11352,LOW,LOW,LOW,2026-06-02,,true
11359,LOW,LOW,LOW,2026-06-02,,true
11360,LOW,LOW,LOW,2026-06-02,,true
11361,LOW,LOW,LOW,2026-06-02,,true
11362,LOW,LOW,LOW,2026-06-02,,true
11366,LOW,LOW,LOW,2026-06-02,,true
11372,LOW,LOW,LOW,2026-06-02,,true
11380,LOW,LOW,LOW,2026-06-02,,true
11393,LOW,LOW,LOW,2026-06-02,,true
11394,LOW,LOW,LOW,2026-06-02,,true
11398,LOW,LOW,LOW,2026-06-02,,true
11400,LOW,LOW,LOW,2026-06-02,,true
11409,LOW,LOW,LOW,2026-06-02,,true
11417,LOW,LOW,LOW,2026-06-02,,true
11430,LOW,LOW,LOW,2026-06-02,,true
11432,LOW,LOW,LOW,2026-06-02,,true
11433,LOW,LOW,LOW,2026-06-02,,true
11436,LOW,LOW,LOW,2026-06-02,,true
11443,LOW,LOW,LOW,2026-06-02,,true
11445,LOW,LOW,LOW,2026-06-02,,true
11446,LOW,LOW,LOW,2026-06-02,,true
11450,LOW,LOW,LOW,2026-06-02,,true
11451,LOW,LOW,LOW,2026-06-02,,true
11456,LOW,LOW,LOW,2026-06-02,,true
11457,LOW,LOW,LOW,2026-06-02,,true
11460,LOW,LOW,LOW,2026-06-02,,true
11469,LOW,LOW,LOW,2026-06-02,,true
11476,LOW,LOW,LOW,2026-06-02,,true
11479,LOW,LOW,LOW,2026-06-02,,true
11480,LOW,LOW,LOW,2026-06-02,,true
11495,LOW,LOW,LOW,2026-06-02,,true
11497,LOW,LOW,LOW,2026-06-02,,true
11498,LOW,LOW,LOW,2026-06-02,,true
11499,LOW,LOW,LOW,2026-06-02,,true
11500,LOW,LOW,LOW,2026-06-02,,true
11502,LOW,LOW,LOW,2026-06-02,,true
11505,LOW,LOW,LOW,2026-06-02,,true
11507,LOW,LOW,LOW,2026-06-02,,true
11516,LOW,LOW,LOW,2026-06-02,,true
11517,LOW,LOW,LOW,2026-06-02,,true
11527,LOW,LOW,LOW,2026-06-02,,true
11528,LOW,HIGH,LOW,2026-06-02,,true
11529,LOW,HIGH,LOW,2026-06-02,,true
11531,LOW,HIGH,LOW,2026-06-02,,true
11536,LOW,HIGH,LOW,2026-06-02,,true
11540,LOW,HIGH,LOW,2026-06-02,,true
11543,LOW,HIGH,LOW,2026-06-02,,true
11544,LOW,HIGH,LOW,2026-06-02,,true
11545,LOW,HIGH,LOW,2026-06-02,,true
11551,LOW,HIGH,LOW,2026-06-02,,true
11558,LOW,HIGH,LOW,2026-06-02,,true
11561,LOW,HIGH,LOW,2026-06-02,,true
11566,LOW,LOW,LOW,2026-06-02,,true
11571,LOW,LOW,LOW,2026-06-02,,true
11572,LOW,LOW,LOW,2026-06-02,,true
11574,LOW,LOW,LOW,2026-06-02,,true
11578,LOW,LOW,LOW,2026-06-02,,true
11580,LOW,LOW,LOW,2026-06-02,,true
11583,LOW,LOW,LOW,2026-06-02,,true
11590,LOW,LOW,LOW,2026-06-02,,true
11594,LOW,LOW,LOW,2026-06-02,,true
11595,LOW,LOW,LOW,2026-06-02,,true
11602,LOW,LOW,LOW,2026-06-02,,true
11616,LOW,LOW,LOW,2026-06-02,,true
11618,LOW,LOW,LOW,2026-06-02,,true
11621,LOW,LOW,LOW,2026-06-02,,true
11626,LOW,LOW,LOW,2026-06-02,,true
11635,LOW,LOW,LOW,2026-06-02,,true
11636,LOW,LOW,LOW,2026-06-02,,true
11639,LOW,LOW,LOW,2026-06-02,,true
11643,LOW,LOW,LOW,2026-06-02,,true
11645,LOW,LOW,LOW,2026-06-02,,true
11659,LOW,LOW,LOW,2026-06-02,,true
11660,LOW,LOW,LOW,2026-06-02,,true
11661,LOW,LOW,LOW,2026-06-02,,true
11664,LOW,LOW,LOW,2026-06-02,,true
11665,LOW,LOW,LOW,2026-06-02,,true
11673,HIGH,LOW,HIGH,2026-06-02,,true
11677,HIGH,LOW,HIGH,2026-06-02,,true
11678,HIGH,LOW,HIGH,2026-06-02,,true
11683,HIGH,LOW,HIGH,2026-06-02,,true
11686,HIGH,LOW,HIGH,2026-06-02,,true
11687,HIGH,LOW,HIGH,2026-06-02,,true
11688,HIGH,LOW,HIGH,2026-06-02,,true
11695,HIGH,LOW,HIGH,2026-06-02,,true
11700,HIGH,LOW,HIGH,2026-06-02,,true
11703,HIGH,LOW,HIGH,2026-06-02,,true
11704,HIGH,LOW,HIGH,2026-06-02,,true
11705,HIGH,LOW,HIGH,2026-06-02,,true
11706,HIGH,LOW,HIGH,2026-06-02,,true
11711,HIGH,LOW,HIGH,2026-06-02,,true
11725,HIGH,LOW,HIGH,2026-06-02,,true
11726,HIGH,LOW,HIGH,2026-06-02,,true
11729,HIGH,LOW,HIGH,2026-06-02,,true
11731,HIGH,LOW,HIGH,2026-06-02,,true
11737,LOW,LOW,LOW,2026-06-02,,true
11740,LOW,LOW,LOW,2026-06-02,,true
11742,LOW,LOW,LOW,2026-06-02,,true
11745,LOW,LOW,LOW,2026-06-02,,true
11748,LOW,LOW,LOW,2026-06-02,,true
11753,LOW,LOW,LOW,2026-06-02,,true
11755,LOW,LOW,LOW,2026-06-02,,true
11759,LOW,LOW,LOW,2026-06-02,,true
11760,LOW,LOW,LOW,2026-06-02,,true
11764,LOW,LOW,LOW,2026-06-02,,true
11765,LOW,LOW,LOW,2026-06-02,,true
11766,LOW,LOW,LOW,2026-06-02,,true
11769,LOW,LOW,LOW,2026-06-02,,true
11774,LOW,LOW,LOW,2026-06-02,,true
11775,LOW,LOW,LOW,2026-06-02,,true
11777,LOW,LOW,LOW,2026-06-02,,true
11782,LOW,LOW,LOW,2026-06-02,,true
11783,LOW,LOW,LOW,2026-06-02,,true
11786,LOW,LOW,LOW,2026-06-02,,true
11789,LOW,LOW,LOW,2026-06-02,,true
11794,LOW,LOW,LOW,2026-06-02,,true
11798,LOW,LOW,LOW,2026-06-02,,true
11804,LOW,HIGH,LOW,2026-06-02,,true
11805,LOW,HIGH,LOW,2026-06-02,,true
11807,LOW,HIGH,LOW,2026-06-02,,true
11813,LOW,HIGH,LOW,2026-06-02,,true
11814,LOW,HIGH,LOW,2026-06-02,,true
11817,LOW,HIGH,LOW,2026-06-02,,true
11820,LOW,HIGH,LOW,2026-06-02,,true
11826,LOW,HIGH,LOW,2026-06-02,,true
11835,LOW,HIGH,LOW,2026-06-02,,true
11837,LOW,HIGH,LOW,2026-06-02,,true
11839,LOW,HIGH,LOW,2026-06-02,,true
11855,LOW,HIGH,LOW,2026-06-02,,true
11856,LOW,HIGH,LOW,2026-06-02,,true
11859,LOW,LOW,LOW,2026-06-02,,true
11860,LOW,LOW,LOW,2026-06-02,,true
11861,LOW,LOW,LOW,2026-06-02,,true
11863,LOW,LOW,LOW,2026-06-02,,true
11865,LOW,LOW,LOW,2026-06-02,,true
11866,LOW,LOW,LOW,2026-06-02,,true
11872,LOW,LOW,LOW,2026-06-02,,true
11875,LOW,LOW,LOW,2026-06-02,,true
11879,LOW,LOW,LOW,2026-06-02,,true
11880,LOW,LOW,LOW,2026-06-02,,true
11881,LOW,LOW,LOW,2026-06-02,,true
11882,LOW,LOW,LOW,2026-06-02,,true
11883,LOW,LOW,LOW,2026-06-02,,true
11884,LOW,LOW,LOW,2026-06-02,,true
11891,LOW,LOW,LOW,2026-06-02,,true
11892,LOW,LOW,LOW,2026-06-02,,true
11895,LOW,LOW,LOW,2026-06-02,,true
11903,LOW,LOW,LOW,2026-06-02,,true
11905,LOW,LOW,LOW,2026-06-02,,true
11907,LOW,LOW,LOW,2026-06-02,,true
11910,LOW,LOW,LOW,2026-06-02,,true
11911,LOW,LOW,LOW,2026-06-02,,true
11914,LOW,LOW,LOW,2026-06-02,,true
11918,LOW,LOW,LOW,2026-06-02,,true
11922,LOW,LOW,LOW,2026-06-02,,true
11926,LOW,HIGH,LOW,2026-06-02,,true
11927,LOW,HIGH,LOW,2026-06-02,,true
11934,LOW,HIGH,LOW,2026-06-02,,true
11938,LOW,HIGH,LOW,2026-06-02,,true
11944,LOW,HIGH,LOW,2026-06-02,,true
11948,LOW,HIGH,LOW,2026-06-02,,true
11949,LOW,HIGH,LOW,2026-06-02,,true
11950,LOW,HIGH,LOW,2026-06-02,,true
11958,LOW,HIGH,LOW,2026-06-02,,true
11959,LOW,HIGH,LOW,2026-06-02,,true
11963,LOW,HIGH,LOW,2026-06-02,,true
11964,LOW,HIGH,LOW,2026-06-02,,true
11965,LOW,HIGH,LOW,2026-06-02,,true
11968,LOW,HIGH,LOW,2026-06-02,,true
11970,LOW,HIGH,LOW,2026-06-02,,true
11971,LOW,HIGH,LOW,2026-06-02,,true
11976,LOW,HIGH,LOW,2026-06-02,,true
11977,LOW,HIGH,LOW,2026-06-02,,true
11983,LOW,HIGH,LOW,2026-06-02,,true
11987,LOW,LOW,LOW,2026-06-02,,true
11990,LOW,LOW,LOW,2026-06-02,,true
11994,LOW,LOW,LOW,2026-06-02,,true
11996,LOW,LOW,LOW,2026-06-02,,true
12006,LOW,LOW,LOW,2026-06-02,,true
12007,LOW,LOW,LOW,2026-06-02,,true
12015,LOW,LOW,LOW,2026-06-02,,true
12025,LOW,LOW,LOW,2026-06-02,,true
12030,LOW,LOW,LOW,2026-06-02,,true
12033,LOW,LOW,LOW,2026-06-02,,true
12039,LOW,LOW,LOW,2026-06-02,,true
12040,LOW,LOW,LOW,2026-06-02,,true
12042,LOW,LOW,LOW,2026-06-02,,true
12043,LOW,LOW,LOW,2026-06-02,,true
12045,LOW,LOW,LOW,2026-06-02,,true
12056,LOW,LOW,LOW,2026-06-02,,true
12059,LOW,LOW,LOW,2026-06-02,,true
12060,LOW,LOW,LOW,2026-06-02,,true
12061,LOW,LOW,LOW,2026-06-02,,true
12062,LOW,LOW,LOW,2026-06-02,,true
12064,LOW,LOW,LOW,2026-06-02,,true
12068,LOW,LOW,LOW,2026-06-02,,true
12073,LOW,LOW,LOW,2026-06-02,,true
12077,LOW,LOW,LOW,2026-06-02,,true
12082,LOW,LOW,LOW,2026-06-02,,true
12090,LOW,LOW,LOW,2026-06-02,,true
12091,LOW,LOW,LOW,2026-06-02,,true
12095,LOW,LOW,LOW,2026-06-02,,true
12097,LOW,LOW,LOW,2026-06-02,,true
12098,LOW,LOW,LOW,2026-06-02,,true
12103,LOW,LOW,LOW,2026-06-02,,true
12107,LOW,LOW,LOW,2026-06-02,,true
12118,LOW,LOW,LOW,2026-06-02,,true
12146,LOW,LOW,LOW,2026-06-02,,true
12150,LOW,LOW,LOW,2026-06-02,,true
12153,LOW,LOW,LOW,2026-06-02,,true
12155,LOW,LOW,LOW,2026-06-02,,true
12157,LOW,LOW,LOW,2026-06-02,,true
12158,LOW,LOW,LOW,2026-06-02,,true
12161,LOW,LOW,LOW,2026-06-02,,true
12169,LOW,LOW,LOW,2026-06-02,,true
12172,LOW,LOW,LOW,2026-06-02,,true
12175,LOW,LOW,LOW,2026-06-02,,true
12178,LOW,LOW,LOW,2026-06-02,,true
12181,LOW,LOW,LOW,2026-06-02,,true
12185,LOW,LOW,LOW,2026-06-02,,true
12188,LOW,LOW,LOW,2026-06-02,,true
12192,LOW,LOW,LOW,2026-06-02,,true
12196,LOW,LOW,LOW,2026-06-02,,true
12204,LOW,LOW,LOW,2026-06-02,,true
12205,LOW,LOW,LOW,2026-06-02,,true
12208,LOW,LOW,LOW,2026-06-02,,true
12211,LOW,LOW,LOW,2026-06-02,,true
12216,LOW,HIGH,LOW,2026-06-02,,true
12219,LOW,HIGH,LOW,2026-06-02,,true
12222,LOW,HIGH,LOW,2026-06-02,,true
12238,LOW,HIGH,LOW,2026-06-02,,true
12240,LOW,HIGH,LOW,2026-06-02,,true
12242,LOW,HIGH,LOW,2026-06-02,,true
12246,LOW,HIGH,LOW,2026-06-02,,true
12253,LOW,HIGH,LOW,2026-06-02,,true
12255,LOW,HIGH,LOW,2026-06-02,,true
12257,LOW,HIGH,LOW,2026-06-02,,true
12260,LOW,HIGH,LOW,2026-06-02,,true
12267,LOW,HIGH,LOW,2026-06-02,,true
12278,LOW,LOW,LOW,2026-06-02,,true
12281,LOW,LOW,LOW,2026-06-02,,true
12284,LOW,LOW,LOW,2026-06-02,,true
12286,LOW,LOW,LOW,2026-06-02,,true
12290,LOW,LOW,LOW,2026-06-02,,true
12291,LOW,LOW,LOW,2026-06-02,,true
12294,LOW,LOW,LOW,2026-06-02,,true
12296,LOW,LOW,LOW,2026-06-02,,true
12302,LOW,LOW,LOW,2026-06-02,,true
12306,LOW,LOW,LOW,2026-06-02,,true
12309,LOW,LOW,LOW,2026-06-02,,true
12310,LOW,LOW,LOW,2026-06-02,,true
12312,LOW,LOW,LOW,2026-06-02,,true
12314,LOW,LOW,LOW,2026-06-02,,true
12316,LOW,LOW,LOW,2026-06-02,,true
12319,LOW,LOW,LOW,2026-06-02,,true
12321,LOW,LOW,LOW,2026-06-02,,true
12323,LOW,LOW,LOW,2026-06-02,,true
12325,LOW,LOW,LOW,2026-06-02,,true
12328,LOW,LOW,LOW,2026-06-02,,true
12336,LOW,LOW,LOW,2026-06-02,,true
12345,LOW,HIGH,LOW,2026-06-02,,true
12346,LOW,HIGH,LOW,2026-06-02,,true
12362,LOW,HIGH,LOW,2026-06-02,,true
12364,LOW,HIGH,LOW,2026-06-02,,true
12377,LOW,HIGH,LOW,2026-06-02,,true
12385,LOW,HIGH,LOW,2026-06-02,,true
12398,LOW,HIGH,LOW,2026-06-02,,true
12399,LOW,HIGH,LOW,2026-06-02,,true
12400,LOW,HIGH,LOW,2026-06-02,,true
12405,LOW,LOW,LOW,2026-06-02,,true
12408,LOW,LOW,LOW,2026-06-02,,true
12411,LOW,LOW,LOW,2026-06-02,,true
12415,LOW,LOW,LOW,2026-06-02,,true
12430,LOW,LOW,LOW,2026-06-02,,true
12431,LOW,LOW,LOW,2026-06-02,,true
12433,LOW,LOW,LOW,2026-06-02,,true
12435,LOW,LOW,LOW,2026-06-02,,true
12437,LOW,LOW,LOW,2026-06-02,,true
12443,LOW,LOW,LOW,2026-06-02,,true
12445,LOW,LOW,LOW,2026-06-02,,true
12446,LOW,LOW,LOW,2026-06-02,,true
12449,LOW,LOW,LOW,2026-06-02,,true
12451,LOW,LOW,LOW,2026-06-02,,true
12454,LOW,LOW,LOW,2026-06-02,,true
12457,LOW,LOW,LOW,2026-06-02,,true
12458,LOW,LOW,LOW,2026-06-02,,true
12461,LOW,LOW,LOW,2026-06-02,,true
12465,LOW,LOW,LOW,2026-06-02,,true
12467,LOW,HIGH,LOW,2026-06-02,,true
12468,LOW,HIGH,LOW,2026-06-02,,true
12471,LOW,HIGH,LOW,2026-06-02,,true
12473,LOW,HIGH,LOW,2026-06-02,,true
12476,LOW,HIGH,LOW,2026-06-02,,true
12483,LOW,HIGH,LOW,2026-06-02,,true
12485,LOW,HIGH,LOW,2026-06-02,,true
12488,LOW,HIGH,LOW,2026-06-02,,true
12489,LOW,HIGH,LOW,2026-06-02,,true
12492,LOW,HIGH,LOW,2026-06-02,,true
12493,LOW,HIGH,LOW,2026-06-02,,true
12496,LOW,HIGH,LOW,2026-06-02,,true
12499,LOW,HIGH,LOW,2026-06-02,,true
12502,LOW,HIGH,LOW,2026-06-02,,true
12508,LOW,HIGH,LOW,2026-06-02,,true
12511,LOW,HIGH,LOW,2026-06-02,,true
12520,LOW,HIGH,LOW,2026-06-02,,true
12524,LOW,HIGH,LOW,2026-06-02,,true
12530,LOW,LOW,LOW,2026-06-02,,true
12535,LOW,LOW,LOW,2026-06-02,,true
12536,LOW,LOW,LOW,2026-06-02,,true
12537,LOW,LOW,LOW,2026-06-02,,true
12543,LOW,LOW,LOW,2026-06-02,,true
12560,LOW,LOW,LOW,2026-06-02,,true
12562,LOW,LOW,LOW,2026-06-02,,true
12569,LOW,LOW,LOW,2026-06-02,,true
12574,LOW,LOW,LOW,2026-06-02,,true
12576,LOW,LOW,LOW,2026-06-02,,true
12581,LOW,LOW,LOW,2026-06-02,,true
12596,LOW,HIGH,LOW,2026-06-02,,true
12597,LOW,HIGH,LOW,2026-06-02,,true
12600,LOW,HIGH,LOW,2026-06-02,,true
12610,LOW,HIGH,LOW,2026-06-02,,true
12612,LOW,HIGH,LOW,2026-06-02,,true
12615,LOW,HIGH,LOW,2026-06-02,,true
12616,LOW,HIGH,LOW,2026-06-02,,true
12617,LOW,HIGH,LOW,2026-06-02,,true
12618,LOW,HIGH,LOW,2026-06-02,,true
12622,LOW,HIGH,LOW,2026-06-02,,true
12623,LOW,HIGH,LOW,2026-06-02,,true
12629,LOW,HIGH,LOW,2026-06-02,,true
12635,LOW,HIGH,LOW,2026-06-02,,true
12638,LOW,HIGH,LOW,2026-06-02,,true
12641,LOW,HIGH,LOW,2026-06-02,,true
12646,LOW,HIGH,LOW,2026-06-02,,true
12648,LOW,HIGH,LOW,2026-06-02,,true
12649,LOW,HIGH,LOW,2026-06-02,,true
12655,LOW,LOW,LOW,2026-06-02,,true
12668,LOW,LOW,LOW,2026-06-02,,true
12669,LOW,LOW,LOW,2026-06-02,,true
12671,LOW,LOW,LOW,2026-06-02,,true
12677,LOW,LOW,LOW,2026-06-02,,true
12685,LOW,LOW,LOW,2026-06-02,,true
12686,LOW,LOW,LOW,2026-06-02,,true
12692,LOW,LOW,LOW,2026-06-02,,true
12698,LOW,LOW,LOW,2026-06-02,,true
12702,LOW,LOW,LOW,2026-06-02,,true
12704,LOW,LOW,LOW,2026-06-02,,true
12705,LOW,LOW,LOW,2026-06-02,,true
12709,LOW,LOW,LOW,2026-06-02,,true
12717,LOW,LOW,LOW,2026-06-02,,true
12718,LOW,LOW,LOW,2026-06-02,,true
12719,LOW,LOW,LOW,2026-06-02,,true
12720,LOW,LOW,LOW,2026-06-02,,true
12724,LOW,LOW,LOW,2026-06-02,,true
12729,LOW,LOW,LOW,2026-06-02,,true
12732,LOW,LOW,LOW,2026-06-02,,true
12740,LOW,LOW,LOW,2026-06-02,,true
12742,LOW,LOW,LOW,2026-06-02,,true
12748,LOW,LOW,LOW,2026-06-02,,true
12749,LOW,LOW,LOW,2026-06-02,,true
12765,LOW,HIGH,LOW,2026-06-02,,true
12769,LOW,HIGH,LOW,2026-06-02,,true
12775,LOW,HIGH,LOW,2026-06-02,,true
12782,LOW,HIGH,LOW,2026-06-02,,true
12792,LOW,HIGH,LOW,2026-06-02,,true
12798,LOW,HIGH,LOW,2026-06-02,,true
12801,LOW,HIGH,LOW,2026-06-02,,true
12813,LOW,HIGH,LOW,2026-06-02,,true
12814,LOW,HIGH,LOW,2026-06-02,,true
12816,LOW,HIGH,LOW,2026-06-02,,true
12824,LOW,HIGH,LOW,2026-06-02,,true
12831,LOW,LOW,LOW,2026-06-02,,true
12834,LOW,LOW,LOW,2026-06-02,,true
12835,LOW,LOW,LOW,2026-06-02,,true
12836,LOW,LOW,LOW,2026-06-02,,true
12838,LOW,LOW,LOW,2026-06-02,,true
12850,LOW,LOW,LOW,2026-06-02,,true
12851,LOW,LOW,LOW,2026-06-02,,true
12853,LOW,LOW,LOW,2026-06-02,,true
12863,LOW,LOW,LOW,2026-06-02,,true
12871,LOW,LOW,LOW,2026-06-02,,true
12872,LOW,LOW,LOW,2026-06-02,,true
12875,LOW,LOW,LOW,2026-06-02,,true
12876,LOW,LOW,LOW,2026-06-02,,true
12878,LOW,LOW,LOW,2026-06-02,,true
12883,LOW,LOW,LOW,2026-06-02,,true
12884,LOW,LOW,LOW,2026-06-02,,true
12893,LOW,LOW,LOW,2026-06-02,,true
12900,LOW,LOW,LOW,2026-06-02,,true
12902,LOW,LOW,LOW,2026-06-02,,true
12907,LOW,LOW,LOW,2026-06-02,,true
12910,LOW,LOW,LOW,2026-06-02,,true
12919,LOW,LOW,LOW,2026-06-02,,true
12927,LOW,LOW,LOW,2026-06-02,,true
12929,LOW,LOW,LOW,2026-06-02,,true
12938,LOW,HIGH,LOW,2026-06-02,,true
12939,LOW,HIGH,LOW,2026-06-02,,true
12940,LOW,HIGH,LOW,2026-06-02,,true
12942,LOW,HIGH,LOW,2026-06-02,,true
12944,LOW,HIGH,LOW,2026-06-02,,true
12946,LOW,HIGH,LOW,2026-06-02,,true
12951,LOW,HIGH,LOW,2026-06-02,,true
12952,LOW,HIGH,LOW,2026-06-02,,true
12954,LOW,HIGH,LOW,2026-06-02,,true
12955,LOW,HIGH,LOW,2026-06-02,,true
12960,LOW,HIGH,LOW,2026-06-02,,true
12962,LOW,HIGH,LOW,2026-06-02,,true
12964,LOW,HIGH,LOW,2026-06-02,,true
12966,LOW,HIGH,LOW,2026-06-02,,true
12972,LOW,HIGH,LOW,2026-06-02,,true
12981,LOW,HIGH,LOW,2026-06-02,,true
12984,LOW,HIGH,LOW,2026-06-02,,true
12997,LOW,HIGH,LOW,2026-06-02,,true
12999,LOW,HIGH,LOW,2026-06-02,,true
13004,LOW,HIGH,LOW,2026-06-02,,true
13006,LOW,HIGH,LOW,2026-06-02,,true
13012,LOW,HIGH,LOW,2026-06-02,,true
13017,LOW,HIGH,LOW,2026-06-02,,true
13019,LOW,HIGH,LOW,2026-06-02,,true
13025,LOW,HIGH,LOW,2026-06-02,,true
13030,LOW,HIGH,LOW,2026-06-02,,true
13034,LOW,HIGH,LOW,2026-06-02,,true
13038,LOW,LOW,LOW,2026-06-02,,true
13042,LOW,LOW,LOW,2026-06-02,,true
13047,LOW,LOW,LOW,2026-06-02,,true
13052,LOW,LOW,LOW,2026-06-02,,true
13056,LOW,LOW,LOW,2026-06-02,,true
13057,LOW,LOW,LOW,2026-06-02,,true
13058,LOW,LOW,LOW,2026-06-02,,true
13059,LOW,LOW,LOW,2026-06-02,,true
13061,LOW,LOW,LOW,2026-06-02,,true
13066,LOW,LOW,LOW,2026-06-02,,true
13070,LOW,LOW,LOW,2026-06-02,,true
13071,LOW,LOW,LOW,2026-06-02,,true
13079,LOW,LOW,LOW,2026-06-02,,true
13085,LOW,LOW,LOW,2026-06-02,,true
13088,LOW,LOW,LOW,2026-06-02,,true
13090,LOW,LOW,LOW,2026-06-02,,true
13091,LOW,LOW,LOW,2026-06-02,,true
13092,LOW,LOW,LOW,2026-06-02,,true
13099,LOW,LOW,LOW,2026-06-02,,true
13103,LOW,LOW,LOW,2026-06-02,,true
13108,LOW,LOW,LOW,2026-06-02,,true
13117,LOW,LOW,LOW,2026-06-02,,true
13118,LOW,LOW,LOW,2026-06-02,,true
13119,LOW,LOW,LOW,2026-06-02,,true
13120,LOW,LOW,LOW,2026-06-02,,true
13123,LOW,LOW,LOW,2026-06-02,,true
13124,LOW,LOW,LOW,2026-06-02,,true
13129,LOW,LOW,LOW,2026-06-02,,true
13144,LOW,LOW,LOW,2026-06-02,,true
13145,LOW,LOW,LOW,2026-06-02,,true
13148,LOW,LOW,LOW,2026-06-02,,true
13158,LOW,LOW,LOW,2026-06-02,,true
13159,LOW,LOW,LOW,2026-06-02,,true
13160,LOW,LOW,LOW,2026-06-02,,true
13161,LOW,LOW,LOW,2026-06-02,,true
13165,LOW,LOW,LOW,2026-06-02,,true
13166,LOW,LOW,LOW,2026-06-02,,true
13170,LOW,LOW,LOW,2026-06-02,,true
13171,LOW,LOW,LOW,2026-06-02,,true
13172,LOW,LOW,LOW,2026-06-02,,true
13177,LOW,LOW,LOW,2026-06-02,,true
13180,LOW,LOW,LOW,2026-06-02,,true
13183,LOW,LOW,LOW,2026-06-02,,true
13185,LOW,LOW,LOW,2026-06-02,,true
13186,LOW,LOW,LOW,2026-06-02,,true
13198,LOW,LOW,LOW,2026-06-02,,true
13204,LOW,LOW,LOW,2026-06-02,,true
13206,LOW,LOW,LOW,2026-06-02,,true
13213,LOW,LOW,LOW,2026-06-02,,true
13215,LOW,LOW,LOW,2026-06-02,,true
13216,LOW,LOW,LOW,2026-06-02,,true
13223,LOW,LOW,LOW,2026-06-02,,true
13225,LOW,LOW,LOW,2026-06-02,,true
13229,LOW,LOW,LOW,2026-06-02,,true
13230,LOW,LOW,LOW,2026-06-02,,true
13240,LOW,LOW,LOW,2026-06-02,,true
13244,LOW,LOW,LOW,2026-06-02,,true
13246,LOW,LOW,LOW,2026-06-02,,true
13247,LOW,LOW,LOW,2026-06-02,,true
13249,LOW,LOW,LOW,2026-06-02,,true
13250,LOW,LOW,LOW,2026-06-02,,true
13253,LOW,LOW,LOW,2026-06-02,,true
13261,LOW,LOW,LOW,2026-06-02,,true
13262,LOW,LOW,LOW,2026-06-02,,true
13268,LOW,LOW,LOW,2026-06-02,,true
13281,LOW,LOW,LOW,2026-06-02,,true
13284,LOW,LOW,LOW,2026-06-02,,true
13285,LOW,LOW,LOW,2026-06-02,,true
13287,LOW,LOW,LOW,2026-06-02,,true
13288,LOW,LOW,LOW,2026-06-02,,true
13295,LOW,LOW,LOW,2026-06-02,,true
13297,LOW,LOW,LOW,2026-06-02,,true
13301,LOW,LOW,LOW,2026-06-02,,true
13304,LOW,LOW,LOW,2026-06-02,,true
13307,LOW,LOW,LOW,2026-06-02,,true
13313,LOW,LOW,LOW,2026-06-02,,true
13316,LOW,LOW,LOW,2026-06-02,,true
13338,LOW,LOW,LOW,2026-06-02,,true
13342,LOW,LOW,LOW,2026-06-02,,true
13344,LOW,LOW,LOW,2026-06-02,,true
13345,LOW,LOW,LOW,2026-06-02,,true
13348,LOW,LOW,LOW,2026-06-02,,true
13351,LOW,LOW,LOW,2026-06-02,,true
13352,LOW,LOW,LOW,2026-06-02,,true
13357,LOW,LOW,LOW,2026-06-02,,true
13361,LOW,LOW,LOW,2026-06-02,,true
13362,LOW,LOW,LOW,2026-06-02,,true
13368,LOW,LOW,LOW,2026-06-02,,true
13373,LOW,LOW,LOW,2026-06-02,,true
13375,LOW,LOW,LOW,2026-06-02,,true
13380,LOW,LOW,LOW,2026-06-02,,true
13391,LOW,LOW,LOW,2026-06-02,,true
13392,LOW,LOW,LOW,2026-06-02,,true
13402,LOW,LOW,LOW,2026-06-02,,true
13406,LOW,LOW,LOW,2026-06-02,,true
13407,LOW,LOW,LOW,2026-06-02,,true
13411,LOW,LOW,LOW,2026-06-02,,true
13416,LOW,LOW,LOW,2026-06-02,,true
13419,LOW,LOW,LOW,2026-06-02,,true
13421,LOW,LOW,LOW,2026-06-02,,true
13422,LOW,LOW,LOW,2026-06-02,,true
13425,LOW,LOW,LOW,2026-06-02,,true
13427,LOW,LOW,LOW,2026-06-02,,true
13428,LOW,LOW,LOW,2026-06-02,,true
13429,LOW,LOW,LOW,2026-06-02,,true
13430,LOW,LOW,LOW,2026-06-02,,true
13431,LOW,LOW,LOW,2026-06-02,,true
13444,LOW,LOW,LOW,2026-06-02,,true
13455,LOW,LOW,LOW,2026-06-02,,true
13460,LOW,HIGH,LOW,2026-06-02,,true
13468,LOW,HIGH,LOW,2026-06-02,,true
13470,LOW,HIGH,LOW,2026-06-02,,true
13471,LOW,HIGH,LOW,2026-06-02,,true
13481,LOW,HIGH,LOW,2026-06-02,,true
13488,LOW,HIGH,LOW,2026-06-02,,true
13490,LOW,HIGH,LOW,2026-06-02,,true
13492,LOW,HIGH,LOW,2026-06-02,,true
13494,LOW,HIGH,LOW,2026-06-02,,true
13495,LOW,HIGH,LOW,2026-06-02,,true
13496,LOW,HIGH,LOW,2026-06-02,,true
13499,LOW,HIGH,LOW,2026-06-02,,true
13500,LOW,HIGH,LOW,2026-06-02,,true
13503,LOW,HIGH,LOW,2026-06-02,,true
13507,LOW,HIGH,LOW,2026-06-02,,true
13509,LOW,HIGH,LOW,2026-06-02,,true
13510,LOW,HIGH,LOW,2026-06-02,,true
13511,LOW,HIGH,LOW,2026-06-02,,true
13513,LOW,HIGH,LOW,2026-06-02,,true
13520,LOW,LOW,LOW,2026-06-02,,true
13521,LOW,LOW,LOW,2026-06-02,,true
13524,LOW,LOW,LOW,2026-06-02,,true
13525,LOW,LOW,LOW,2026-06-02,,true
13526,LOW,LOW,LOW,2026-06-02,,true
13528,LOW,LOW,LOW,2026-06-02,,true
13530,LOW,LOW,LOW,2026-06-02,,true
13532,LOW,LOW,LOW,2026-06-02,,true
13535,LOW,LOW,LOW,2026-06-02,,true
13547,LOW,LOW,LOW,2026-06-02,,true
13551,LOW,LOW,LOW,2026-06-02,,true
13553,LOW,LOW,LOW,2026-06-02,,true
13556,LOW,LOW,LOW,2026-06-02,,true
13562,LOW,LOW,LOW,2026-06-02,,true
13564,LOW,LOW,LOW,2026-06-02,,true
13566,LOW,LOW,LOW,2026-06-02,,true
13567,LOW,LOW,LOW,2026-06-02,,true
13577,LOW,LOW,LOW,2026-06-02,,true
13583,LOW,LOW,LOW,2026-06-02,,true
13586,LOW,LOW,LOW,2026-06-02,,true
13591,LOW,LOW,LOW,2026-06-02,,true
13592,LOW,LOW,LOW,2026-06-02,,true
13597,LOW,LOW,LOW,2026-06-02,,true
13599,LOW,LOW,LOW,2026-06-02,,true
13602,LOW,LOW,LOW,2026-06-02,,true
13605,LOW,LOW,LOW,2026-06-02,,true
13636,LOW,LOW,LOW,2026-06-02,,true
13638,LOW,LOW,LOW,2026-06-02,,true
13640,LOW,LOW,LOW,2026-06-02,,true
13643,LOW,LOW,LOW,2026-06-02,,true
13644,LOW,LOW,LOW,2026-06-02,,true
13645,LOW,LOW,LOW,2026-06-02,,true
13646,LOW,LOW,LOW,2026-06-02,,true
13651,LOW,LOW,LOW,2026-06-02,,true
13652,LOW,LOW,LOW,2026-06-02,,true
13654,LOW,LOW,LOW,2026-06-02,,true
13657,LOW,LOW,LOW,2026-06-02,,true
13660,LOW,LOW,LOW,2026-06-02,,true
13663,LOW,LOW,LOW,2026-06-02,,true
13667,LOW,LOW,LOW,2026-06-02,,true
13669,LOW,LOW,LOW,2026-06-02,,true
13684,LOW,LOW,LOW,2026-06-02,,true
13685,LOW,LOW,LOW,2026-06-02,,true
13687,LOW,LOW,LOW,2026-06-02,,true
13692,LOW,HIGH,LOW,2026-06-02,,true
13701,LOW,HIGH,LOW,2026-06-02,,true
13705,LOW,HIGH,LOW,2026-06-02,,true
13715,LOW,HIGH,LOW,2026-06-02,,true
13717,LOW,HIGH,LOW,2026-06-02,,true
13718,LOW,HIGH,LOW,2026-06-02,,true
13720,LOW,HIGH,LOW,2026-06-02,,true
13727,LOW,HIGH,LOW,2026-06-02,,true
13728,LOW,HIGH,LOW,2026-06-02,,true
13736,LOW,HIGH,LOW,2026-06-02,,true
13739,LOW,HIGH,LOW,2026-06-02,,true
13743,LOW,HIGH,LOW,2026-06-02,,true
13748,LOW,HIGH,LOW,2026-06-02,,true
13754,LOW,HIGH,LOW,2026-06-02,,true
13762,LOW,HIGH,LOW,2026-06-02,,true
13763,LOW,HIGH,LOW,2026-06-02,,true
13766,LOW,HIGH,LOW,2026-06-02,,true
13770,LOW,HIGH,LOW,2026-06-02,,true
13771,LOW,HIGH,LOW,2026-06-02,,true
13776,LOW,HIGH,LOW,2026-06-02,,true
13777,LOW,HIGH,LOW,2026-06-02,,true
13782,LOW,HIGH,LOW,2026-06-02,,true
13785,LOW,HIGH,LOW,2026-06-02,,true
13788,LOW,HIGH,LOW,2026-06-02,,true
13789,LOW,HIGH,LOW,2026-06-02,,true
13790,LOW,HIGH,LOW,2026-06-02,,true
13792,LOW,HIGH,LOW,2026-06-02,,true
13795,LOW,HIGH,LOW,2026-06-02,,true
13800,LOW,HIGH,LOW,2026-06-02,,true
13801,LOW,HIGH,LOW,2026-06-02,,true
13802,LOW,HIGH,LOW,2026-06-02,,true
13804,LOW,HIGH,LOW,2026-06-02,,true
13807,LOW,HIGH,LOW,2026-06-02,,true
13808,LOW,HIGH,LOW,2026-06-02,,true
13810,LOW,HIGH,LOW,2026-06-02,,true
13814,LOW,HIGH,LOW,2026-06-02,,true
13816,LOW,HIGH,LOW,2026-06-02,,true
13817,LOW,HIGH,LOW,2026-06-02,,true
13820,LOW,HIGH,LOW,2026-06-02,,true
13830,LOW,HIGH,LOW,2026-06-02,,true
13831,LOW,HIGH,LOW,2026-06-02,,true
13837,LOW,HIGH,LOW,2026-06-02,,true
13838,LOW,HIGH,LOW,2026-06-02,,true
13840,LOW,HIGH,LOW,2026-06-02,,true
13844,LOW,HIGH,LOW,2026-06-02,,true
13858,LOW,LOW,LOW,2026-06-02,,true
13859,LOW,LOW,LOW,2026-06-02,,true
13862,LOW,LOW,LOW,2026-06-02,,true
13871,LOW,LOW,LOW,2026-06-02,,true
13873,LOW,LOW,LOW,2026-06-02,,true
13874,LOW,LOW,LOW,2026-06-02,,true
13878,LOW,LOW,LOW,2026-06-02,,true
13880,LOW,LOW,LOW,2026-06-02,,true
13881,LOW,LOW,LOW,2026-06-02,,true
13882,LOW,LOW,LOW,2026-06-02,,true
13885,LOW,LOW,LOW,2026-06-02,,true
13887,LOW,LOW,LOW,2026-06-02,,true
13889,LOW,LOW,LOW,2026-06-02,,true
13891,LOW,LOW,LOW,2026-06-02,,true
13895,LOW,LOW,LOW,2026-06-02,,true
13896,LOW,LOW,LOW,2026-06-02,,true
13901,LOW,LOW,LOW,2026-06-02,,true
13902,LOW,LOW,LOW,2026-06-02,,true
13905,LOW,LOW,LOW,2026-06-02,,true
13906,LOW,LOW,LOW,2026-06-02,,true
13909,LOW,LOW,LOW,2026-06-02,,true
13920,LOW,LOW,LOW,2026-06-02,,true
13926,LOW,LOW,LOW,2026-06-02,,true
13932,LOW,LOW,LOW,2026-06-02,,true
13947,LOW,LOW,LOW,2026-06-02,,true
13948,LOW,LOW,LOW,2026-06-02,,true
13959,LOW,LOW,LOW,2026-06-02,,true
13962,LOW,LOW,LOW,2026-06-02,,true
13964,LOW,LOW,LOW,2026-06-02,,true
13966,LOW,LOW,LOW,2026-06-02,,true
13973,LOW,LOW,LOW,2026-06-02,,true
13981,LOW,LOW,LOW,2026-06-02,,true
13988,LOW,LOW,LOW,2026-06-02,,true
13990,LOW,LOW,LOW,2026-06-02,,true
13991,LOW,LOW,LOW,2026-06-02,,true
13994,LOW,LOW,LOW,2026-06-02,,true
13997,LOW,LOW,LOW,2026-06-02,,true
14000,LOW,LOW,LOW,2026-06-02,,true
14005,LOW,HIGH,LOW,2026-06-02,,true
14007,LOW,HIGH,LOW,2026-06-02,,true
14009,LOW,HIGH,LOW,2026-06-02,,true
14014,LOW,HIGH,LOW,2026-06-02,,true
14015,LOW,HIGH,LOW,2026-06-02,,true
14016,LOW,HIGH,LOW,2026-06-02,,true
14018,LOW,HIGH,LOW,2026-06-02,,true
14019,LOW,HIGH,LOW,2026-06-02,,true
14021,LOW,HIGH,LOW,2026-06-02,,true
14025,LOW,HIGH,LOW,2026-06-02,,true
14038,LOW,HIGH,LOW,2026-06-02,,true
14039,LOW,HIGH,LOW,2026-06-02,,true
14040,LOW,HIGH,LOW,2026-06-02,,true
14043,LOW,HIGH,LOW,2026-06-02,,true
14045,LOW,HIGH,LOW,2026-06-02,,true
14047,LOW,HIGH,LOW,2026-06-02,,true
14050,LOW,HIGH,LOW,2026-06-02,,true
14053,LOW,HIGH,LOW,2026-06-02,,true
14056,LOW,HIGH,LOW,2026-06-02,,true
14059,LOW,HIGH,LOW,2026-06-02,,true
14060,LOW,HIGH,LOW,2026-06-02,,true
14064,LOW,LOW,LOW,2026-06-02,,true
14067,LOW,LOW,LOW,2026-06-02,,true
14069,LOW,LOW,LOW,2026-06-02,,true
14074,LOW,LOW,LOW,2026-06-02,,true
14075,LOW,LOW,LOW,2026-06-02,,true
14089,LOW,LOW,LOW,2026-06-02,,true
14095,LOW,LOW,LOW,2026-06-02,,true
14096,LOW,LOW,LOW,2026-06-02,,true
14099,LOW,LOW,LOW,2026-06-02,,true
14101,LOW,LOW,LOW,2026-06-02,,true
14102,LOW,LOW,LOW,2026-06-02,,true
14105,LOW,LOW,LOW,2026-06-02,,true
14113,LOW,LOW,LOW,2026-06-02,,true
14127,LOW,LOW,LOW,2026-06-02,,true
14130,LOW,HIGH,LOW,2026-06-02,,true
14137,LOW,HIGH,LOW,2026-06-02,,true
14139,LOW,HIGH,LOW,2026-06-02,,true
14140,LOW,HIGH,LOW,2026-06-02,,true
14143,LOW,HIGH,LOW,2026-06-02,,true
14144,LOW,HIGH,LOW,2026-06-02,,true
14145,LOW,HIGH,LOW,2026-06-02,,true
14147,LOW,HIGH,LOW,2026-06-02,,true
14148,LOW,HIGH,LOW,2026-06-02,,true
14149,LOW,HIGH,LOW,2026-06-02,,true
14151,LOW,HIGH,LOW,2026-06-02,,true
14152,LOW,HIGH,LOW,2026-06-02,,true
14153,LOW,HIGH,LOW,2026-06-02,,true
14165,LOW,HIGH,LOW,2026-06-02,,true
14167,LOW,HIGH,LOW,2026-06-02,,true
14168,LOW,HIGH,LOW,2026-06-02,,true
14176,LOW,HIGH,LOW,2026-06-02,,true
14178,LOW,HIGH,LOW,2026-06-02,,true
14179,LOW,HIGH,LOW,2026-06-02,,true
14180,LOW,HIGH,LOW,2026-06-02,,true
14181,LOW,HIGH,LOW,2026-06-02,,true
14182,LOW,HIGH,LOW,2026-06-02,,true
14186,LOW,HIGH,LOW,2026-06-02,,true
14191,LOW,LOW,LOW,2026-06-02,,true
14200,LOW,LOW,LOW,2026-06-02,,true
14203,LOW,LOW,LOW,2026-06-02,,true
14211,LOW,LOW,LOW,2026-06-02,,true
14216,LOW,LOW,LOW,2026-06-02,,true
14219,LOW,LOW,LOW,2026-06-02,,true
14221,LOW,LOW,LOW,2026-06-02,,true
14224,LOW,LOW,LOW,2026-06-02,,true
14231,LOW,LOW,LOW,2026-06-02,,true
14237,LOW,LOW,LOW,2026-06-02,,true
14238,LOW,LOW,LOW,2026-06-02,,true
14239,LOW,LOW,LOW,2026-06-02,,true
14240,LOW,LOW,LOW,2026-06-02,,true
14242,LOW,LOW,LOW,2026-06-02,,true
14243,LOW,LOW,LOW,2026-06-02,,true
14249,LOW,LOW,LOW,2026-06-02,,true
14256,LOW,LOW,LOW,2026-06-02,,true
14283,LOW,HIGH,LOW,2026-06-02,,true
14290,LOW,HIGH,LOW,2026-06-02,,true
14295,LOW,HIGH,LOW,2026-06-02,,true
14296,LOW,HIGH,LOW,2026-06-02,,true
14299,LOW,HIGH,LOW,2026-06-02,,true
14300,LOW,HIGH,LOW,2026-06-02,,true
14305,LOW,HIGH,LOW,2026-06-02,,true
14317,LOW,HIGH,LOW,2026-06-02,,true
14318,LOW,HIGH,LOW,2026-06-02,,true
14322,LOW,HIGH,LOW,2026-06-02,,true
14323,LOW,HIGH,LOW,2026-06-02,,true
14327,LOW,HIGH,LOW,2026-06-02,,true
14330,LOW,HIGH,LOW,2026-06-02,,true
14332,LOW,HIGH,LOW,2026-06-02,,true
14334,LOW,HIGH,LOW,2026-06-02,,true
14335,LOW,HIGH,LOW,2026-06-02,,true
14339,LOW,HIGH,LOW,2026-06-02,,true
14343,LOW,HIGH,LOW,2026-06-02,,true
14344,LOW,HIGH,LOW,2026-06-02,,true
14345,LOW,HIGH,LOW,2026-06-02,,true
14356,LOW,HIGH,LOW,2026-06-02,,true
14371,LOW,HIGH,LOW,2026-06-02,,true
14376,LOW,HIGH,LOW,2026-06-02,,true
14382,LOW,HIGH,LOW,2026-06-02,,true
14385,LOW,HIGH,LOW,2026-06-02,,true
14387,LOW,HIGH,LOW,2026-06-02,,true
14393,LOW,LOW,LOW,2026-06-02,,true
14397,LOW,LOW,LOW,2026-06-02,,true
14402,LOW,LOW,LOW,2026-06-02,,true
14404,LOW,LOW,LOW,2026-06-02,,true
14408,LOW,LOW,LOW,2026-06-02,,true
14410,LOW,LOW,LOW,2026-06-02,,true
14411,LOW,LOW,LOW,2026-06-02,,true
14412,LOW,LOW,LOW,2026-06-02,,true
14415,LOW,LOW,LOW,2026-06-02,,true
14417,LOW,LOW,LOW,2026-06-02,,true
14418,LOW,LOW,LOW,2026-06-02,,true
14420,LOW,LOW,LOW,2026-06-02,,true
14421,LOW,LOW,LOW,2026-06-02,,true
14429,LOW,LOW,LOW,2026-06-02,,true
14430,LOW,LOW,LOW,2026-06-02,,true
14432,LOW,LOW,LOW,2026-06-02,,true
14442,LOW,LOW,LOW,2026-06-02,,true
14449,LOW,LOW,LOW,2026-06-02,,true
14454,LOW,LOW,LOW,2026-06-02,,true
14466,LOW,LOW,LOW,2026-06-02,,true
14469,LOW,LOW,LOW,2026-06-02,,true
14470,LOW,LOW,LOW,2026-06-02,,true
14471,LOW,LOW,LOW,2026-06-02,,true
14473,LOW,LOW,LOW,2026-06-02,,true
14474,LOW,LOW,LOW,2026-06-02,,true
14475,LOW,LOW,LOW,2026-06-02,,true
14477,LOW,LOW,LOW,2026-06-02,,true
14479,LOW,LOW,LOW,2026-06-02,,true
14489,LOW,LOW,LOW,2026-06-02,,true
14494,LOW,LOW,LOW,2026-06-02,,true
14496,LOW,LOW,LOW,2026-06-02,,true
14500,LOW,LOW,LOW,2026-06-02,,true
14505,LOW,LOW,LOW,2026-06-02,,true
14511,LOW,LOW,LOW,2026-06-02,,true
14517,LOW,LOW,LOW,2026-06-02,,true
14536,LOW,LOW,LOW,2026-06-02,,true
14545,LOW,LOW,LOW,2026-06-02,,true
14546,LOW,LOW,LOW,2026-06-02,,true
14549,LOW,LOW,LOW,2026-06-02,,true
14550,LOW,LOW,LOW,2026-06-02,,true
14553,LOW,LOW,LOW,2026-06-02,,true
14554,LOW,LOW,LOW,2026-06-02,,true
14556,LOW,LOW,LOW,2026-06-02,,true
14557,LOW,LOW,LOW,2026-06-02,,true
14558,LOW,LOW,LOW,2026-06-02,,true
14560,LOW,LOW,LOW,2026-06-02,,true
14562,LOW,LOW,LOW,2026-06-02,,true
14563,LOW,LOW,LOW,2026-06-02,,true
14565,LOW,LOW,LOW,2026-06-02,,true
14574,LOW,LOW,LOW,2026-06-02,,true
14576,LOW,LOW,LOW,2026-06-02,,true
14583,LOW,LOW,LOW,2026-06-02,,true
14586,LOW,LOW,LOW,2026-06-02,,true
14592,LOW,LOW,LOW,2026-06-02,,true
14594,LOW,LOW,LOW,2026-06-02,,true
14598,LOW,LOW,LOW,2026-06-02,,true
14600,LOW,LOW,LOW,2026-06-02,,true
14601,LOW,LOW,LOW,2026-06-02,,true
14606,LOW,LOW,LOW,2026-06-02,,true
14613,LOW,LOW,LOW,2026-06-02,,true
14615,LOW,LOW,LOW,2026-06-02,,true
14620,LOW,LOW,LOW,2026-06-02,,true
14622,LOW,LOW,LOW,2026-06-02,,true
14623,LOW,LOW,LOW,2026-06-02,,true
14625,LOW,LOW,LOW,2026-06-02,,true
14630,LOW,LOW,LOW,2026-06-02,,true
14631,LOW,LOW,LOW,2026-06-02,,true
14636,LOW,LOW,LOW,2026-06-02,,true
14639,LOW,LOW,LOW,2026-06-02,,true
14645,LOW,HIGH,LOW,2026-06-02,,true
14646,LOW,HIGH,LOW,2026-06-02,,true
14647,LOW,HIGH,LOW,2026-06-02,,true
14649,LOW,HIGH,LOW,2026-06-02,,true
14650,LOW,HIGH,LOW,2026-06-02,,true
14655,LOW,HIGH,LOW,2026-06-02,,true
14658,LOW,HIGH,HIGH,2026-06-02,,true
14664,LOW,HIGH,HIGH,2026-06-02,,true
14670,LOW,HIGH,HIGH,2026-06-02,,true
14673,LOW,HIGH,HIGH,2026-06-02,,true
14675,LOW,HIGH,HIGH,2026-06-02,,true
14682,LOW,HIGH,HIGH,2026-06-02,,true
14683,LOW,HIGH,HIGH,2026-06-02,,true
14684,HIGH,LOW,HIGH,2026-06-02,,true
14689,HIGH,LOW,HIGH,2026-06-02,,true
14700,LOW,LOW,LOW,2026-06-02,,true
14705,LOW,LOW,LOW,2026-06-02,,true
14708,LOW,LOW,LOW,2026-06-02,,true
14714,LOW,LOW,LOW,2026-06-02,,true
14715,LOW,LOW,LOW,2026-06-02,,true
14721,LOW,LOW,LOW,2026-06-02,,true
14729,LOW,LOW,LOW,2026-06-02,,true
14732,LOW,LOW,LOW,2026-06-02,,true
14733,LOW,LOW,LOW,2026-06-02,,true
14735,LOW,LOW,LOW,2026-06-02,,true
14740,LOW,LOW,LOW,2026-06-02,,true
14745,LOW,LOW,LOW,2026-06-02,,true
14756,LOW,LOW,LOW,2026-06-02,,true
14757,LOW,LOW,LOW,2026-06-02,,true
14769,LOW,HIGH,LOW,2026-06-02,,true
14772,LOW,HIGH,LOW,2026-06-02,,true
14773,LOW,HIGH,LOW,2026-06-02,,true
14782,LOW,HIGH,LOW,2026-06-02,,true
14785,LOW,HIGH,LOW,2026-06-02,,true
14787,LOW,HIGH,LOW,2026-06-02,,true
14791,LOW,HIGH,LOW,2026-06-02,,true
14796,LOW,HIGH,HIGH,2026-06-02,,true
14797,LOW,HIGH,LOW,2026-06-02,,true
14799,LOW,HIGH,LOW,2026-06-02,,true
14801,LOW,HIGH,LOW,2026-06-02,,true
14804,LOW,HIGH,LOW,2026-06-02,,true
14808,LOW,HIGH,LOW,2026-06-02,,true
14826,LOW,LOW,LOW,2026-06-02,,true
14831,LOW,LOW,LOW,2026-06-02,,true
14836,LOW,LOW,LOW,2026-06-02,,true
14837,LOW,LOW,LOW,2026-06-02,,true
14838,LOW,LOW,LOW,2026-06-02,,true
14839,LOW,LOW,LOW,2026-06-02,,true
14840,LOW,LOW,LOW,2026-06-02,,true
14849,LOW,LOW,LOW,2026-06-02,,true
14852,LOW,LOW,LOW,2026-06-02,,true
14854,LOW,LOW,LOW,2026-06-02,,true
14859,LOW,LOW,LOW,2026-06-02,,true
14860,LOW,LOW,LOW,2026-06-02,,true
14862,LOW,LOW,LOW,2026-06-02,,true
14864,LOW,LOW,LOW,2026-06-02,,true
14866,LOW,LOW,LOW,2026-06-02,,true
14872,LOW,LOW,LOW,2026-06-02,,true
14876,LOW,LOW,LOW,2026-06-02,,true
14878,LOW,LOW,LOW,2026-06-02,,true
14880,LOW,LOW,LOW,2026-06-02,,true
14893,LOW,LOW,LOW,2026-06-02,,true
14898,LOW,LOW,LOW,2026-06-02,,true
14902,LOW,LOW,LOW,2026-06-02,,true
14919,LOW,LOW,LOW,2026-06-02,,true
14921,LOW,LOW,LOW,2026-06-02,,true
14922,LOW,LOW,LOW,2026-06-02,,true
14924,LOW,LOW,LOW,2026-06-02,,true
14925,LOW,LOW,LOW,2026-06-02,,true
14936,LOW,LOW,LOW,2026-06-02,,true
14940,LOW,LOW,LOW,2026-06-02,,true
14946,LOW,LOW,LOW,2026-06-02,,true
14948,LOW,LOW,LOW,2026-06-02,,true
14954,LOW,LOW,LOW,2026-06-02,,true
14956,LOW,LOW,LOW,2026-06-02,,true
14964,LOW,LOW,LOW,2026-06-02,,true
14966,LOW,LOW,LOW,2026-06-02,,true
14973,LOW,LOW,LOW,2026-06-02,,true
14978,LOW,LOW,LOW,2026-06-02,,true
14985,LOW,LOW,LOW,2026-06-02,,true
14987,LOW,LOW,LOW,2026-06-02,,true
14988,LOW,LOW,LOW,2026-06-02,,true
14991,LOW,LOW,LOW,2026-06-02,,true
14997,LOW,LOW,LOW,2026-06-02,,true
15001,LOW,LOW,LOW,2026-06-02,,true
15002,LOW,LOW,LOW,2026-06-02,,true
15004,LOW,LOW,LOW,2026-06-02,,true
15006,LOW,LOW,LOW,2026-06-02,,true
15010,LOW,LOW,LOW,2026-06-02,,true
15012,LOW,LOW,LOW,2026-06-02,,true
15014,LOW,LOW,LOW,2026-06-02,,true
15016,LOW,LOW,LOW,2026-06-02,,true
15017,LOW,HIGH,LOW,2026-06-02,,true
15020,LOW,HIGH,LOW,2026-06-02,,true
15021,LOW,HIGH,LOW,2026-06-02,,true
15032,LOW,HIGH,LOW,2026-06-02,,true
15035,LOW,HIGH,LOW,2026-06-02,,true
15041,LOW,HIGH,LOW,2026-06-02,,true
15045,LOW,HIGH,LOW,2026-06-02,,true
15051,LOW,HIGH,LOW,2026-06-02,,true
15053,LOW,HIGH,LOW,2026-06-02,,true
15060,LOW,HIGH,LOW,2026-06-02,,true
15073,LOW,HIGH,LOW,2026-06-02,,true
15074,LOW,HIGH,LOW,2026-06-02,,true
15076,LOW,HIGH,LOW,2026-06-02,,true
15086,LOW,LOW,LOW,2026-06-02,,true
15096,LOW,LOW,LOW,2026-06-02,,true
15104,LOW,LOW,LOW,2026-06-02,,true
15106,LOW,LOW,LOW,2026-06-02,,true
15114,LOW,LOW,LOW,2026-06-02,,true
15116,LOW,LOW,LOW,2026-06-02,,true
15129,LOW,LOW,LOW,2026-06-02,,true
15134,LOW,LOW,LOW,2026-06-02,,true
15143,LOW,LOW,LOW,2026-06-02,,true
15146,LOW,LOW,LOW,2026-06-02,,true
15148,LOW,LOW,LOW,2026-06-02,,true
15149,LOW,LOW,LOW,2026-06-02,,true
15154,LOW,LOW,LOW,2026-06-02,,true
15159,LOW,LOW,LOW,2026-06-02,,true
15161,LOW,LOW,LOW,2026-06-02,,true
15167,LOW,LOW,LOW,2026-06-02,,true
15174,LOW,LOW,LOW,2026-06-02,,true
15176,LOW,LOW,LOW,2026-06-02,,true
15177,LOW,LOW,LOW,2026-06-02,,true
15178,LOW,LOW,LOW,2026-06-02,,true
15184,LOW,LOW,LOW,2026-06-02,,true
15185,LOW,LOW,LOW,2026-06-02,,true
15187,LOW,LOW,LOW,2026-06-02,,true
15189,LOW,LOW,LOW,2026-06-02,,true
15191,LOW,LOW,LOW,2026-06-02,,true
15195,LOW,LOW,LOW,2026-06-02,,true
15196,LOW,LOW,LOW,2026-06-02,,true
15197,LOW,LOW,LOW,2026-06-02,,true
15198,LOW,LOW,LOW,2026-06-02,,true
15203,LOW,LOW,LOW,2026-06-02,,true
15206,LOW,LOW,LOW,2026-06-02,,true
15210,LOW,LOW,LOW,2026-06-02,,true
15220,LOW,LOW,LOW,2026-06-02,,true
15224,LOW,LOW,LOW,2026-06-02,,true
15226,LOW,LOW,LOW,2026-06-02,,true
15227,LOW,LOW,LOW,2026-06-02,,true
15230,LOW,LOW,LOW,2026-06-02,,true
15231,LOW,LOW,LOW,2026-06-02,,true
15233,LOW,LOW,LOW,2026-06-02,,true
15235,LOW,LOW,LOW,2026-06-02,,true
15245,LOW,LOW,LOW,2026-06-02,,true
15257,LOW,LOW,LOW,2026-06-02,,true
15261,LOW,LOW,LOW,2026-06-02,,true
15263,LOW,LOW,LOW,2026-06-02,,true
15276,LOW,LOW,LOW,2026-06-02,,true
15281,LOW,LOW,LOW,2026-06-02,,true
15287,LOW,LOW,LOW,2026-06-02,,true
15292,LOW,LOW,LOW,2026-06-02,,true
15294,LOW,LOW,LOW,2026-06-02,,true
15295,LOW,LOW,LOW,2026-06-02,,true
15299,LOW,LOW,LOW,2026-06-02,,true
15302,LOW,HIGH,LOW,2026-06-02,,true
15304,LOW,HIGH,LOW,2026-06-02,,true
15307,LOW,HIGH,LOW,2026-06-02,,true
15308,LOW,HIGH,LOW,2026-06-02,,true
15310,LOW,HIGH,LOW,2026-06-02,,true
15312,LOW,HIGH,LOW,2026-06-02,,true
15319,LOW,HIGH,LOW,2026-06-02,,true
15323,LOW,HIGH,LOW,2026-06-02,,true
15325,LOW,HIGH,LOW,2026-06-02,,true
15335,LOW,HIGH,LOW,2026-06-02,,true
15337,LOW,HIGH,LOW,2026-06-02,,true
15338,LOW,HIGH,LOW,2026-06-02,,true
15343,LOW,HIGH,LOW,2026-06-02,,true
15351,LOW,HIGH,LOW,2026-06-02,,true
15360,LOW,HIGH,LOW,2026-06-02,,true
15376,LOW,LOW,LOW,2026-06-02,,true
15378,LOW,LOW,LOW,2026-06-02,,true
15379,LOW,LOW,LOW,2026-06-02,,true
15380,LOW,LOW,LOW,2026-06-02,,true
15382,LOW,LOW,LOW,2026-06-02,,true
15387,LOW,LOW,LOW,2026-06-02,,true
15388,LOW,LOW,LOW,2026-06-02,,true
15389,LOW,LOW,LOW,2026-06-02,,true
15390,LOW,LOW,LOW,2026-06-02,,true
15394,LOW,LOW,LOW,2026-06-02,,true
15397,LOW,LOW,LOW,2026-06-02,,true
15401,LOW,LOW,LOW,2026-06-02,,true
15402,LOW,LOW,LOW,2026-06-02,,true
15406,LOW,LOW,LOW,2026-06-02,,true
15407,LOW,LOW,LOW,2026-06-02,,true
15411,LOW,LOW,LOW,2026-06-02,,true
15412,LOW,LOW,LOW,2026-06-02,,true
15421,LOW,LOW,LOW,2026-06-02,,true
15424,LOW,LOW,LOW,2026-06-02,,true
15425,LOW,LOW,LOW,2026-06-02,,true
15426,LOW,LOW,LOW,2026-06-02,,true
15427,LOW,LOW,LOW,2026-06-02,,true
15433,LOW,LOW,LOW,2026-06-02,,true
15436,LOW,LOW,LOW,2026-06-02,,true
15444,LOW,LOW,LOW,2026-06-02,,true
15445,LOW,LOW,LOW,2026-06-02,,true
15446,LOW,LOW,LOW,2026-06-02,,true
15450,LOW,LOW,LOW,2026-06-02,,true
15456,LOW,LOW,LOW,2026-06-02,,true
15461,LOW,LOW,LOW,2026-06-02,,true
15462,LOW,LOW,LOW,2026-06-02,,true
15463,LOW,LOW,LOW,2026-06-02,,true
15464,LOW,LOW,LOW,2026-06-02,,true
15467,LOW,LOW,LOW,2026-06-02,,true
15473,LOW,LOW,LOW,2026-06-02,,true
15482,LOW,LOW,LOW,2026-06-02,,true
15490,LOW,LOW,LOW,2026-06-02,,true
15495,LOW,LOW,LOW,2026-06-02,,true
15496,LOW,LOW,LOW,2026-06-02,,true
15502,LOW,LOW,LOW,2026-06-02,,true
15512,LOW,LOW,LOW,2026-06-02,,true
15517,LOW,LOW,LOW,2026-06-02,,true
15519,LOW,HIGH,LOW,2026-06-02,,true
15521,LOW,HIGH,LOW,2026-06-02,,true
15522,LOW,HIGH,LOW,2026-06-02,,true
15528,LOW,HIGH,LOW,2026-06-02,,true
15532,LOW,HIGH,LOW,2026-06-02,,true
15537,LOW,HIGH,LOW,2026-06-02,,true
15538,LOW,HIGH,LOW,2026-06-02,,true
15540,LOW,HIGH,LOW,2026-06-02,,true
15542,LOW,HIGH,LOW,2026-06-02,,true
15543,LOW,HIGH,LOW,2026-06-02,,true
15546,LOW,HIGH,LOW,2026-06-02,,true
15550,LOW,HIGH,LOW,2026-06-02,,true
15552,LOW,HIGH,LOW,2026-06-02,,true
15558,LOW,HIGH,LOW,2026-06-02,,true
15560,LOW,HIGH,LOW,2026-06-02,,true
15563,LOW,HIGH,LOW,2026-06-02,,true
15564,LOW,HIGH,LOW,2026-06-02,,true
15565,LOW,HIGH,LOW,2026-06-02,,true
15570,LOW,HIGH,LOW,2026-06-02,,true
15571,LOW,HIGH,LOW,2026-06-02,,true
15573,LOW,HIGH,LOW,2026-06-02,,true
15579,LOW,LOW,LOW,2026-06-02,,true
15580,LOW,LOW,LOW,2026-06-02,,true
15584,LOW,LOW,LOW,2026-06-02,,true
15585,LOW,LOW,LOW,2026-06-02,,true
15586,LOW,LOW,LOW,2026-06-02,,true
15587,LOW,LOW,LOW,2026-06-02,,true
15590,LOW,LOW,LOW,2026-06-02,,true
15593,LOW,LOW,LOW,2026-06-02,,true
15596,LOW,LOW,LOW,2026-06-02,,true
15597,LOW,LOW,LOW,2026-06-02,,true
15605,LOW,LOW,LOW,2026-06-02,,true
15620,LOW,LOW,LOW,2026-06-02,,true
15621,LOW,LOW,LOW,2026-06-02,,true
15622,LOW,LOW,LOW,2026-06-02,,true
15624,LOW,LOW,LOW,2026-06-02,,true
15626,LOW,LOW,LOW,2026-06-02,,true
15632,LOW,LOW,LOW,2026-06-02,,true
15636,LOW,LOW,LOW,2026-06-02,,true
15637,LOW,LOW,LOW,2026-06-02,,true
15646,LOW,LOW,LOW,2026-06-02,,true
15650,LOW,LOW,LOW,2026-06-02,,true
15654,LOW,LOW,LOW,2026-06-02,,true
15663,LOW,LOW,LOW,2026-06-02,,true
15664,LOW,LOW,LOW,2026-06-02,,true
15675,LOW,LOW,LOW,2026-06-02,,true
15676,LOW,LOW,LOW,2026-06-02,,true
15679,LOW,LOW,LOW,2026-06-02,,true
15681,LOW,LOW,LOW,2026-06-02,,true
15683,LOW,LOW,LOW,2026-06-02,,true
15687,LOW,LOW,LOW,2026-06-02,,true
15689,LOW,LOW,LOW,2026-06-02,,true
15693,LOW,LOW,LOW,2026-06-02,,true
15694,LOW,LOW,LOW,2026-06-02,,true
15697,LOW,LOW,LOW,2026-06-02,,true
15698,LOW,LOW,LOW,2026-06-02,,true
15705,LOW,LOW,LOW,2026-06-02,,true
15712,LOW,LOW,LOW,2026-06-02,,true
15714,LOW,LOW,LOW,2026-06-02,,true
15715,LOW,LOW,LOW,2026-06-02,,true
15717,LOW,LOW,LOW,2026-06-02,,true
15719,LOW,LOW,LOW,2026-06-02,,true
15721,LOW,LOW,LOW,2026-06-02,,true
15723,LOW,LOW,LOW,2026-06-02,,true
15724,LOW,LOW,LOW,2026-06-02,,true
15729,LOW,LOW,LOW,2026-06-02,,true
15742,LOW,LOW,LOW,2026-06-02,,true
15746,LOW,LOW,LOW,2026-06-02,,true
15749,LOW,LOW,LOW,2026-06-02,,true
15750,LOW,LOW,LOW,2026-06-02,,true
15754,LOW,LOW,LOW,2026-06-02,,true
15758,LOW,LOW,LOW,2026-06-02,,true
15769,LOW,HIGH,LOW,2026-06-02,,true
15771,LOW,HIGH,LOW,2026-06-02,,true
15774,LOW,HIGH,LOW,2026-06-02,,true
15778,LOW,HIGH,LOW,2026-06-02,,true
15783,LOW,HIGH,LOW,2026-06-02,,true
15786,LOW,HIGH,LOW,2026-06-02,,true
15787,LOW,HIGH,LOW,2026-06-02,,true
15788,LOW,HIGH,LOW,2026-06-02,,true
15795,LOW,HIGH,LOW,2026-06-02,,true
15801,LOW,HIGH,LOW,2026-06-02,,true
15804,LOW,HIGH,LOW,2026-06-02,,true
15806,LOW,HIGH,LOW,2026-06-02,,true
15807,LOW,HIGH,LOW,2026-06-02,,true
15810,LOW,HIGH,LOW,2026-06-02,,true
15812,LOW,HIGH,LOW,2026-06-02,,true
15820,LOW,HIGH,LOW,2026-06-02,,true
15821,LOW,HIGH,LOW,2026-06-02,,true
15823,LOW,HIGH,LOW,2026-06-02,,true
15824,LOW,HIGH,LOW,2026-06-02,,true
15826,LOW,HIGH,LOW,2026-06-02,,true
15833,LOW,HIGH,LOW,2026-06-02,,true
15834,LOW,HIGH,LOW,2026-06-02,,true
15835,LOW,HIGH,LOW,2026-06-02,,true
15836,LOW,HIGH,LOW,2026-06-02,,true
15837,LOW,HIGH,LOW,2026-06-02,,true
15840,LOW,HIGH,LOW,2026-06-02,,true
15845,LOW,HIGH,LOW,2026-06-02,,true
15847,LOW,HIGH,LOW,2026-06-02,,true
15850,LOW,HIGH,LOW,2026-06-02,,true
15870,LOW,LOW,LOW,2026-06-02,,true
15874,LOW,LOW,LOW,2026-06-02,,true
15875,LOW,LOW,LOW,2026-06-02,,true
15878,LOW,LOW,LOW,2026-06-02,,true
15885,LOW,LOW,LOW,2026-06-02,,true
15887,LOW,LOW,LOW,2026-06-02,,true
15888,LOW,LOW,LOW,2026-06-02,,true
15905,LOW,LOW,LOW,2026-06-02,,true
15906,LOW,LOW,LOW,2026-06-02,,true
15907,LOW,LOW,LOW,2026-06-02,,true
15908,LOW,LOW,LOW,2026-06-02,,true
15909,LOW,LOW,LOW,2026-06-02,,true
15910,LOW,LOW,LOW,2026-06-02,,true
15911,LOW,LOW,LOW,2026-06-02,,true
15914,LOW,LOW,LOW,2026-06-02,,true
15915,LOW,LOW,LOW,2026-06-02,,true
15924,LOW,LOW,LOW,2026-06-02,,true
15928,LOW,LOW,LOW,2026-06-02,,true
15933,LOW,LOW,LOW,2026-06-02,,true
15935,LOW,LOW,LOW,2026-06-02,,true
15939,LOW,LOW,LOW,2026-06-02,,true
15940,LOW,LOW,LOW,2026-06-02,,true
15942,LOW,LOW,LOW,2026-06-02,,true
15943,LOW,LOW,LOW,2026-06-02,,true
15946,LOW,LOW,LOW,2026-06-02,,true
15948,LOW,LOW,LOW,2026-06-02,,true
15955,LOW,LOW,LOW,2026-06-02,,true
15960,LOW,LOW,LOW,2026-06-02,,true
15971,LOW,LOW,LOW,2026-06-02,,true
15976,LOW,LOW,LOW,2026-06-02,,true
15979,LOW,LOW,LOW,2026-06-02,,true
15982,LOW,LOW,LOW,2026-06-02,,true
15983,LOW,LOW,LOW,2026-06-02,,true
15989,LOW,LOW,LOW,2026-06-02,,true
15995,LOW,LOW,LOW,2026-06-02,,true
16008,LOW,LOW,LOW,2026-06-02,,true
16015,LOW,LOW,LOW,2026-06-02,,true
16021,LOW,LOW,LOW,2026-06-02,,true
16024,LOW,LOW,LOW,2026-06-02,,true
16026,LOW,LOW,LOW,2026-06-02,,true
16030,LOW,LOW,LOW,2026-06-02,,true
16031,LOW,LOW,LOW,2026-06-02,,true
16036,LOW,LOW,LOW,2026-06-02,,true
16042,LOW,LOW,LOW,2026-06-02,,true
16044,LOW,LOW,LOW,2026-06-02,,true
16048,LOW,LOW,LOW,2026-06-02,,true
16055,LOW,LOW,LOW,2026-06-02,,true
16063,LOW,LOW,LOW,2026-06-02,,true
16066,LOW,LOW,LOW,2026-06-02,,true
16068,LOW,LOW,LOW,2026-06-02,,true
16072,LOW,LOW,LOW,2026-06-02,,true
16079,LOW,LOW,LOW,2026-06-02,,true
16083,LOW,LOW,LOW,2026-06-02,,true
16093,LOW,HIGH,LOW,2026-06-02,,true
16095,LOW,HIGH,LOW,2026-06-02,,true
16101,LOW,HIGH,LOW,2026-06-02,,true
16102,LOW,HIGH,LOW,2026-06-02,,true
16107,LOW,HIGH,LOW,2026-06-02,,true
16111,LOW,HIGH,LOW,2026-06-02,,true
16114,LOW,HIGH,LOW,2026-06-02,,true
16117,LOW,HIGH,LOW,2026-06-02,,true
16120,LOW,HIGH,LOW,2026-06-02,,true
16122,LOW,HIGH,LOW,2026-06-02,,true
16124,LOW,LOW,LOW,2026-06-02,,true
16126,LOW,LOW,LOW,2026-06-02,,true
16130,LOW,LOW,LOW,2026-06-02,,true
16146,LOW,LOW,LOW,2026-06-02,,true
16153,LOW,LOW,LOW,2026-06-02,,true
16160,LOW,LOW,LOW,2026-06-02,,true
16162,LOW,LOW,LOW,2026-06-02,,true
16165,LOW,LOW,LOW,2026-06-02,,true
16168,LOW,LOW,LOW,2026-06-02,,true
16170,LOW,LOW,LOW,2026-06-02,,true
16171,LOW,LOW,LOW,2026-06-02,,true
16174,LOW,LOW,LOW,2026-06-02,,true
16176,LOW,LOW,LOW,2026-06-02,,true
16179,LOW,LOW,LOW,2026-06-02,,true
16181,LOW,LOW,LOW,2026-06-02,,true
16182,LOW,LOW,LOW,2026-06-02,,true
16192,LOW,HIGH,LOW,2026-06-02,,true
16196,LOW,HIGH,LOW,2026-06-02,,true
16197,LOW,HIGH,LOW,2026-06-02,,true
16201,LOW,HIGH,LOW,2026-06-02,,true
16203,LOW,HIGH,LOW,2026-06-02,,true
16204,LOW,HIGH,LOW,2026-06-02,,true
16208,LOW,HIGH,LOW,2026-06-02,,true
16209,LOW,HIGH,LOW,2026-06-02,,true
16214,LOW,HIGH,LOW,2026-06-02,,true
16224,LOW,HIGH,LOW,2026-06-02,,true
16227,LOW,HIGH,LOW,2026-06-02,,true
16238,LOW,HIGH,LOW,2026-06-02,,true
16252,LOW,LOW,LOW,2026-06-02,,true
16266,LOW,LOW,LOW,2026-06-02,,true
16268,LOW,LOW,LOW,2026-06-02,,true
16270,LOW,LOW,LOW,2026-06-02,,true
16277,LOW,LOW,LOW,2026-06-02,,true
16279,LOW,LOW,LOW,2026-06-02,,true
16286,LOW,LOW,LOW,2026-06-02,,true
16298,LOW,LOW,LOW,2026-06-02,,true
16299,LOW,LOW,LOW,2026-06-02,,true
16303,LOW,LOW,LOW,2026-06-02,,true
16304,LOW,LOW,LOW,2026-06-02,,true
16309,LOW,LOW,LOW,2026-06-02,,true
16315,LOW,HIGH,LOW,2026-06-02,,true
16319,LOW,HIGH,LOW,2026-06-02,,true
16327,LOW,HIGH,LOW,2026-06-02,,true
16331,LOW,HIGH,LOW,2026-06-02,,true
16333,LOW,HIGH,LOW,2026-06-02,,true
16334,LOW,HIGH,LOW,2026-06-02,,true
16335,LOW,HIGH,LOW,2026-06-02,,true
16348,LOW,HIGH,LOW,2026-06-02,,true
16351,LOW,HIGH,LOW,2026-06-02,,true
16354,LOW,HIGH,LOW,2026-06-02,,true
16358,LOW,HIGH,LOW,2026-06-02,,true
16362,LOW,HIGH,LOW,2026-06-02,,true
16363,LOW,HIGH,LOW,2026-06-02,,true
16366,LOW,HIGH,LOW,2026-06-02,,true
16371,LOW,HIGH,LOW,2026-06-02,,true
16373,LOW,HIGH,LOW,2026-06-02,,true
16376,LOW,LOW,LOW,2026-06-02,,true
16378,LOW,LOW,LOW,2026-06-02,,true
16379,LOW,LOW,LOW,2026-06-02,,true
16381,LOW,LOW,LOW,2026-06-02,,true
16389,LOW,LOW,LOW,2026-06-02,,true
16398,LOW,LOW,LOW,2026-06-02,,true
16413,LOW,LOW,LOW,2026-06-02,,true
16414,LOW,LOW,LOW,2026-06-02,,true
16421,LOW,LOW,LOW,2026-06-02,,true
16425,LOW,LOW,LOW,2026-06-02,,true
16428,LOW,LOW,LOW,2026-06-02,,true
16430,LOW,LOW,LOW,2026-06-02,,true
16433,LOW,LOW,LOW,2026-06-02,,true
16435,LOW,LOW,LOW,2026-06-02,,true
16439,LOW,LOW,LOW,2026-06-02,,true
16443,LOW,HIGH,LOW,2026-06-02,,true
16446,LOW,HIGH,LOW,2026-06-02,,true
16448,LOW,HIGH,LOW,2026-06-02,,true
16449,LOW,HIGH,LOW,2026-06-02,,true
16450,LOW,HIGH,LOW,2026-06-02,,true
16461,LOW,HIGH,LOW,2026-06-02,,true
16462,LOW,HIGH,LOW,2026-06-02,,true
16465,LOW,HIGH,LOW,2026-06-02,,true
16466,LOW,HIGH,LOW,2026-06-02,,true
16468,LOW,HIGH,LOW,2026-06-02,,true
16469,LOW,HIGH,LOW,2026-06-02,,true
16470,LOW,HIGH,LOW,2026-06-02,,true
16473,LOW,HIGH,LOW,2026-06-02,,true
16487,LOW,HIGH,LOW,2026-06-02,,true
16504,LOW,LOW,LOW,2026-06-02,,true
16505,LOW,LOW,LOW,2026-06-02,,true
16515,LOW,LOW,LOW,2026-06-02,,true
16520,LOW,LOW,LOW,2026-06-02,,true
16521,LOW,LOW,LOW,2026-06-02,,true
16532,LOW,LOW,LOW,2026-06-02,,true
16536,LOW,LOW,LOW,2026-06-02,,true
16540,LOW,LOW,LOW,2026-06-02,,true
16541,LOW,LOW,LOW,2026-06-02,,true
16542,LOW,LOW,LOW,2026-06-02,,true
16544,LOW,LOW,LOW,2026-06-02,,true
16546,LOW,LOW,LOW,2026-06-02,,true
16548,LOW,LOW,LOW,2026-06-02,,true
16554,LOW,LOW,LOW,2026-06-02,,true
16555,LOW,LOW,LOW,2026-06-02,,true
16556,LOW,LOW,LOW,2026-06-02,,true
16559,LOW,LOW,LOW,2026-06-02,,true
16563,LOW,LOW,LOW,2026-06-02,,true
16581,LOW,LOW,LOW,2026-06-02,,true
16582,LOW,LOW,LOW,2026-06-02,,true
16583,LOW,LOW,LOW,2026-06-02,,true
16587,LOW,LOW,LOW,2026-06-02,,true
16593,LOW,HIGH,LOW,2026-06-02,,true
16599,LOW,HIGH,LOW,2026-06-02,,true
16613,LOW,HIGH,LOW,2026-06-02,,true
16617,LOW,HIGH,LOW,2026-06-02,,true
16622,LOW,HIGH,LOW,2026-06-02,,true
16625,LOW,HIGH,LOW,2026-06-02,,true
16626,LOW,HIGH,LOW,2026-06-02,,true
16632,LOW,LOW,LOW,2026-06-02,,true
16633,LOW,LOW,LOW,2026-06-02,,true
16643,LOW,LOW,LOW,2026-06-02,,true
16646,LOW,LOW,LOW,2026-06-02,,true
16652,LOW,LOW,LOW,2026-06-02,,true
16654,LOW,LOW,LOW,2026-06-02,,true
16655,LOW,LOW,LOW,2026-06-02,,true
16657,LOW,LOW,LOW,2026-06-02,,true
16665,LOW,LOW,LOW,2026-06-02,,true
16666,LOW,LOW,LOW,2026-06-02,,true
16681,LOW,LOW,LOW,2026-06-02,,true
16683,LOW,LOW,LOW,2026-06-02,,true
16686,LOW,LOW,LOW,2026-06-02,,true
16688,LOW,LOW,LOW,2026-06-02,,true
16693,LOW,LOW,LOW,2026-06-02,,true
16705,LOW,LOW,LOW,2026-06-02,,true
16706,LOW,LOW,LOW,2026-06-02,,true
16711,LOW,LOW,LOW,2026-06-02,,true
16716,LOW,LOW,LOW,2026-06-02,,true
16719,LOW,LOW,LOW,2026-06-02,,true
16722,LOW,LOW,LOW,2026-06-02,,true
16723,LOW,LOW,LOW,2026-06-02,,true
16727,LOW,LOW,LOW,2026-06-02,,true
16728,LOW,LOW,LOW,2026-06-02,,true
16730,LOW,LOW,LOW,2026-06-02,,true
16734,LOW,LOW,LOW,2026-06-02,,true
16737,LOW,LOW,LOW,2026-06-02,,true
16742,LOW,HIGH,LOW,2026-06-02,,true
16744,LOW,HIGH,LOW,2026-06-02,,true
16746,LOW,HIGH,LOW,2026-06-02,,true
16749,LOW,HIGH,LOW,2026-06-02,,true
16753,LOW,HIGH,LOW,2026-06-02,,true
16756,LOW,HIGH,LOW,2026-06-02,,true
16767,LOW,HIGH,LOW,2026-06-02,,true
16770,LOW,HIGH,LOW,2026-06-02,,true
16776,LOW,HIGH,LOW,2026-06-02,,true
16778,LOW,HIGH,LOW,2026-06-02,,true
16781,LOW,HIGH,LOW,2026-06-02,,true
16782,LOW,HIGH,LOW,2026-06-02,,true
16785,LOW,HIGH,LOW,2026-06-02,,true
16789,LOW,HIGH,LOW,2026-06-02,,true
16790,LOW,HIGH,LOW,2026-06-02,,true
16793,LOW,HIGH,LOW,2026-06-02,,true
16801,LOW,LOW,LOW,2026-06-02,,true
16803,LOW,LOW,LOW,2026-06-02,,true
16804,LOW,LOW,LOW,2026-06-02,,true
16805,LOW,LOW,LOW,2026-06-02,,true
16814,LOW,LOW,LOW,2026-06-02,,true
16817,LOW,LOW,LOW,2026-06-02,,true
16818,LOW,LOW,LOW,2026-06-02,,true
16819,LOW,LOW,LOW,2026-06-02,,true
16823,LOW,LOW,LOW,2026-06-02,,true
16829,LOW,LOW,LOW,2026-06-02,,true
16830,LOW,LOW,LOW,2026-06-02,,true
16833,LOW,LOW,LOW,2026-06-02,,true
16836,LOW,LOW,LOW,2026-06-02,,true
16837,LOW,LOW,LOW,2026-06-02,,true
16838,LOW,LOW,LOW,2026-06-02,,true
16839,LOW,LOW,LOW,2026-06-02,,true
16843,LOW,LOW,LOW,2026-06-02,,true
16850,LOW,LOW,LOW,2026-06-02,,true
16852,LOW,LOW,LOW,2026-06-02,,true
16855,LOW,LOW,LOW,2026-06-02,,true
16864,LOW,LOW,LOW,2026-06-02,,true
16866,LOW,HIGH,LOW,2026-06-02,,true
16868,LOW,HIGH,LOW,2026-06-02,,true
16879,LOW,HIGH,LOW,2026-06-02,,true
16887,LOW,HIGH,LOW,2026-06-02,,true
16895,LOW,HIGH,LOW,2026-06-02,,true
16897,LOW,HIGH,LOW,2026-06-02,,true
16908,LOW,HIGH,LOW,2026-06-02,,true
16909,LOW,HIGH,LOW,2026-06-02,,true
16923,LOW,HIGH,LOW,2026-06-02,,true
16925,LOW,HIGH,LOW,2026-06-02,,true
16927,LOW,LOW,LOW,2026-06-02,,true
16928,LOW,LOW,LOW,2026-06-02,,true
16930,LOW,LOW,LOW,2026-06-02,,true
16931,LOW,LOW,LOW,2026-06-02,,true
16932,LOW,LOW,LOW,2026-06-02,,true
16933,LOW,LOW,LOW,2026-06-02,,true
16935,LOW,LOW,LOW,2026-06-02,,true
16939,LOW,LOW,LOW,2026-06-02,,true
16941,LOW,LOW,LOW,2026-06-02,,true
16949,LOW,LOW,LOW,2026-06-02,,true
16952,LOW,LOW,LOW,2026-06-02,,true
16953,LOW,LOW,LOW,2026-06-02,,true
16957,LOW,LOW,LOW,2026-06-02,,true
16965,LOW,LOW,LOW,2026-06-02,,true
16968,LOW,LOW,LOW,2026-06-02,,true
16975,LOW,LOW,LOW,2026-06-02,,true
16976,LOW,LOW,LOW,2026-06-02,,true
16978,LOW,LOW,LOW,2026-06-02,,true
16979,LOW,LOW,LOW,2026-06-02,,true
16983,LOW,LOW,LOW,2026-06-02,,true
16991,LOW,LOW,LOW,2026-06-02,,true
16992,LOW,LOW,LOW,2026-06-02,,true
16998,LOW,LOW,LOW,2026-06-02,,true
17006,LOW,LOW,LOW,2026-06-02,,true
17018,LOW,LOW,LOW,2026-06-02,,true
17022,LOW,LOW,LOW,2026-06-02,,true
17023,LOW,LOW,LOW,2026-06-02,,true
17024,LOW,LOW,LOW,2026-06-02,,true
17042,LOW,LOW,LOW,2026-06-02,,true
17047,LOW,LOW,LOW,2026-06-02,,true
17057,LOW,LOW,LOW,2026-06-02,,true
17059,LOW,LOW,LOW,2026-06-02,,true
17061,LOW,LOW,LOW,2026-06-02,,true
17063,LOW,LOW,LOW,2026-06-02,,true
17066,LOW,LOW,LOW,2026-06-02,,true
17067,LOW,LOW,LOW,2026-06-02,,true
17074,LOW,LOW,LOW,2026-06-02,,true
17077,LOW,LOW,LOW,2026-06-02,,true
17079,LOW,LOW,LOW,2026-06-02,,true
17081,LOW,LOW,LOW,2026-06-02,,true
17084,LOW,LOW,LOW,2026-06-02,,true
17085,LOW,LOW,LOW,2026-06-02,,true
17091,LOW,LOW,LOW,2026-06-02,,true
17093,LOW,LOW,LOW,2026-06-02,,true
17100,LOW,LOW,LOW,2026-06-02,,true
17105,LOW,LOW,LOW,2026-06-02,,true
17107,LOW,LOW,LOW,2026-06-02,,true
17110,LOW,LOW,LOW,2026-06-02,,true
17119,LOW,LOW,LOW,2026-06-02,,true
17120,LOW,LOW,LOW,2026-06-02,,true
17121,LOW,LOW,LOW,2026-06-02,,true
17123,LOW,LOW,LOW,2026-06-02,,true
17128,LOW,LOW,LOW,2026-06-02,,true
17138,LOW,LOW,LOW,2026-06-02,,true
17140,LOW,LOW,LOW,2026-06-02,,true
17142,LOW,LOW,LOW,2026-06-02,,true
17144,LOW,LOW,LOW,2026-06-02,,true
17145,LOW,LOW,LOW,2026-06-02,,true
17155,LOW,LOW,LOW,2026-06-02,,true
17160,LOW,LOW,LOW,2026-06-02,,true
17164,LOW,LOW,LOW,2026-06-02,,true
17165,LOW,LOW,LOW,2026-06-02,,true
17169,LOW,LOW,LOW,2026-06-02,,true
17170,LOW,LOW,LOW,2026-06-02,,true
17171,LOW,LOW,LOW,2026-06-02,,true
17173,LOW,LOW,LOW,2026-06-02,,true
17174,LOW,LOW,LOW,2026-06-02,,true
17178,LOW,LOW,LOW,2026-06-02,,true
17179,LOW,LOW,LOW,2026-06-02,,true
17185,LOW,LOW,LOW,2026-06-02,,true
17187,LOW,LOW,LOW,2026-06-02,,true
17188,LOW,LOW,LOW,2026-06-02,,true
17198,LOW,LOW,LOW,2026-06-02,,true
17199,LOW,LOW,LOW,2026-06-02,,true
17207,LOW,LOW,LOW,2026-06-02,,true
17210,LOW,LOW,LOW,2026-06-02,,true
17211,LOW,LOW,LOW,2026-06-02,,true
17216,LOW,LOW,LOW,2026-06-02,,true
17217,LOW,LOW,LOW,2026-06-02,,true
17218,LOW,LOW,LOW,2026-06-02,,true
17219,LOW,LOW,LOW,2026-06-02,,true
17224,LOW,LOW,LOW,2026-06-02,,true
17225,LOW,LOW,LOW,2026-06-02,,true
17227,LOW,LOW,LOW,2026-06-02,,true
17238,LOW,LOW,LOW,2026-06-02,,true
17239,LOW,LOW,LOW,2026-06-02,,true
17245,LOW,LOW,LOW,2026-06-02,,true
17246,LOW,LOW,LOW,2026-06-02,,true
17248,LOW,LOW,LOW,2026-06-02,,true
17249,LOW,LOW,LOW,2026-06-02,,true
17250,LOW,LOW,LOW,2026-06-02,,true
17255,LOW,LOW,LOW,2026-06-02,,true
17259,LOW,LOW,LOW,2026-06-02,,true
17262,LOW,LOW,LOW,2026-06-02,,true
17265,LOW,LOW,LOW,2026-06-02,,true
